provider,query_id,run,rank,title,url,domain,snippet,published_date,latency_ms,raw_file
tinyfish,q01,1,1,Effectiveness of the Recombinant Zoster Vaccine in Adults ...,https://pmc.ncbi.nlm.nih.gov/articles/PMC8442779/,pmc.ncbi.nlm.nih.gov,"Recombinant zoster vaccine effectiveness was 85.5% (95% CI, 83.5–87.3%) overall, with an effectiveness of 86.8% (95% CI, 84.6–88.7%) in individuals 50 to 79 ...",,2089.2,results/tinyfish/q01_run1.json
tinyfish,q01,1,2,Recombinant Zoster Vaccine Confers Long-Term Protection in ...,https://www.vaccineadvisor.com/news/recombinant-zoster-vaccine-confers-long-term-protection-in-older-adults/,www.vaccineadvisor.com,Results of two phase 3 trials showed that an adjuvanted recombinant zoster vaccine had high protective efficacy against herpes zoster infection ...,,2089.2,results/tinyfish/q01_run1.json
tinyfish,q01,1,3,Efficacy of an Adjuvanted Herpes Zoster Subunit Vaccine in ...,https://www.nejm.org/doi/full/10.1056/NEJMoa1501184,www.nejm.org,"However, its efficacy against herpes zoster decreased with age (from 69.8% in adults between the ages of 50 and 59 years to 37.6% in those ≥70 ...",,2089.2,results/tinyfish/q01_run1.json
tinyfish,q01,1,4,Recombinant Zoster Vaccine (RZV) and Herpes Zoster ... - CDC,https://www.cdc.gov/acip/grade/herpes-zoster.html,www.cdc.gov,The evidence type for use of recombinant zoster vaccine in immunocompetent adults aged 50 years and older was determined to be type 1 (high level of evidence).,,2089.2,results/tinyfish/q01_run1.json
tinyfish,q01,1,5,Efficacy and Effectiveness of the Recombinant Zoster Vaccine ...,https://pmc.ncbi.nlm.nih.gov/articles/PMC13581344/,pmc.ncbi.nlm.nih.gov,"RZV provides very high protection against HZ in immunocompetent adults ≥ 50 years in RCTs, with approximately 95% efficacy and high certainty ...",,2089.2,results/tinyfish/q01_run1.json
tinyfish,q01,1,6,Real-world Effectiveness of the Adjuvanted Recombinant ...,https://academic.oup.com/jid/article/232/6/e931/8230148,academic.oup.com,P-19 The Adjuvanted Recombinant Zoster Vaccine Is Effective in Preventing Herpes Zoster (HZ) Among Patients ≥50 Years of Age (YOA) With ... · · ·,,2089.2,results/tinyfish/q01_run1.json
tinyfish,q01,1,7,"SHINGRIX (Zoster Vaccine Recombinant, Adjuvanted)",https://shingrixhcp.com/efficacy-safety/efficacy-data/,shingrixhcp.com,"EFFICACY AGAINST SHINGLES BY AGE IN ADULTS ≥50 YEARS OLD ; 50-59 years old · 96.6%. (95% CI: 89.6, 99.3). 3 (3492) ; 60-69 years old · 97.4%. (95% CI: 90.1, 99.7).",,2089.2,results/tinyfish/q01_run1.json
tinyfish,q01,1,8,Effectiveness of the Recombinant Zoster Vaccine in Adults ...,https://escholarship.org/uc/item/9qz70837,escholarship.org,"Recombinant zoster vaccine effectiveness was 85.5% (95% CI, 83.5-87.3%) overall, with an effectiveness of 86.8% (95% CI, 84.6-88.7%) in individuals 50 to 79 ...",,2089.2,results/tinyfish/q01_run1.json
tinyfish,q01,1,9,Effectiveness of the Adjuvanted Recombinant Zoster Vaccine in ...,https://pubmed.ncbi.nlm.nih.gov/40581370/,pubmed.ncbi.nlm.nih.gov,"Conclusions: Two doses of RZV were effective in preventing HZ and PHN in adults aged ≥50 years, with durable protection. These findings ...",,2089.2,results/tinyfish/q01_run1.json
tinyfish,q01,1,10,Effectiveness of the Adjuvanted Recombinant Zoster Vaccine in ...,https://www.kp-scalresearch.org/publications/effectiveness-of-the-adjuvanted-recombinant-zoster-vaccine-in-adults-%E2%89%A550-years-in-the-united-states/,www.kp-scalresearch.org,Effectiveness of the Adjuvanted Recombinant Zoster Vaccine in Adults ≥50 Years in the United States. Share. About Us · Investigators · Research · News ...,,2089.2,results/tinyfish/q01_run1.json
tinyfish,q01,2,1,Effectiveness of the Recombinant Zoster Vaccine in Adults ...,https://pmc.ncbi.nlm.nih.gov/articles/PMC8442779/,pmc.ncbi.nlm.nih.gov,"Recombinant zoster vaccine effectiveness was 85.5% (95% CI, 83.5–87.3%) overall, with an effectiveness of 86.8% (95% CI, 84.6–88.7%) in individuals 50 to 79 ...",,1089.15,results/tinyfish/q01_run2.json
tinyfish,q01,2,2,Recombinant Zoster Vaccine Confers Long-Term Protection in ...,https://www.vaccineadvisor.com/news/recombinant-zoster-vaccine-confers-long-term-protection-in-older-adults/,www.vaccineadvisor.com,Results of two phase 3 trials showed that an adjuvanted recombinant zoster vaccine had high protective efficacy against herpes zoster infection ...,,1089.15,results/tinyfish/q01_run2.json
tinyfish,q01,2,3,Efficacy of an Adjuvanted Herpes Zoster Subunit Vaccine in ...,https://www.nejm.org/doi/full/10.1056/NEJMoa1501184,www.nejm.org,"However, its efficacy against herpes zoster decreased with age (from 69.8% in adults between the ages of 50 and 59 years to 37.6% in those ≥70 ...",,1089.15,results/tinyfish/q01_run2.json
tinyfish,q01,2,4,Recombinant Zoster Vaccine (RZV) and Herpes Zoster ... - CDC,https://www.cdc.gov/acip/grade/herpes-zoster.html,www.cdc.gov,The evidence type for use of recombinant zoster vaccine in immunocompetent adults aged 50 years and older was determined to be type 1 (high level of evidence).,,1089.15,results/tinyfish/q01_run2.json
tinyfish,q01,2,5,Efficacy and Effectiveness of the Recombinant Zoster Vaccine ...,https://pmc.ncbi.nlm.nih.gov/articles/PMC13581344/,pmc.ncbi.nlm.nih.gov,"RZV provides very high protection against HZ in immunocompetent adults ≥ 50 years in RCTs, with approximately 95% efficacy and high certainty ...",,1089.15,results/tinyfish/q01_run2.json
tinyfish,q01,2,6,Real-world Effectiveness of the Adjuvanted Recombinant ...,https://academic.oup.com/jid/article/232/6/e931/8230148,academic.oup.com,P-19 The Adjuvanted Recombinant Zoster Vaccine Is Effective in Preventing Herpes Zoster (HZ) Among Patients ≥50 Years of Age (YOA) With ... · · ·,,1089.15,results/tinyfish/q01_run2.json
tinyfish,q01,2,7,"SHINGRIX (Zoster Vaccine Recombinant, Adjuvanted)",https://shingrixhcp.com/efficacy-safety/efficacy-data/,shingrixhcp.com,"EFFICACY AGAINST SHINGLES BY AGE IN ADULTS ≥50 YEARS OLD ; 50-59 years old · 96.6%. (95% CI: 89.6, 99.3). 3 (3492) ; 60-69 years old · 97.4%. (95% CI: 90.1, 99.7).",,1089.15,results/tinyfish/q01_run2.json
tinyfish,q01,2,8,Effectiveness of the Recombinant Zoster Vaccine in Adults ...,https://escholarship.org/uc/item/9qz70837,escholarship.org,"Recombinant zoster vaccine effectiveness was 85.5% (95% CI, 83.5-87.3%) overall, with an effectiveness of 86.8% (95% CI, 84.6-88.7%) in individuals 50 to 79 ...",,1089.15,results/tinyfish/q01_run2.json
tinyfish,q01,2,9,Effectiveness of the Adjuvanted Recombinant Zoster Vaccine in ...,https://pubmed.ncbi.nlm.nih.gov/40581370/,pubmed.ncbi.nlm.nih.gov,"Conclusions: Two doses of RZV were effective in preventing HZ and PHN in adults aged ≥50 years, with durable protection. These findings ...",,1089.15,results/tinyfish/q01_run2.json
tinyfish,q01,2,10,Effectiveness of the Adjuvanted Recombinant Zoster Vaccine in ...,https://www.kp-scalresearch.org/publications/effectiveness-of-the-adjuvanted-recombinant-zoster-vaccine-in-adults-%E2%89%A550-years-in-the-united-states/,www.kp-scalresearch.org,Effectiveness of the Adjuvanted Recombinant Zoster Vaccine in Adults ≥50 Years in the United States. Share. About Us · Investigators · Research · News ...,,1089.15,results/tinyfish/q01_run2.json
tinyfish,q01,3,1,Effectiveness of the Recombinant Zoster Vaccine in Adults ...,https://pmc.ncbi.nlm.nih.gov/articles/PMC8442779/,pmc.ncbi.nlm.nih.gov,"Recombinant zoster vaccine effectiveness was 85.5% (95% CI, 83.5–87.3%) overall, with an effectiveness of 86.8% (95% CI, 84.6–88.7%) in individuals 50 to 79 ...",,786.31,results/tinyfish/q01_run3.json
tinyfish,q01,3,2,Recombinant Zoster Vaccine Confers Long-Term Protection in ...,https://www.vaccineadvisor.com/news/recombinant-zoster-vaccine-confers-long-term-protection-in-older-adults/,www.vaccineadvisor.com,Results of two phase 3 trials showed that an adjuvanted recombinant zoster vaccine had high protective efficacy against herpes zoster infection ...,,786.31,results/tinyfish/q01_run3.json
tinyfish,q01,3,3,Efficacy of an Adjuvanted Herpes Zoster Subunit Vaccine in ...,https://www.nejm.org/doi/full/10.1056/NEJMoa1501184,www.nejm.org,"However, its efficacy against herpes zoster decreased with age (from 69.8% in adults between the ages of 50 and 59 years to 37.6% in those ≥70 ...",,786.31,results/tinyfish/q01_run3.json
tinyfish,q01,3,4,Recombinant Zoster Vaccine (RZV) and Herpes Zoster ... - CDC,https://www.cdc.gov/acip/grade/herpes-zoster.html,www.cdc.gov,The evidence type for use of recombinant zoster vaccine in immunocompetent adults aged 50 years and older was determined to be type 1 (high level of evidence).,,786.31,results/tinyfish/q01_run3.json
tinyfish,q01,3,5,Efficacy and Effectiveness of the Recombinant Zoster Vaccine ...,https://pmc.ncbi.nlm.nih.gov/articles/PMC13581344/,pmc.ncbi.nlm.nih.gov,"RZV provides very high protection against HZ in immunocompetent adults ≥ 50 years in RCTs, with approximately 95% efficacy and high certainty ...",,786.31,results/tinyfish/q01_run3.json
tinyfish,q01,3,6,Real-world Effectiveness of the Adjuvanted Recombinant ...,https://academic.oup.com/jid/article/232/6/e931/8230148,academic.oup.com,P-19 The Adjuvanted Recombinant Zoster Vaccine Is Effective in Preventing Herpes Zoster (HZ) Among Patients ≥50 Years of Age (YOA) With ... · · ·,,786.31,results/tinyfish/q01_run3.json
tinyfish,q01,3,7,"SHINGRIX (Zoster Vaccine Recombinant, Adjuvanted)",https://shingrixhcp.com/efficacy-safety/efficacy-data/,shingrixhcp.com,"EFFICACY AGAINST SHINGLES BY AGE IN ADULTS ≥50 YEARS OLD ; 50-59 years old · 96.6%. (95% CI: 89.6, 99.3). 3 (3492) ; 60-69 years old · 97.4%. (95% CI: 90.1, 99.7).",,786.31,results/tinyfish/q01_run3.json
tinyfish,q01,3,8,Effectiveness of the Recombinant Zoster Vaccine in Adults ...,https://escholarship.org/uc/item/9qz70837,escholarship.org,"Recombinant zoster vaccine effectiveness was 85.5% (95% CI, 83.5-87.3%) overall, with an effectiveness of 86.8% (95% CI, 84.6-88.7%) in individuals 50 to 79 ...",,786.31,results/tinyfish/q01_run3.json
tinyfish,q01,3,9,Effectiveness of the Adjuvanted Recombinant Zoster Vaccine in ...,https://pubmed.ncbi.nlm.nih.gov/40581370/,pubmed.ncbi.nlm.nih.gov,"Conclusions: Two doses of RZV were effective in preventing HZ and PHN in adults aged ≥50 years, with durable protection. These findings ...",,786.31,results/tinyfish/q01_run3.json
tinyfish,q01,3,10,Effectiveness of the Adjuvanted Recombinant Zoster Vaccine in ...,https://www.kp-scalresearch.org/publications/effectiveness-of-the-adjuvanted-recombinant-zoster-vaccine-in-adults-%E2%89%A550-years-in-the-united-states/,www.kp-scalresearch.org,Effectiveness of the Adjuvanted Recombinant Zoster Vaccine in Adults ≥50 Years in the United States. Share. About Us · Investigators · Research · News ...,,786.31,results/tinyfish/q01_run3.json
tinyfish,q02,1,1,Treatment Recommendations for Tardive Dyskinesia - PMC,https://pmc.ncbi.nlm.nih.gov/articles/PMC6591749/,pmc.ncbi.nlm.nih.gov,"by L Ricciardi · 2019 · Cited by 144 — The first-line management of tardive dyskinesia is the withdrawal of antipsychotic medication if clinically feasible. Yet, for many patients with serious mental ...",,2715.82,results/tinyfish/q02_run1.json
tinyfish,q02,1,2,Evidence-based guideline: Treatment of tardive syndromes,https://www.neurology.org/doi/10.1212/WNL.0b013e31829d86b6,www.neurology.org,by R Bhidayasiri · 2013 · Cited by 322 — Clonazepam probably improves TDD and ginkgo biloba probably improves TDS (both Level B); both should be considered as treatment. Risperidone may ...,,2715.82,results/tinyfish/q02_run1.json
tinyfish,q02,1,3,Tardive Dyskinesia Treatment & Management,https://emedicine.medscape.com/article/1151826-treatment,emedicine.medscape.com,Primary prevention of TD involves using the lowest effective dose of a dopamine receptor–blocking agent for the shortest duration possible. When ...,"Apr 14, 2026",2715.82,results/tinyfish/q02_run1.json
tinyfish,q02,1,4,Tardive Dyskinesia Treatment Guidelines,https://www.mind-td.com/td-treatment,www.mind-td.com,"Patients with mild TD also can be treated, based on their preference or impairment, or the effect of their TD on psychosocial functioning. Anticholinergics are ...",,2715.82,results/tinyfish/q02_run1.json
tinyfish,q02,1,5,08. Tardive Dyskinesia: Treatment Hierarchy,https://psychopharmacologyinstitute.com/section/tardive-dyskinesia-treatment-hierarchy/,psychopharmacologyinstitute.com,"The treatment algorithm for managing tardive dyskinesia (TD) suggests first reducing the dose of the offending agent, followed by VMAT2 ...",by G Pontone,2715.82,results/tinyfish/q02_run1.json
tinyfish,q02,1,6,APA Guidelines Bundle - Tardive Dyskinesia,https://eguideline.guidelinecentral.com/i/1313488-tardive-dyskinesia/1,eguideline.guidelinecentral.com,This pocket guide includes selected statements from the American Psychiatric Association Practice Guideline for the Treatment of Patients with Schizophrenia ...,,2715.82,results/tinyfish/q02_run1.json
tinyfish,q02,1,7,Tardive Dyskinesia: Spotlight on Current Approaches to ...,https://psychiatryonline.org/doi/10.1176/appi.focus.20200038,psychiatryonline.org,"In 2013, the American Academy of Neurology published treatment guidelines for TD (23). At that time, results indicated limited evidence for any ...","Jan 28, 2021",2715.82,results/tinyfish/q02_run1.json
tinyfish,q02,1,8,TD Treatment | INGREZZA® (valbenazine) capsules | HCP,https://www.ingrezzahcp.com/treatment-guidelines/tardive-dyskinesia,www.ingrezzahcp.com,"Find treatment guidelines for tardive dyskinesia, including using INGREZZA as a first-line treatment option. See Prescribing Info, including Boxed Warning.",,2715.82,results/tinyfish/q02_run1.json
tinyfish,q02,1,9,"Tardive dyskinesia: Prevention, treatment, and prognosis",https://www.uptodate.com/contents/tardive-dyskinesia-prevention-treatment-and-prognosis,www.uptodate.com,"Discontinue offending agent, if possible · Patients who require ongoing antipsychotic therapy · - Patients on a first-generation antipsychotic ...","Oct 6, 2025",2715.82,results/tinyfish/q02_run1.json
tinyfish,q02,1,10,Management of tardive dyskinesia,https://blacklab.wustl.edu/management-of-tardive-dyskinesia-2018/,blacklab.wustl.edu,"Management of tardive dyskinesia · Vitamin B6, at a final dose of 400mg/day, has been shown to improve neuroleptic-induced parkinsonism and TD in ...","Jun 22, 2018",2715.82,results/tinyfish/q02_run1.json
tinyfish,q02,2,1,Treatment Recommendations for Tardive Dyskinesia - PMC,https://pmc.ncbi.nlm.nih.gov/articles/PMC6591749/,pmc.ncbi.nlm.nih.gov,"by L Ricciardi · 2019 · Cited by 144 — The first-line management of tardive dyskinesia is the withdrawal of antipsychotic medication if clinically feasible. Yet, for many patients with serious mental ...",,1074.29,results/tinyfish/q02_run2.json
tinyfish,q02,2,2,Evidence-based guideline: Treatment of tardive syndromes,https://www.neurology.org/doi/10.1212/WNL.0b013e31829d86b6,www.neurology.org,by R Bhidayasiri · 2013 · Cited by 322 — Clonazepam probably improves TDD and ginkgo biloba probably improves TDS (both Level B); both should be considered as treatment. Risperidone may ...,,1074.29,results/tinyfish/q02_run2.json
tinyfish,q02,2,3,Tardive Dyskinesia Treatment & Management,https://emedicine.medscape.com/article/1151826-treatment,emedicine.medscape.com,Primary prevention of TD involves using the lowest effective dose of a dopamine receptor–blocking agent for the shortest duration possible. When ...,"Apr 14, 2026",1074.29,results/tinyfish/q02_run2.json
tinyfish,q02,2,4,Tardive Dyskinesia Treatment Guidelines,https://www.mind-td.com/td-treatment,www.mind-td.com,"Patients with mild TD also can be treated, based on their preference or impairment, or the effect of their TD on psychosocial functioning. Anticholinergics are ...",,1074.29,results/tinyfish/q02_run2.json
tinyfish,q02,2,5,08. Tardive Dyskinesia: Treatment Hierarchy,https://psychopharmacologyinstitute.com/section/tardive-dyskinesia-treatment-hierarchy/,psychopharmacologyinstitute.com,"The treatment algorithm for managing tardive dyskinesia (TD) suggests first reducing the dose of the offending agent, followed by VMAT2 ...",by G Pontone,1074.29,results/tinyfish/q02_run2.json
tinyfish,q02,2,6,APA Guidelines Bundle - Tardive Dyskinesia,https://eguideline.guidelinecentral.com/i/1313488-tardive-dyskinesia/1,eguideline.guidelinecentral.com,This pocket guide includes selected statements from the American Psychiatric Association Practice Guideline for the Treatment of Patients with Schizophrenia ...,,1074.29,results/tinyfish/q02_run2.json
tinyfish,q02,2,7,Tardive Dyskinesia: Spotlight on Current Approaches to ...,https://psychiatryonline.org/doi/10.1176/appi.focus.20200038,psychiatryonline.org,"In 2013, the American Academy of Neurology published treatment guidelines for TD (23). At that time, results indicated limited evidence for any ...","Jan 28, 2021",1074.29,results/tinyfish/q02_run2.json
tinyfish,q02,2,8,TD Treatment | INGREZZA® (valbenazine) capsules | HCP,https://www.ingrezzahcp.com/treatment-guidelines/tardive-dyskinesia,www.ingrezzahcp.com,"Find treatment guidelines for tardive dyskinesia, including using INGREZZA as a first-line treatment option. See Prescribing Info, including Boxed Warning.",,1074.29,results/tinyfish/q02_run2.json
tinyfish,q02,2,9,"Tardive dyskinesia: Prevention, treatment, and prognosis",https://www.uptodate.com/contents/tardive-dyskinesia-prevention-treatment-and-prognosis,www.uptodate.com,"Discontinue offending agent, if possible · Patients who require ongoing antipsychotic therapy · - Patients on a first-generation antipsychotic ...","Oct 6, 2025",1074.29,results/tinyfish/q02_run2.json
tinyfish,q02,2,10,Management of tardive dyskinesia,https://blacklab.wustl.edu/management-of-tardive-dyskinesia-2018/,blacklab.wustl.edu,"Management of tardive dyskinesia · Vitamin B6, at a final dose of 400mg/day, has been shown to improve neuroleptic-induced parkinsonism and TD in ...","Jun 22, 2018",1074.29,results/tinyfish/q02_run2.json
tinyfish,q02,3,1,Treatment Recommendations for Tardive Dyskinesia - PMC,https://pmc.ncbi.nlm.nih.gov/articles/PMC6591749/,pmc.ncbi.nlm.nih.gov,"by L Ricciardi · 2019 · Cited by 144 — The first-line management of tardive dyskinesia is the withdrawal of antipsychotic medication if clinically feasible. Yet, for many patients with serious mental ...",,739.1,results/tinyfish/q02_run3.json
tinyfish,q02,3,2,Evidence-based guideline: Treatment of tardive syndromes,https://www.neurology.org/doi/10.1212/WNL.0b013e31829d86b6,www.neurology.org,by R Bhidayasiri · 2013 · Cited by 322 — Clonazepam probably improves TDD and ginkgo biloba probably improves TDS (both Level B); both should be considered as treatment. Risperidone may ...,,739.1,results/tinyfish/q02_run3.json
tinyfish,q02,3,3,Tardive Dyskinesia Treatment & Management,https://emedicine.medscape.com/article/1151826-treatment,emedicine.medscape.com,Primary prevention of TD involves using the lowest effective dose of a dopamine receptor–blocking agent for the shortest duration possible. When ...,"Apr 14, 2026",739.1,results/tinyfish/q02_run3.json
tinyfish,q02,3,4,Tardive Dyskinesia Treatment Guidelines,https://www.mind-td.com/td-treatment,www.mind-td.com,"Patients with mild TD also can be treated, based on their preference or impairment, or the effect of their TD on psychosocial functioning. Anticholinergics are ...",,739.1,results/tinyfish/q02_run3.json
tinyfish,q02,3,5,08. Tardive Dyskinesia: Treatment Hierarchy,https://psychopharmacologyinstitute.com/section/tardive-dyskinesia-treatment-hierarchy/,psychopharmacologyinstitute.com,"The treatment algorithm for managing tardive dyskinesia (TD) suggests first reducing the dose of the offending agent, followed by VMAT2 ...",by G Pontone,739.1,results/tinyfish/q02_run3.json
tinyfish,q02,3,6,APA Guidelines Bundle - Tardive Dyskinesia,https://eguideline.guidelinecentral.com/i/1313488-tardive-dyskinesia/1,eguideline.guidelinecentral.com,This pocket guide includes selected statements from the American Psychiatric Association Practice Guideline for the Treatment of Patients with Schizophrenia ...,,739.1,results/tinyfish/q02_run3.json
tinyfish,q02,3,7,Tardive Dyskinesia: Spotlight on Current Approaches to ...,https://psychiatryonline.org/doi/10.1176/appi.focus.20200038,psychiatryonline.org,"In 2013, the American Academy of Neurology published treatment guidelines for TD (23). At that time, results indicated limited evidence for any ...","Jan 28, 2021",739.1,results/tinyfish/q02_run3.json
tinyfish,q02,3,8,TD Treatment | INGREZZA® (valbenazine) capsules | HCP,https://www.ingrezzahcp.com/treatment-guidelines/tardive-dyskinesia,www.ingrezzahcp.com,"Find treatment guidelines for tardive dyskinesia, including using INGREZZA as a first-line treatment option. See Prescribing Info, including Boxed Warning.",,739.1,results/tinyfish/q02_run3.json
tinyfish,q02,3,9,"Tardive dyskinesia: Prevention, treatment, and prognosis",https://www.uptodate.com/contents/tardive-dyskinesia-prevention-treatment-and-prognosis,www.uptodate.com,"Discontinue offending agent, if possible · Patients who require ongoing antipsychotic therapy · - Patients on a first-generation antipsychotic ...","Oct 6, 2025",739.1,results/tinyfish/q02_run3.json
tinyfish,q02,3,10,Management of tardive dyskinesia,https://blacklab.wustl.edu/management-of-tardive-dyskinesia-2018/,blacklab.wustl.edu,"Management of tardive dyskinesia · Vitamin B6, at a final dose of 400mg/day, has been shown to improve neuroleptic-induced parkinsonism and TD in ...","Jun 22, 2018",739.1,results/tinyfish/q02_run3.json
tinyfish,q03,1,1,GLP-1 receptor agonists and cardiovascular outcome trials,https://pubmed.ncbi.nlm.nih.gov/30528435/,pubmed.ncbi.nlm.nih.gov,"These agonists have proven their CV safety, in harmony with the US Food and Drug Administration (FDA) recommendation for antidiabetic drugs.",,620.58,results/tinyfish/q03_run1.json
tinyfish,q03,1,2,Cardiovascular Risk Reduction With GLP-1 RA Drugs,https://www.ahajournals.org/doi/10.1161/CIRCULATIONAHA.126.079319,www.ahajournals.org,"Large randomized cardiovascular outcomes trials have consistently shown that several GLP-1 RAs reduce major adverse cardiovascular events, ...",,620.58,results/tinyfish/q03_run1.json
tinyfish,q03,1,3,Semaglutide and Cardiovascular Outcomes in Obesity without ...,https://www.nejm.org/doi/full/10.1056/NEJMoa2307563,www.nejm.org,GLP-1 receptor agonists are recognized to have cardioprotective effects in patients with type 2 diabetes. We conducted this trial to determine ...,,620.58,results/tinyfish/q03_run1.json
tinyfish,q03,1,4,Cardiovascular Effects and Tolerability of GLP-1 Receptor ...,https://www.jacc.org/doi/10.1016/j.jacc.2025.08.027,www.jacc.org,"Glucagon-like peptide-1 receptor agonists (GLP-1 RAs) have demonstrated significant cardiovascular (CV) benefits, particularly in patients with ...",,620.58,results/tinyfish/q03_run1.json
tinyfish,q03,1,5,GLP-1 RAs and Cardiovascular and Kidney Outcomes by Body ...,https://jamanetwork.com/journals/jamanetworkopen/fullarticle/2838602,jamanetwork.com,The STEP-HFpEF trial demonstrated that semaglutide improved heart failure symptoms in patients with obesity without diabetes and with preserved ...,,620.58,results/tinyfish/q03_run1.json
tinyfish,q03,1,6,"Cardiovascular, mortality, and kidney outcomes with GLP-1 ...",https://www.sciencedirect.com/science/article/abs/pii/S2213858719302499,www.sciencedirect.com,"Treatment with GLP-1 receptor agonists has beneficial effects on cardiovascular, mortality, and kidney outcomes in patients with type 2 diabetes.",,620.58,results/tinyfish/q03_run1.json
tinyfish,q03,1,7,GLP-1 Receptor Agonists and Cardiovascular Disease - PubMed,https://pubmed.ncbi.nlm.nih.gov/29445896/,pubmed.ncbi.nlm.nih.gov,"Based on the study, GLP-1R agonists significantly reduced all-cause mortality (RR 0.89; 95% CI 0.82 to 0.96) and cardiovascular mortality (RR 0.88; 95% CI 0.80 ...",,620.58,results/tinyfish/q03_run1.json
tinyfish,q03,1,8,GLP1RAs in Clinical Practice: Therapeutic Advances and ...,https://www.acc.org/latest-in-cardiology/articles/2024/04/15/11/19/glp1ras-in-clinical-practice,www.acc.org,", the results of cardiovascular outcome trials (CVOTs) have demonstrated these agents' efficacy in lowering rates of major adverse ...",,620.58,results/tinyfish/q03_run1.json
tinyfish,q03,1,9,"Semaglutide cuts major heart events, but researchers still ...",https://www.news-medical.net/news/20260927/Semaglutide-cuts-major-heart-events-but-researchers-still-cannot-fully-explain-why.aspx,www.news-medical.net,The present study provides the first mediation analysis of a GLP-1 receptor agonist cardiovascular outcome trial in people with established CVD ...,,620.58,results/tinyfish/q03_run1.json
tinyfish,q03,1,10,GLP-1 Receptor Agonists for the Reduction of Atherosclerotic ...,https://www.ahajournals.org/doi/10.1161/CIRCULATIONAHA.122.059595,www.ahajournals.org,"In conclusion, multiple trials have shown GLP-1 RA to reduce cardiovascular risk in patients with diabetes and ASCVD or high cardiovascular risk ...",,620.58,results/tinyfish/q03_run1.json
tinyfish,q03,2,1,GLP-1 receptor agonists and cardiovascular outcome trials,https://pubmed.ncbi.nlm.nih.gov/30528435/,pubmed.ncbi.nlm.nih.gov,"These agonists have proven their CV safety, in harmony with the US Food and Drug Administration (FDA) recommendation for antidiabetic drugs.",,745.05,results/tinyfish/q03_run2.json
tinyfish,q03,2,2,Cardiovascular Risk Reduction With GLP-1 RA Drugs,https://www.ahajournals.org/doi/10.1161/CIRCULATIONAHA.126.079319,www.ahajournals.org,"Large randomized cardiovascular outcomes trials have consistently shown that several GLP-1 RAs reduce major adverse cardiovascular events, ...",,745.05,results/tinyfish/q03_run2.json
tinyfish,q03,2,3,Semaglutide and Cardiovascular Outcomes in Obesity without ...,https://www.nejm.org/doi/full/10.1056/NEJMoa2307563,www.nejm.org,GLP-1 receptor agonists are recognized to have cardioprotective effects in patients with type 2 diabetes. We conducted this trial to determine ...,,745.05,results/tinyfish/q03_run2.json
tinyfish,q03,2,4,Cardiovascular Effects and Tolerability of GLP-1 Receptor ...,https://www.jacc.org/doi/10.1016/j.jacc.2025.08.027,www.jacc.org,"Glucagon-like peptide-1 receptor agonists (GLP-1 RAs) have demonstrated significant cardiovascular (CV) benefits, particularly in patients with ...",,745.05,results/tinyfish/q03_run2.json
tinyfish,q03,2,5,GLP-1 RAs and Cardiovascular and Kidney Outcomes by Body ...,https://jamanetwork.com/journals/jamanetworkopen/fullarticle/2838602,jamanetwork.com,The STEP-HFpEF trial demonstrated that semaglutide improved heart failure symptoms in patients with obesity without diabetes and with preserved ...,,745.05,results/tinyfish/q03_run2.json
tinyfish,q03,2,6,"Cardiovascular, mortality, and kidney outcomes with GLP-1 ...",https://www.sciencedirect.com/science/article/abs/pii/S2213858719302499,www.sciencedirect.com,"Treatment with GLP-1 receptor agonists has beneficial effects on cardiovascular, mortality, and kidney outcomes in patients with type 2 diabetes.",,745.05,results/tinyfish/q03_run2.json
tinyfish,q03,2,7,GLP-1 Receptor Agonists and Cardiovascular Disease - PubMed,https://pubmed.ncbi.nlm.nih.gov/29445896/,pubmed.ncbi.nlm.nih.gov,"Based on the study, GLP-1R agonists significantly reduced all-cause mortality (RR 0.89; 95% CI 0.82 to 0.96) and cardiovascular mortality (RR 0.88; 95% CI 0.80 ...",,745.05,results/tinyfish/q03_run2.json
tinyfish,q03,2,8,GLP1RAs in Clinical Practice: Therapeutic Advances and ...,https://www.acc.org/latest-in-cardiology/articles/2024/04/15/11/19/glp1ras-in-clinical-practice,www.acc.org,", the results of cardiovascular outcome trials (CVOTs) have demonstrated these agents' efficacy in lowering rates of major adverse ...",,745.05,results/tinyfish/q03_run2.json
tinyfish,q03,2,9,"Semaglutide cuts major heart events, but researchers still ...",https://www.news-medical.net/news/20260927/Semaglutide-cuts-major-heart-events-but-researchers-still-cannot-fully-explain-why.aspx,www.news-medical.net,The present study provides the first mediation analysis of a GLP-1 receptor agonist cardiovascular outcome trial in people with established CVD ...,,745.05,results/tinyfish/q03_run2.json
tinyfish,q03,2,10,GLP-1 Receptor Agonists for the Reduction of Atherosclerotic ...,https://www.ahajournals.org/doi/10.1161/CIRCULATIONAHA.122.059595,www.ahajournals.org,"In conclusion, multiple trials have shown GLP-1 RA to reduce cardiovascular risk in patients with diabetes and ASCVD or high cardiovascular risk ...",,745.05,results/tinyfish/q03_run2.json
tinyfish,q03,3,1,GLP-1 receptor agonists and cardiovascular outcome trials,https://pubmed.ncbi.nlm.nih.gov/30528435/,pubmed.ncbi.nlm.nih.gov,"These agonists have proven their CV safety, in harmony with the US Food and Drug Administration (FDA) recommendation for antidiabetic drugs.",,658.33,results/tinyfish/q03_run3.json
tinyfish,q03,3,2,Cardiovascular Risk Reduction With GLP-1 RA Drugs,https://www.ahajournals.org/doi/10.1161/CIRCULATIONAHA.126.079319,www.ahajournals.org,"Large randomized cardiovascular outcomes trials have consistently shown that several GLP-1 RAs reduce major adverse cardiovascular events, ...",,658.33,results/tinyfish/q03_run3.json
tinyfish,q03,3,3,Semaglutide and Cardiovascular Outcomes in Obesity without ...,https://www.nejm.org/doi/full/10.1056/NEJMoa2307563,www.nejm.org,GLP-1 receptor agonists are recognized to have cardioprotective effects in patients with type 2 diabetes. We conducted this trial to determine ...,,658.33,results/tinyfish/q03_run3.json
tinyfish,q03,3,4,Cardiovascular Effects and Tolerability of GLP-1 Receptor ...,https://www.jacc.org/doi/10.1016/j.jacc.2025.08.027,www.jacc.org,"Glucagon-like peptide-1 receptor agonists (GLP-1 RAs) have demonstrated significant cardiovascular (CV) benefits, particularly in patients with ...",,658.33,results/tinyfish/q03_run3.json
tinyfish,q03,3,5,GLP-1 RAs and Cardiovascular and Kidney Outcomes by Body ...,https://jamanetwork.com/journals/jamanetworkopen/fullarticle/2838602,jamanetwork.com,The STEP-HFpEF trial demonstrated that semaglutide improved heart failure symptoms in patients with obesity without diabetes and with preserved ...,,658.33,results/tinyfish/q03_run3.json
tinyfish,q03,3,6,"Cardiovascular, mortality, and kidney outcomes with GLP-1 ...",https://www.sciencedirect.com/science/article/abs/pii/S2213858719302499,www.sciencedirect.com,"Treatment with GLP-1 receptor agonists has beneficial effects on cardiovascular, mortality, and kidney outcomes in patients with type 2 diabetes.",,658.33,results/tinyfish/q03_run3.json
tinyfish,q03,3,7,GLP-1 Receptor Agonists and Cardiovascular Disease - PubMed,https://pubmed.ncbi.nlm.nih.gov/29445896/,pubmed.ncbi.nlm.nih.gov,"Based on the study, GLP-1R agonists significantly reduced all-cause mortality (RR 0.89; 95% CI 0.82 to 0.96) and cardiovascular mortality (RR 0.88; 95% CI 0.80 ...",,658.33,results/tinyfish/q03_run3.json
tinyfish,q03,3,8,GLP1RAs in Clinical Practice: Therapeutic Advances and ...,https://www.acc.org/latest-in-cardiology/articles/2024/04/15/11/19/glp1ras-in-clinical-practice,www.acc.org,", the results of cardiovascular outcome trials (CVOTs) have demonstrated these agents' efficacy in lowering rates of major adverse ...",,658.33,results/tinyfish/q03_run3.json
tinyfish,q03,3,9,"Semaglutide cuts major heart events, but researchers still ...",https://www.news-medical.net/news/20260927/Semaglutide-cuts-major-heart-events-but-researchers-still-cannot-fully-explain-why.aspx,www.news-medical.net,The present study provides the first mediation analysis of a GLP-1 receptor agonist cardiovascular outcome trial in people with established CVD ...,,658.33,results/tinyfish/q03_run3.json
tinyfish,q03,3,10,GLP-1 Receptor Agonists for the Reduction of Atherosclerotic ...,https://www.ahajournals.org/doi/10.1161/CIRCULATIONAHA.122.059595,www.ahajournals.org,"In conclusion, multiple trials have shown GLP-1 RA to reduce cardiovascular risk in patients with diabetes and ASCVD or high cardiovascular risk ...",,658.33,results/tinyfish/q03_run3.json
tinyfish,q04,1,1,Incidence of drug-resistant pathogens in community-acquired ...,https://journals.asm.org/doi/10.1128/spectrum.00792-24,journals.asm.org,Risk factors associated with potentially antibiotic-resistant pathogens in community-acquired pneumonia. Ann Am Thorac Soc 12:153–160. Go to ...,,728.89,results/tinyfish/q04_run1.json
tinyfish,q04,1,2,Community acquired pneumonia due to antibiotic resistant,https://pubmed.ncbi.nlm.nih.gov/39917810/,pubmed.ncbi.nlm.nih.gov,"New antibiotics have been approved for treatment of community-acquired pneumonia, and are active against multidrug-resistant S. pneumoniae .",,728.89,results/tinyfish/q04_run1.json
tinyfish,q04,1,3,Overview of community-acquired pneumonia in adults,https://www.uptodate.com/contents/overview-of-community-acquired-pneumonia-in-adults,www.uptodate.com,"In the United States, <20 percent of isolates are resistant to penicillin and <1 percent to cephalosporins. (See ""Resistance of Streptococcus ...",,728.89,results/tinyfish/q04_run1.json
tinyfish,q04,1,4,Antimicrobial Resistance in Streptococcus pneumoniae,https://www.mayoclinicproceedings.org/article/S0025-6196%2811%2964973-2/fulltext,www.mayoclinicproceedings.org,"Streptococcus pneumoniae is the leading cause of community-acquired pneumonia. During the past decade, the prevalence of penicillin resistance in S ...",,728.89,results/tinyfish/q04_run1.json
tinyfish,q04,1,5,Community-acquired pneumonia-causing bacteria and ...,https://pubmed.ncbi.nlm.nih.gov/41358774/,pubmed.ncbi.nlm.nih.gov,"Gram-negative bacteria showed the highest resistance against nitrofurantoin, cefazolin, and cefoxitin (100%, 91.7%, and 91.3%, respectively).",,728.89,results/tinyfish/q04_run1.json
tinyfish,q04,1,6,Diagnosis and Treatment of Community-Acquired Pneumonia,https://www.aafp.org/afp/2006/0201/p442,www.aafp.org,"The initial treatment of CAP is empiric, and macrolides or doxycycline (Vibramycin) should be used in most patients. recommend initial empiric ...",,728.89,results/tinyfish/q04_run1.json
tinyfish,q04,1,7,Community-Acquired Pneumonia (CAP) - Medscape Reference,https://emedicine.medscape.com/article/234240-overview,emedicine.medscape.com,Macrolide monotherapy should be used only in areas where pneumococcal resistance is less than 25%. ... Principles of antibiotic treatment of ...,,728.89,results/tinyfish/q04_run1.json
tinyfish,q04,1,8,A New Preview of Antibiotic-resistant Spectrum in Community ...,https://www.sciencedirect.com/org/science/article/pii/S1874306426000076,www.sciencedirect.com,"There is a high antibiotic resistance rate among cases of CAP in this study, which may be related to the increasing use of antibiotics and a low level of ...",,728.89,results/tinyfish/q04_run1.json
tinyfish,q04,1,9,Antibiotic-resistant Streptococcus pneumoniae | Pneumococcal,https://www.cdc.gov/pneumococcal/php/drug-resistance/index.html,www.cdc.gov,Some Streptococcus pneumoniae isolates are resistant to one or more antibiotics. · S. pneumoniae resistance can lead to treatment failures.,,728.89,results/tinyfish/q04_run1.json
tinyfish,q04,1,10,Time to Develop Community Antimicrobial Stewardship Program,https://www.gavinpublishers.com/article/view/antimicrobial-resistance-trends-in-community--acquired-pneumonia-at-secondary-care-centres-in-central-india-time-to-develop-community-antimicrobial-stewardship-program,www.gavinpublishers.com,Antimicrobial Resistance Trends in Community Acquired Pneumonia at Secondary care Centres in Central India: Time to Develop Community Antimicrobial ...,,728.89,results/tinyfish/q04_run1.json
tinyfish,q04,2,1,Incidence of drug-resistant pathogens in community-acquired ...,https://journals.asm.org/doi/10.1128/spectrum.00792-24,journals.asm.org,Risk factors associated with potentially antibiotic-resistant pathogens in community-acquired pneumonia. Ann Am Thorac Soc 12:153–160. Go to ...,,654.93,results/tinyfish/q04_run2.json
tinyfish,q04,2,2,Community acquired pneumonia due to antibiotic resistant,https://pubmed.ncbi.nlm.nih.gov/39917810/,pubmed.ncbi.nlm.nih.gov,"New antibiotics have been approved for treatment of community-acquired pneumonia, and are active against multidrug-resistant S. pneumoniae .",,654.93,results/tinyfish/q04_run2.json
tinyfish,q04,2,3,Overview of community-acquired pneumonia in adults,https://www.uptodate.com/contents/overview-of-community-acquired-pneumonia-in-adults,www.uptodate.com,"In the United States, <20 percent of isolates are resistant to penicillin and <1 percent to cephalosporins. (See ""Resistance of Streptococcus ...",,654.93,results/tinyfish/q04_run2.json
tinyfish,q04,2,4,Antimicrobial Resistance in Streptococcus pneumoniae,https://www.mayoclinicproceedings.org/article/S0025-6196%2811%2964973-2/fulltext,www.mayoclinicproceedings.org,"Streptococcus pneumoniae is the leading cause of community-acquired pneumonia. During the past decade, the prevalence of penicillin resistance in S ...",,654.93,results/tinyfish/q04_run2.json
tinyfish,q04,2,5,Community-acquired pneumonia-causing bacteria and ...,https://pubmed.ncbi.nlm.nih.gov/41358774/,pubmed.ncbi.nlm.nih.gov,"Gram-negative bacteria showed the highest resistance against nitrofurantoin, cefazolin, and cefoxitin (100%, 91.7%, and 91.3%, respectively).",,654.93,results/tinyfish/q04_run2.json
tinyfish,q04,2,6,Diagnosis and Treatment of Community-Acquired Pneumonia,https://www.aafp.org/afp/2006/0201/p442,www.aafp.org,"The initial treatment of CAP is empiric, and macrolides or doxycycline (Vibramycin) should be used in most patients. recommend initial empiric ...",,654.93,results/tinyfish/q04_run2.json
tinyfish,q04,2,7,Community-Acquired Pneumonia (CAP) - Medscape Reference,https://emedicine.medscape.com/article/234240-overview,emedicine.medscape.com,Macrolide monotherapy should be used only in areas where pneumococcal resistance is less than 25%. ... Principles of antibiotic treatment of ...,,654.93,results/tinyfish/q04_run2.json
tinyfish,q04,2,8,A New Preview of Antibiotic-resistant Spectrum in Community ...,https://www.sciencedirect.com/org/science/article/pii/S1874306426000076,www.sciencedirect.com,"There is a high antibiotic resistance rate among cases of CAP in this study, which may be related to the increasing use of antibiotics and a low level of ...",,654.93,results/tinyfish/q04_run2.json
tinyfish,q04,2,9,Antibiotic-resistant Streptococcus pneumoniae | Pneumococcal,https://www.cdc.gov/pneumococcal/php/drug-resistance/index.html,www.cdc.gov,Some Streptococcus pneumoniae isolates are resistant to one or more antibiotics. · S. pneumoniae resistance can lead to treatment failures.,,654.93,results/tinyfish/q04_run2.json
tinyfish,q04,2,10,Time to Develop Community Antimicrobial Stewardship Program,https://www.gavinpublishers.com/article/view/antimicrobial-resistance-trends-in-community--acquired-pneumonia-at-secondary-care-centres-in-central-india-time-to-develop-community-antimicrobial-stewardship-program,www.gavinpublishers.com,Antimicrobial Resistance Trends in Community Acquired Pneumonia at Secondary care Centres in Central India: Time to Develop Community Antimicrobial ...,,654.93,results/tinyfish/q04_run2.json
tinyfish,q04,3,1,Incidence of drug-resistant pathogens in community-acquired ...,https://journals.asm.org/doi/10.1128/spectrum.00792-24,journals.asm.org,Risk factors associated with potentially antibiotic-resistant pathogens in community-acquired pneumonia. Ann Am Thorac Soc 12:153–160. Go to ...,,1095.16,results/tinyfish/q04_run3.json
tinyfish,q04,3,2,Community acquired pneumonia due to antibiotic resistant,https://pubmed.ncbi.nlm.nih.gov/39917810/,pubmed.ncbi.nlm.nih.gov,"New antibiotics have been approved for treatment of community-acquired pneumonia, and are active against multidrug-resistant S. pneumoniae .",,1095.16,results/tinyfish/q04_run3.json
tinyfish,q04,3,3,Overview of community-acquired pneumonia in adults,https://www.uptodate.com/contents/overview-of-community-acquired-pneumonia-in-adults,www.uptodate.com,"In the United States, <20 percent of isolates are resistant to penicillin and <1 percent to cephalosporins. (See ""Resistance of Streptococcus ...",,1095.16,results/tinyfish/q04_run3.json
tinyfish,q04,3,4,Antimicrobial Resistance in Streptococcus pneumoniae,https://www.mayoclinicproceedings.org/article/S0025-6196%2811%2964973-2/fulltext,www.mayoclinicproceedings.org,"Streptococcus pneumoniae is the leading cause of community-acquired pneumonia. During the past decade, the prevalence of penicillin resistance in S ...",,1095.16,results/tinyfish/q04_run3.json
tinyfish,q04,3,5,Community-acquired pneumonia-causing bacteria and ...,https://pubmed.ncbi.nlm.nih.gov/41358774/,pubmed.ncbi.nlm.nih.gov,"Gram-negative bacteria showed the highest resistance against nitrofurantoin, cefazolin, and cefoxitin (100%, 91.7%, and 91.3%, respectively).",,1095.16,results/tinyfish/q04_run3.json
tinyfish,q04,3,6,Diagnosis and Treatment of Community-Acquired Pneumonia,https://www.aafp.org/afp/2006/0201/p442,www.aafp.org,"The initial treatment of CAP is empiric, and macrolides or doxycycline (Vibramycin) should be used in most patients. recommend initial empiric ...",,1095.16,results/tinyfish/q04_run3.json
tinyfish,q04,3,7,Community-Acquired Pneumonia (CAP) - Medscape Reference,https://emedicine.medscape.com/article/234240-overview,emedicine.medscape.com,Macrolide monotherapy should be used only in areas where pneumococcal resistance is less than 25%. ... Principles of antibiotic treatment of ...,,1095.16,results/tinyfish/q04_run3.json
tinyfish,q04,3,8,A New Preview of Antibiotic-resistant Spectrum in Community ...,https://www.sciencedirect.com/org/science/article/pii/S1874306426000076,www.sciencedirect.com,"There is a high antibiotic resistance rate among cases of CAP in this study, which may be related to the increasing use of antibiotics and a low level of ...",,1095.16,results/tinyfish/q04_run3.json
tinyfish,q04,3,9,Antibiotic-resistant Streptococcus pneumoniae | Pneumococcal,https://www.cdc.gov/pneumococcal/php/drug-resistance/index.html,www.cdc.gov,Some Streptococcus pneumoniae isolates are resistant to one or more antibiotics. · S. pneumoniae resistance can lead to treatment failures.,,1095.16,results/tinyfish/q04_run3.json
tinyfish,q04,3,10,Time to Develop Community Antimicrobial Stewardship Program,https://www.gavinpublishers.com/article/view/antimicrobial-resistance-trends-in-community--acquired-pneumonia-at-secondary-care-centres-in-central-india-time-to-develop-community-antimicrobial-stewardship-program,www.gavinpublishers.com,Antimicrobial Resistance Trends in Community Acquired Pneumonia at Secondary care Centres in Central India: Time to Develop Community Antimicrobial ...,,1095.16,results/tinyfish/q04_run3.json
tinyfish,q05,1,1,Telemedicine Practice Guidelines,https://esanjeevani.mohfw.gov.in/assets/guidelines/Telemedicine_Practice_Guidelines.pdf,esanjeevani.mohfw.gov.in,Guidelines for Telemedicine in India. Elements specific to Telemedicine. • Appropriateness of Telemedicine. • Identification of RMP and the ...,"Mar 25, 2020",667.42,results/tinyfish/q05_run1.json
tinyfish,q05,1,2,"Telemedicine practice guidelines of India, 2020 - PMC - NIH",https://pmc.ncbi.nlm.nih.gov/articles/PMC8106416/,pmc.ncbi.nlm.nih.gov,"by D Dinakaran · 2021 · Cited by 70 — Telemedicine Guidelines of India, 2020 promises to pave a road map for regularization and diversification of teleconsultation services ...",,667.42,results/tinyfish/q05_run1.json
tinyfish,q05,1,3,Understanding the Medico-Legal Aspects of Telemedicine in ...,https://pmc.ncbi.nlm.nih.gov/articles/PMC10448835/,pmc.ncbi.nlm.nih.gov,by SN Pai · 2023 · Cited by 8 — Who can practice telemedicine?: Any Registered Medical Practitioner (RMP) enrolled in the State Medical Register or the Indian Medical Register ...,,667.42,results/tinyfish/q05_run1.json
tinyfish,q05,1,4,India's new telemedicine guidelines,https://www.ibanet.org/article/15234243-b534-45f6-b303-4919cfe9a2dc,www.ibanet.org,"The article provides an introduction to recently issued guidelines on telemedicine in India, and summarises the various provisions included in the ...",,667.42,results/tinyfish/q05_run1.json
tinyfish,q05,1,5,Telemedicine Practice Guidelines 2023,https://www.youtube.com/watch?v=xEwIMqvmBtw,www.youtube.com,There have been no statutory regulations or official guidelines in India specific for telemedicine practice and allied matters till 2020 ...,3 years ago,667.42,results/tinyfish/q05_run1.json
tinyfish,q05,1,6,Guidelines for Practice of Telemedicine in India,https://ruraltelemedicine.in/wp-content/uploads/2024/03/DOC-20240319-WA0004.-pages-2-1.pdf,ruraltelemedicine.in,i. A Registered Medical Practitioner (RMP) is eligible to provide telemedicine consultation to patients from any part of India. In case of any complaints of.,,667.42,results/tinyfish/q05_run1.json
tinyfish,q05,1,7,Digital Health Apps & Telemedicine: Legal Guide India,https://cms.law/en/int/expert-guides/cms-expert-guide-to-digital-health-apps-and-telemedicine/india,cms.law,Eligibility: Only physicians registered with the NMC or State Medical Councils are permitted to practise telemedicine. Professional Standards: ...,"Sep 29, 2025",667.42,results/tinyfish/q05_run1.json
tinyfish,q05,1,8,Telemedicine practice guidelines in India: Global ...,https://onlinelibrary.wiley.com/doi/10.1002/wmh3.497,onlinelibrary.wiley.com,"The government of India released telemedicine practice guidelines for Registered Medical Practitioners. Eligibility to deliver Telemedicine, ...","Feb 21, 2022",667.42,results/tinyfish/q05_run1.json
tinyfish,q05,1,9,Telemedicine Practice Guidelines,https://lmis.nihfw.ac.in/local/course/view.php?id=508,lmis.nihfw.ac.in,"It includes patient to RMP consultations for the first time in India, so that patients can avail healthcare facilities while sitting at home.",,667.42,results/tinyfish/q05_run1.json
tinyfish,q05,1,10,"Telemedicine practice guidelines of India, 2020",https://www.ovid.com/jnls/indianjpsychiatry/abstract/10.4103/psychiatry.indianjpsychiatry_476_20~telemedicine-practice-guidelines-of-india-2020-implications,www.ovid.com,"by D Dinakaran · 2021 · Cited by 68 — Telemedicine Guidelines of India, 2020 promises to pave a road map for regularization and diversification of teleconsultation services across the country.",,667.42,results/tinyfish/q05_run1.json
tinyfish,q05,2,1,Telemedicine Practice Guidelines,https://esanjeevani.mohfw.gov.in/assets/guidelines/Telemedicine_Practice_Guidelines.pdf,esanjeevani.mohfw.gov.in,Guidelines for Telemedicine in India. Elements specific to Telemedicine. • Appropriateness of Telemedicine. • Identification of RMP and the ...,"Mar 25, 2020",672.2,results/tinyfish/q05_run2.json
tinyfish,q05,2,2,"Telemedicine practice guidelines of India, 2020 - PMC - NIH",https://pmc.ncbi.nlm.nih.gov/articles/PMC8106416/,pmc.ncbi.nlm.nih.gov,"by D Dinakaran · 2021 · Cited by 70 — Telemedicine Guidelines of India, 2020 promises to pave a road map for regularization and diversification of teleconsultation services ...",,672.2,results/tinyfish/q05_run2.json
tinyfish,q05,2,3,Understanding the Medico-Legal Aspects of Telemedicine in ...,https://pmc.ncbi.nlm.nih.gov/articles/PMC10448835/,pmc.ncbi.nlm.nih.gov,by SN Pai · 2023 · Cited by 8 — Who can practice telemedicine?: Any Registered Medical Practitioner (RMP) enrolled in the State Medical Register or the Indian Medical Register ...,,672.2,results/tinyfish/q05_run2.json
tinyfish,q05,2,4,India's new telemedicine guidelines,https://www.ibanet.org/article/15234243-b534-45f6-b303-4919cfe9a2dc,www.ibanet.org,"The article provides an introduction to recently issued guidelines on telemedicine in India, and summarises the various provisions included in the ...",,672.2,results/tinyfish/q05_run2.json
tinyfish,q05,2,5,Telemedicine Practice Guidelines 2023,https://www.youtube.com/watch?v=xEwIMqvmBtw,www.youtube.com,There have been no statutory regulations or official guidelines in India specific for telemedicine practice and allied matters till 2020 ...,3 years ago,672.2,results/tinyfish/q05_run2.json
tinyfish,q05,2,6,Guidelines for Practice of Telemedicine in India,https://ruraltelemedicine.in/wp-content/uploads/2024/03/DOC-20240319-WA0004.-pages-2-1.pdf,ruraltelemedicine.in,i. A Registered Medical Practitioner (RMP) is eligible to provide telemedicine consultation to patients from any part of India. In case of any complaints of.,,672.2,results/tinyfish/q05_run2.json
tinyfish,q05,2,7,Digital Health Apps & Telemedicine: Legal Guide India,https://cms.law/en/int/expert-guides/cms-expert-guide-to-digital-health-apps-and-telemedicine/india,cms.law,Eligibility: Only physicians registered with the NMC or State Medical Councils are permitted to practise telemedicine. Professional Standards: ...,"Sep 29, 2025",672.2,results/tinyfish/q05_run2.json
tinyfish,q05,2,8,Telemedicine practice guidelines in India: Global ...,https://onlinelibrary.wiley.com/doi/10.1002/wmh3.497,onlinelibrary.wiley.com,"The government of India released telemedicine practice guidelines for Registered Medical Practitioners. Eligibility to deliver Telemedicine, ...","Feb 21, 2022",672.2,results/tinyfish/q05_run2.json
tinyfish,q05,2,9,Telemedicine Practice Guidelines,https://lmis.nihfw.ac.in/local/course/view.php?id=508,lmis.nihfw.ac.in,"It includes patient to RMP consultations for the first time in India, so that patients can avail healthcare facilities while sitting at home.",,672.2,results/tinyfish/q05_run2.json
tinyfish,q05,2,10,"Telemedicine practice guidelines of India, 2020",https://www.ovid.com/jnls/indianjpsychiatry/abstract/10.4103/psychiatry.indianjpsychiatry_476_20~telemedicine-practice-guidelines-of-india-2020-implications,www.ovid.com,"by D Dinakaran · 2021 · Cited by 68 — Telemedicine Guidelines of India, 2020 promises to pave a road map for regularization and diversification of teleconsultation services across the country.",,672.2,results/tinyfish/q05_run2.json
tinyfish,q05,3,1,Telemedicine Practice Guidelines,https://esanjeevani.mohfw.gov.in/assets/guidelines/Telemedicine_Practice_Guidelines.pdf,esanjeevani.mohfw.gov.in,Guidelines for Telemedicine in India. Elements specific to Telemedicine. • Appropriateness of Telemedicine. • Identification of RMP and the ...,"Mar 25, 2020",822.43,results/tinyfish/q05_run3.json
tinyfish,q05,3,2,"Telemedicine practice guidelines of India, 2020 - PMC - NIH",https://pmc.ncbi.nlm.nih.gov/articles/PMC8106416/,pmc.ncbi.nlm.nih.gov,"by D Dinakaran · 2021 · Cited by 70 — Telemedicine Guidelines of India, 2020 promises to pave a road map for regularization and diversification of teleconsultation services ...",,822.43,results/tinyfish/q05_run3.json
tinyfish,q05,3,3,Understanding the Medico-Legal Aspects of Telemedicine in ...,https://pmc.ncbi.nlm.nih.gov/articles/PMC10448835/,pmc.ncbi.nlm.nih.gov,by SN Pai · 2023 · Cited by 8 — Who can practice telemedicine?: Any Registered Medical Practitioner (RMP) enrolled in the State Medical Register or the Indian Medical Register ...,,822.43,results/tinyfish/q05_run3.json
tinyfish,q05,3,4,India's new telemedicine guidelines,https://www.ibanet.org/article/15234243-b534-45f6-b303-4919cfe9a2dc,www.ibanet.org,"The article provides an introduction to recently issued guidelines on telemedicine in India, and summarises the various provisions included in the ...",,822.43,results/tinyfish/q05_run3.json
tinyfish,q05,3,5,Telemedicine Practice Guidelines 2023,https://www.youtube.com/watch?v=xEwIMqvmBtw,www.youtube.com,There have been no statutory regulations or official guidelines in India specific for telemedicine practice and allied matters till 2020 ...,3 years ago,822.43,results/tinyfish/q05_run3.json
tinyfish,q05,3,6,Guidelines for Practice of Telemedicine in India,https://ruraltelemedicine.in/wp-content/uploads/2024/03/DOC-20240319-WA0004.-pages-2-1.pdf,ruraltelemedicine.in,i. A Registered Medical Practitioner (RMP) is eligible to provide telemedicine consultation to patients from any part of India. In case of any complaints of.,,822.43,results/tinyfish/q05_run3.json
tinyfish,q05,3,7,Digital Health Apps & Telemedicine: Legal Guide India,https://cms.law/en/int/expert-guides/cms-expert-guide-to-digital-health-apps-and-telemedicine/india,cms.law,Eligibility: Only physicians registered with the NMC or State Medical Councils are permitted to practise telemedicine. Professional Standards: ...,"Sep 29, 2025",822.43,results/tinyfish/q05_run3.json
tinyfish,q05,3,8,Telemedicine practice guidelines in India: Global ...,https://onlinelibrary.wiley.com/doi/10.1002/wmh3.497,onlinelibrary.wiley.com,"The government of India released telemedicine practice guidelines for Registered Medical Practitioners. Eligibility to deliver Telemedicine, ...","Feb 21, 2022",822.43,results/tinyfish/q05_run3.json
tinyfish,q05,3,9,Telemedicine Practice Guidelines,https://lmis.nihfw.ac.in/local/course/view.php?id=508,lmis.nihfw.ac.in,"It includes patient to RMP consultations for the first time in India, so that patients can avail healthcare facilities while sitting at home.",,822.43,results/tinyfish/q05_run3.json
tinyfish,q05,3,10,"Telemedicine practice guidelines of India, 2020",https://www.ovid.com/jnls/indianjpsychiatry/abstract/10.4103/psychiatry.indianjpsychiatry_476_20~telemedicine-practice-guidelines-of-india-2020-implications,www.ovid.com,"by D Dinakaran · 2021 · Cited by 68 — Telemedicine Guidelines of India, 2020 promises to pave a road map for regularization and diversification of teleconsultation services across the country.",,822.43,results/tinyfish/q05_run3.json
tinyfish,q06,1,1,The Third 2025 Amendment and its Impact on India's Medical ...,https://www.lexology.com/library/detail.aspx?g=d35c87fd-2645-493d-89a6-94aa01363a1f,www.lexology.com,The Amendment Rules introduce a pivotal change for the medical device industry by exempting packages containing medical devices from the purview ...,,872.4,results/tinyfish/q06_run1.json
tinyfish,q06,1,2,India's Medical Device Regulations: A 2025 Update,https://www.pacificbridgemedical.com/publication/india-medical-device-regulations-2025-update/,www.pacificbridgemedical.com,"Under the new system, most imported medical devices will be randomly sampled, except early 2025, the CDSCO released a draft list amending risk- ...",,872.4,results/tinyfish/q06_run1.json
tinyfish,q06,1,3,India Exempts Medical Devices from LMPC Rules 2025,https://www.linkedin.com/posts/pacific-bridge-medical_the-government-of-india-has-issued-the-legal-activity-7411232011924713473-DTj_,www.linkedin.com,"Amendment Rules, 2025, a pivotal reform that exempts medical devices from the purview of the LMPC Rules, 2011. The amendment puts to rest long- ...",,872.4,results/tinyfish/q06_run1.json
tinyfish,q06,1,4,CDSCO 2025 Updates — New Devices Added to Mandatory ...,https://medicaldeviceregistration.com/blog/cdsco-2025-updates-new-devices-added-to-mandatory-registration-list-what-manufacturers-and-importers-must-know/,medicaldeviceregistration.com,"An amendment specifically applicable to medical devices, effective October 23, 2025, allows the application of the provisions of the Medical Devices Rules, 2017 ·",,872.4,results/tinyfish/q06_run1.json
tinyfish,q06,1,5,India's 2025 MedTech Regulatory Compliance Updates & Guide,https://accorppartners.com/blogs/medtech-accorpmed/how-indias-medical-device-regulations-are-evolving-in-2025-what-manufacturers-must-know,accorppartners.com,"Explore India's 2025 med tech regulatory compliance changes, CDSCO updates, device classification, and steps to stay compliant in the new era.",,872.4,results/tinyfish/q06_run1.json
tinyfish,q06,1,6,Department of Consumer Affairs Notifies Legal Metrology ... - PIB,https://www.pib.gov.in/PressReleasePage.aspx?PRID=2183777&reg=3&lang=1,www.pib.gov.in,"The amendment introduces specific provisions for packages containing medical devices, aligning the Legal Metrology (Packaged Commodities) Rules ...",,872.4,results/tinyfish/q06_run1.json
tinyfish,q06,1,7,Medical Device Advertising Requirements - India - Asia Actual,https://asiaactual.com/india/advertising-requirements/,asiaactual.com,"In October 2025, India's Health Ministry unveiled a draft Drugs, Medical Devices and Cosmetics Act, 2025, intended to consolidate and eventually replace the ...",,872.4,results/tinyfish/q06_run1.json
tinyfish,q06,1,8,Draft Medical Devices Rules Amendment 2025 - Corpseed,https://www.corpseed.com/knowledge-centre/draft-medical-devices-rules-amendment-2025,www.corpseed.com,"The amendment introduces clear rules for registration numbers, perpetual validity of licences, updated forms, and better testing reports.",,872.4,results/tinyfish/q06_run1.json
tinyfish,q06,1,9,Medical Device Import Regulations in India: Step-by-Step (2025),https://cliniexperts.com/step-by-step-guide-to-medical-device-import-regulations-in-india-2025/,cliniexperts.com,"A step-by-step guide to medical device import regulations in India (2025), covering CDSCO import license process, Forms MD-14 & MD-15, fees, ...",,872.4,results/tinyfish/q06_run1.json
tinyfish,q06,1,10,Medical device & diagnostics - CDSCO,https://cdsco.gov.in/opencms/opencms/en/Medical-Device-Diagnostics/,cdsco.gov.in,"About Medical Devices. In India, all Medical Devices are regulated under the Drugs & Cosmetics Act, 1940 and Medical Devices Rules, 2017 made thereunder.",,872.4,results/tinyfish/q06_run1.json
tinyfish,q06,2,1,The Third 2025 Amendment and its Impact on India's Medical ...,https://www.lexology.com/library/detail.aspx?g=d35c87fd-2645-493d-89a6-94aa01363a1f,www.lexology.com,The Amendment Rules introduce a pivotal change for the medical device industry by exempting packages containing medical devices from the purview ...,,1023.96,results/tinyfish/q06_run2.json
tinyfish,q06,2,2,India's Medical Device Regulations: A 2025 Update,https://www.pacificbridgemedical.com/publication/india-medical-device-regulations-2025-update/,www.pacificbridgemedical.com,"Under the new system, most imported medical devices will be randomly sampled, except early 2025, the CDSCO released a draft list amending risk- ...",,1023.96,results/tinyfish/q06_run2.json
tinyfish,q06,2,3,India Exempts Medical Devices from LMPC Rules 2025,https://www.linkedin.com/posts/pacific-bridge-medical_the-government-of-india-has-issued-the-legal-activity-7411232011924713473-DTj_,www.linkedin.com,"Amendment Rules, 2025, a pivotal reform that exempts medical devices from the purview of the LMPC Rules, 2011. The amendment puts to rest long- ...",,1023.96,results/tinyfish/q06_run2.json
tinyfish,q06,2,4,CDSCO 2025 Updates — New Devices Added to Mandatory ...,https://medicaldeviceregistration.com/blog/cdsco-2025-updates-new-devices-added-to-mandatory-registration-list-what-manufacturers-and-importers-must-know/,medicaldeviceregistration.com,"An amendment specifically applicable to medical devices, effective October 23, 2025, allows the application of the provisions of the Medical Devices Rules, 2017 ·",,1023.96,results/tinyfish/q06_run2.json
tinyfish,q06,2,5,India's 2025 MedTech Regulatory Compliance Updates & Guide,https://accorppartners.com/blogs/medtech-accorpmed/how-indias-medical-device-regulations-are-evolving-in-2025-what-manufacturers-must-know,accorppartners.com,"Explore India's 2025 med tech regulatory compliance changes, CDSCO updates, device classification, and steps to stay compliant in the new era.",,1023.96,results/tinyfish/q06_run2.json
tinyfish,q06,2,6,Department of Consumer Affairs Notifies Legal Metrology ... - PIB,https://www.pib.gov.in/PressReleasePage.aspx?PRID=2183777&reg=3&lang=1,www.pib.gov.in,"The amendment introduces specific provisions for packages containing medical devices, aligning the Legal Metrology (Packaged Commodities) Rules ...",,1023.96,results/tinyfish/q06_run2.json
tinyfish,q06,2,7,Medical Device Advertising Requirements - India - Asia Actual,https://asiaactual.com/india/advertising-requirements/,asiaactual.com,"In October 2025, India's Health Ministry unveiled a draft Drugs, Medical Devices and Cosmetics Act, 2025, intended to consolidate and eventually replace the ...",,1023.96,results/tinyfish/q06_run2.json
tinyfish,q06,2,8,Draft Medical Devices Rules Amendment 2025 - Corpseed,https://www.corpseed.com/knowledge-centre/draft-medical-devices-rules-amendment-2025,www.corpseed.com,"The amendment introduces clear rules for registration numbers, perpetual validity of licences, updated forms, and better testing reports.",,1023.96,results/tinyfish/q06_run2.json
tinyfish,q06,2,9,Medical Device Import Regulations in India: Step-by-Step (2025),https://cliniexperts.com/step-by-step-guide-to-medical-device-import-regulations-in-india-2025/,cliniexperts.com,"A step-by-step guide to medical device import regulations in India (2025), covering CDSCO import license process, Forms MD-14 & MD-15, fees, ...",,1023.96,results/tinyfish/q06_run2.json
tinyfish,q06,2,10,Medical device & diagnostics - CDSCO,https://cdsco.gov.in/opencms/opencms/en/Medical-Device-Diagnostics/,cdsco.gov.in,"About Medical Devices. In India, all Medical Devices are regulated under the Drugs & Cosmetics Act, 1940 and Medical Devices Rules, 2017 made thereunder.",,1023.96,results/tinyfish/q06_run2.json
tinyfish,q06,3,1,The Third 2025 Amendment and its Impact on India's Medical ...,https://www.lexology.com/library/detail.aspx?g=d35c87fd-2645-493d-89a6-94aa01363a1f,www.lexology.com,The Amendment Rules introduce a pivotal change for the medical device industry by exempting packages containing medical devices from the purview ...,,718.21,results/tinyfish/q06_run3.json
tinyfish,q06,3,2,India's Medical Device Regulations: A 2025 Update,https://www.pacificbridgemedical.com/publication/india-medical-device-regulations-2025-update/,www.pacificbridgemedical.com,"Under the new system, most imported medical devices will be randomly sampled, except early 2025, the CDSCO released a draft list amending risk- ...",,718.21,results/tinyfish/q06_run3.json
tinyfish,q06,3,3,India Exempts Medical Devices from LMPC Rules 2025,https://www.linkedin.com/posts/pacific-bridge-medical_the-government-of-india-has-issued-the-legal-activity-7411232011924713473-DTj_,www.linkedin.com,"Amendment Rules, 2025, a pivotal reform that exempts medical devices from the purview of the LMPC Rules, 2011. The amendment puts to rest long- ...",,718.21,results/tinyfish/q06_run3.json
tinyfish,q06,3,4,CDSCO 2025 Updates — New Devices Added to Mandatory ...,https://medicaldeviceregistration.com/blog/cdsco-2025-updates-new-devices-added-to-mandatory-registration-list-what-manufacturers-and-importers-must-know/,medicaldeviceregistration.com,"An amendment specifically applicable to medical devices, effective October 23, 2025, allows the application of the provisions of the Medical Devices Rules, 2017 ·",,718.21,results/tinyfish/q06_run3.json
tinyfish,q06,3,5,India's 2025 MedTech Regulatory Compliance Updates & Guide,https://accorppartners.com/blogs/medtech-accorpmed/how-indias-medical-device-regulations-are-evolving-in-2025-what-manufacturers-must-know,accorppartners.com,"Explore India's 2025 med tech regulatory compliance changes, CDSCO updates, device classification, and steps to stay compliant in the new era.",,718.21,results/tinyfish/q06_run3.json
tinyfish,q06,3,6,Department of Consumer Affairs Notifies Legal Metrology ... - PIB,https://www.pib.gov.in/PressReleasePage.aspx?PRID=2183777&reg=3&lang=1,www.pib.gov.in,"The amendment introduces specific provisions for packages containing medical devices, aligning the Legal Metrology (Packaged Commodities) Rules ...",,718.21,results/tinyfish/q06_run3.json
tinyfish,q06,3,7,Medical Device Advertising Requirements - India - Asia Actual,https://asiaactual.com/india/advertising-requirements/,asiaactual.com,"In October 2025, India's Health Ministry unveiled a draft Drugs, Medical Devices and Cosmetics Act, 2025, intended to consolidate and eventually replace the ...",,718.21,results/tinyfish/q06_run3.json
tinyfish,q06,3,8,Draft Medical Devices Rules Amendment 2025 - Corpseed,https://www.corpseed.com/knowledge-centre/draft-medical-devices-rules-amendment-2025,www.corpseed.com,"The amendment introduces clear rules for registration numbers, perpetual validity of licences, updated forms, and better testing reports.",,718.21,results/tinyfish/q06_run3.json
tinyfish,q06,3,9,Medical Device Import Regulations in India: Step-by-Step (2025),https://cliniexperts.com/step-by-step-guide-to-medical-device-import-regulations-in-india-2025/,cliniexperts.com,"A step-by-step guide to medical device import regulations in India (2025), covering CDSCO import license process, Forms MD-14 & MD-15, fees, ...",,718.21,results/tinyfish/q06_run3.json
tinyfish,q06,3,10,Medical device & diagnostics - CDSCO,https://cdsco.gov.in/opencms/opencms/en/Medical-Device-Diagnostics/,cdsco.gov.in,"About Medical Devices. In India, all Medical Devices are regulated under the Drugs & Cosmetics Act, 1940 and Medical Devices Rules, 2017 made thereunder.",,718.21,results/tinyfish/q06_run3.json
tinyfish,q07,1,1,RECOVER Research Update: June 2026,https://recovercovid.org/news/recover-research-update-june-2026,recovercovid.org,"RECOVER scientists, study participants, and Representatives are working together to make new discoveries about Long COVID and how to diagnose, prevent, and.",,679.68,results/tinyfish/q07_run1.json
tinyfish,q07,1,2,Long COVID Treatment Trials: 2026 RECOVER Update,https://www.autoimmuneinstitute.org/covid_timeline/long-covid-treatment-trials-2026-recover-update/,www.autoimmuneinstitute.org,"NIH RECOVER-TLC trials test baricitinib, LDN, semaglutide, and stellate ganglion block for Long COVID. Here's what's recruiting in 2026.",,679.68,results/tinyfish/q07_run1.json
tinyfish,q07,1,3,Can long COVID be prevented? Two drugs finally show promise,https://www.nature.com/articles/d41586-026-02341-7,www.nature.com,Two drugs finally show promise. Rigorous trials suggest the treatments reduce the risk of long-term disease after coronavirus infection. By.,,679.68,results/tinyfish/q07_run1.json
tinyfish,q07,1,4,Long Covid Help/Hope in 2026? - Mayo Clinic Connect,https://connect.mayoclinic.org/discussion/long-covid-help-in-2026/,connect.mayoclinic.org,We ended up with a list of about 13 possible treatments as each one of us long haulers are respond differently. We tried antivirals first and ...,,679.68,results/tinyfish/q07_run1.json
tinyfish,q07,1,5,Pilot study finds promising results for treatment of long COVID ...,https://www.uab.edu/reporter/research-innovation/pilot-study-finds-promising-results-for-treatment-of-long-covid-with-brain-fog,www.uab.edu,Researchers showed Constraint-Induced Cognitive Therapy reduced brain fog and let participants get back to work.,,679.68,results/tinyfish/q07_run1.json
tinyfish,q07,1,6,Long COVID in 2026: What We Now Know About Treatment,https://teledirectmd.com/health-guides/long-covid-2026-treatment-update/,teledirectmd.com,There are still no FDA-approved treatments for Long COVID as of 2026. Management is symptom-targeted and multidisciplinary. Pacing — carefully ... ·,,679.68,results/tinyfish/q07_run1.json
tinyfish,q07,1,7,Emerging Long COVID Research - June 2026 - YouTube,https://www.youtube.com/watch?v=uTrIW28lpps,www.youtube.com,Long COVID and Post-Infectious Syndromes ECHO A Practical Approach to Complex Long COVID & ME/CFS Patient Cases Bateman Horne Center and the ...,,679.68,results/tinyfish/q07_run1.json
tinyfish,q07,1,8,Landmark NHS trial shows specialist long Covid care may ...,https://www.uclh.nhs.uk/news/landmark-nhs-trial-shows-specialist-long-covid-care-may-reduce-fatigue,www.uclh.nhs.uk,"The largest clinical trial of long Covid care to date has found that specialist NHS long Covid services may help reduce fatigue, one of the ...",,679.68,results/tinyfish/q07_run1.json
tinyfish,q07,1,9,A year of discovery: Looking back at 2025 and ahead to 2026,https://recovercovid.org/news/year-discovery-looking-back-2025-and-ahead-2026,recovercovid.org,"In 2026, RECOVER expects to publish papers on the designs of its RECOVER-CT trials, as well as results from additional program trials that are ...",,679.68,results/tinyfish/q07_run1.json
tinyfish,q07,1,10,Takeaways From the Big Long COVID Clinical Trials,https://www.healthrising.org/blog/2026/04/21/long-covid-clinical-trials-immunomudulatory-chronic-fatigue/,www.healthrising.org,Only 10 major long COVID clinical trials have been published thus far but that's enough to come away with some interesting takeaways.,,679.68,results/tinyfish/q07_run1.json
tinyfish,q07,2,1,RECOVER Research Update: June 2026,https://recovercovid.org/news/recover-research-update-june-2026,recovercovid.org,"RECOVER scientists, study participants, and Representatives are working together to make new discoveries about Long COVID and how to diagnose, prevent, and.",,1143.41,results/tinyfish/q07_run2.json
tinyfish,q07,2,2,Long COVID Treatment Trials: 2026 RECOVER Update,https://www.autoimmuneinstitute.org/covid_timeline/long-covid-treatment-trials-2026-recover-update/,www.autoimmuneinstitute.org,"NIH RECOVER-TLC trials test baricitinib, LDN, semaglutide, and stellate ganglion block for Long COVID. Here's what's recruiting in 2026.",,1143.41,results/tinyfish/q07_run2.json
tinyfish,q07,2,3,Can long COVID be prevented? Two drugs finally show promise,https://www.nature.com/articles/d41586-026-02341-7,www.nature.com,Two drugs finally show promise. Rigorous trials suggest the treatments reduce the risk of long-term disease after coronavirus infection. By.,,1143.41,results/tinyfish/q07_run2.json
tinyfish,q07,2,4,Long Covid Help/Hope in 2026? - Mayo Clinic Connect,https://connect.mayoclinic.org/discussion/long-covid-help-in-2026/,connect.mayoclinic.org,We ended up with a list of about 13 possible treatments as each one of us long haulers are respond differently. We tried antivirals first and ...,,1143.41,results/tinyfish/q07_run2.json
tinyfish,q07,2,5,Pilot study finds promising results for treatment of long COVID ...,https://www.uab.edu/reporter/research-innovation/pilot-study-finds-promising-results-for-treatment-of-long-covid-with-brain-fog,www.uab.edu,Researchers showed Constraint-Induced Cognitive Therapy reduced brain fog and let participants get back to work.,,1143.41,results/tinyfish/q07_run2.json
tinyfish,q07,2,6,Long COVID in 2026: What We Now Know About Treatment,https://teledirectmd.com/health-guides/long-covid-2026-treatment-update/,teledirectmd.com,There are still no FDA-approved treatments for Long COVID as of 2026. Management is symptom-targeted and multidisciplinary. Pacing — carefully ... ·,,1143.41,results/tinyfish/q07_run2.json
tinyfish,q07,2,7,Emerging Long COVID Research - June 2026 - YouTube,https://www.youtube.com/watch?v=uTrIW28lpps,www.youtube.com,Long COVID and Post-Infectious Syndromes ECHO A Practical Approach to Complex Long COVID & ME/CFS Patient Cases Bateman Horne Center and the ...,,1143.41,results/tinyfish/q07_run2.json
tinyfish,q07,2,8,Landmark NHS trial shows specialist long Covid care may ...,https://www.uclh.nhs.uk/news/landmark-nhs-trial-shows-specialist-long-covid-care-may-reduce-fatigue,www.uclh.nhs.uk,"The largest clinical trial of long Covid care to date has found that specialist NHS long Covid services may help reduce fatigue, one of the ...",,1143.41,results/tinyfish/q07_run2.json
tinyfish,q07,2,9,A year of discovery: Looking back at 2025 and ahead to 2026,https://recovercovid.org/news/year-discovery-looking-back-2025-and-ahead-2026,recovercovid.org,"In 2026, RECOVER expects to publish papers on the designs of its RECOVER-CT trials, as well as results from additional program trials that are ...",,1143.41,results/tinyfish/q07_run2.json
tinyfish,q07,2,10,Takeaways From the Big Long COVID Clinical Trials,https://www.healthrising.org/blog/2026/04/21/long-covid-clinical-trials-immunomudulatory-chronic-fatigue/,www.healthrising.org,Only 10 major long COVID clinical trials have been published thus far but that's enough to come away with some interesting takeaways.,,1143.41,results/tinyfish/q07_run2.json
tinyfish,q07,3,1,RECOVER Research Update: June 2026,https://recovercovid.org/news/recover-research-update-june-2026,recovercovid.org,"RECOVER scientists, study participants, and Representatives are working together to make new discoveries about Long COVID and how to diagnose, prevent, and.",,1091.9,results/tinyfish/q07_run3.json
tinyfish,q07,3,2,Long COVID Treatment Trials: 2026 RECOVER Update,https://www.autoimmuneinstitute.org/covid_timeline/long-covid-treatment-trials-2026-recover-update/,www.autoimmuneinstitute.org,"NIH RECOVER-TLC trials test baricitinib, LDN, semaglutide, and stellate ganglion block for Long COVID. Here's what's recruiting in 2026.",,1091.9,results/tinyfish/q07_run3.json
tinyfish,q07,3,3,Can long COVID be prevented? Two drugs finally show promise,https://www.nature.com/articles/d41586-026-02341-7,www.nature.com,Two drugs finally show promise. Rigorous trials suggest the treatments reduce the risk of long-term disease after coronavirus infection. By.,,1091.9,results/tinyfish/q07_run3.json
tinyfish,q07,3,4,Long Covid Help/Hope in 2026? - Mayo Clinic Connect,https://connect.mayoclinic.org/discussion/long-covid-help-in-2026/,connect.mayoclinic.org,We ended up with a list of about 13 possible treatments as each one of us long haulers are respond differently. We tried antivirals first and ...,,1091.9,results/tinyfish/q07_run3.json
tinyfish,q07,3,5,Pilot study finds promising results for treatment of long COVID ...,https://www.uab.edu/reporter/research-innovation/pilot-study-finds-promising-results-for-treatment-of-long-covid-with-brain-fog,www.uab.edu,Researchers showed Constraint-Induced Cognitive Therapy reduced brain fog and let participants get back to work.,,1091.9,results/tinyfish/q07_run3.json
tinyfish,q07,3,6,Long COVID in 2026: What We Now Know About Treatment,https://teledirectmd.com/health-guides/long-covid-2026-treatment-update/,teledirectmd.com,There are still no FDA-approved treatments for Long COVID as of 2026. Management is symptom-targeted and multidisciplinary. Pacing — carefully ... ·,,1091.9,results/tinyfish/q07_run3.json
tinyfish,q07,3,7,Emerging Long COVID Research - June 2026 - YouTube,https://www.youtube.com/watch?v=uTrIW28lpps,www.youtube.com,Long COVID and Post-Infectious Syndromes ECHO A Practical Approach to Complex Long COVID & ME/CFS Patient Cases Bateman Horne Center and the ...,,1091.9,results/tinyfish/q07_run3.json
tinyfish,q07,3,8,Landmark NHS trial shows specialist long Covid care may ...,https://www.uclh.nhs.uk/news/landmark-nhs-trial-shows-specialist-long-covid-care-may-reduce-fatigue,www.uclh.nhs.uk,"The largest clinical trial of long Covid care to date has found that specialist NHS long Covid services may help reduce fatigue, one of the ...",,1091.9,results/tinyfish/q07_run3.json
tinyfish,q07,3,9,A year of discovery: Looking back at 2025 and ahead to 2026,https://recovercovid.org/news/year-discovery-looking-back-2025-and-ahead-2026,recovercovid.org,"In 2026, RECOVER expects to publish papers on the designs of its RECOVER-CT trials, as well as results from additional program trials that are ...",,1091.9,results/tinyfish/q07_run3.json
tinyfish,q07,3,10,Takeaways From the Big Long COVID Clinical Trials,https://www.healthrising.org/blog/2026/04/21/long-covid-clinical-trials-immunomudulatory-chronic-fatigue/,www.healthrising.org,Only 10 major long COVID clinical trials have been published thus far but that's enough to come away with some interesting takeaways.,,1091.9,results/tinyfish/q07_run3.json
tinyfish,q08,1,1,Global antibiotic resistance surveillance report 2025,https://www.who.int/publications/i/item/9789240116337,www.who.int,"This new WHO report presents a global analysis of antibiotic resistance prevalence and trends, drawing on more than 23 million ...",,1068.26,results/tinyfish/q08_run1.json
tinyfish,q08,1,2,Antimicrobial resistance - World Health Organization (WHO),https://www.who.int/news-room/fact-sheets/detail/antimicrobial-resistance,www.who.int,"Between 2018 and 2023, antibiotic resistance rose in over 40% of the pathogen-antibiotic combinations monitored with an average annual increase ...",,1068.26,results/tinyfish/q08_run1.json
tinyfish,q08,1,3,[PDF] World Health Organization: Update on AMR,https://health.gov/sites/oash/files/2025-01/who-update-amr.pdf,health.gov,"A two-year workplan, currently being developed, will accompany the framework. Page 8. Sustained political action is needed for the AMR response. Call to Action ...",,1068.26,results/tinyfish/q08_run1.json
tinyfish,q08,1,4,Antimicrobial Resistance Facts and Stats - CDC,https://www.cdc.gov/antimicrobial-resistance/data-research/facts-stats/index.html,www.cdc.gov,"AR is an urgent global public health threat, killing at least 1.27 million people worldwide and associated with nearly 5 million deaths in 2019, ...",,1068.26,results/tinyfish/q08_run1.json
tinyfish,q08,1,5,WHO warns of widespread resistance to common antibiotics ...,https://www.paho.org/en/news/13-10-2025-who-warns-widespread-resistance-common-antibiotics-worldwide,www.paho.org,"Between 2018 and 2023, antibiotic resistance rose in over 40% of the monitored antibiotics with an average annual increase of 5-15%. Data ...",,1068.26,results/tinyfish/q08_run1.json
tinyfish,q08,1,6,Global Antimicrobial Resistance and Use Surveillance System ...,https://www.who.int/initiatives/glass,www.who.int,"GLASS-AMC provides a common and standardized set of methods for measuring and reporting antimicrobial consumption (AMC) at country, regional and global levels.",,1068.26,results/tinyfish/q08_run1.json
tinyfish,q08,1,7,WHO: Antimicrobial resistance is widespread globally and ...,https://www.cidrap.umn.edu/antimicrobial-stewardship/who-antimicrobial-resistance-widespread-globally-and-increasing,www.cidrap.umn.edu,"From 2018 through 2023, antibiotic resistance rose in more than 40% of the bug-drug combinations monitored, with an average annual increase of 5 ...",,1068.26,results/tinyfish/q08_run1.json
tinyfish,q08,1,8,"WHO: 1 in 6 Common Infections Now Drug-Resistant, AMR ...",https://www.patientcareonline.com/view/who-1-in-6-common-infections-now-drug-resistant-amr-threatens-global-health,www.patientcareonline.com,"Antimicrobial resistance (AMR) is accelerating worldwide, with 1 in 6 bacterial infections now resistant to standard antibiotic treatments, ...",,1068.26,results/tinyfish/q08_run1.json
tinyfish,q08,1,9,New Report from WHO Shows Increased Global Antibiotic ...,https://pirg.org/edfund/updates/new-report-from-who-shows-increased-global-antibiotic-resistance-threat/,pirg.org,"Antibiotic resistant infections are increasing on a year by year basis, with 1 in 6 studied bacteria being drug resistant.",,1068.26,results/tinyfish/q08_run1.json
tinyfish,q08,1,10,Antimicrobial resistance - World Health Organization (WHO),https://www.who.int/health-topics/antimicrobial-resistance,www.who.int,New WHO report outlines critical steps to confront fungal disease and antifungal resistance ... new target product profiles for urgently needed antibiotics ...,,1068.26,results/tinyfish/q08_run1.json
tinyfish,q08,2,1,Global antibiotic resistance surveillance report 2025,https://www.who.int/publications/i/item/9789240116337,www.who.int,"This new WHO report presents a global analysis of antibiotic resistance prevalence and trends, drawing on more than 23 million ...",,2650.45,results/tinyfish/q08_run2.json
tinyfish,q08,2,2,Antimicrobial resistance - World Health Organization (WHO),https://www.who.int/news-room/fact-sheets/detail/antimicrobial-resistance,www.who.int,"Between 2018 and 2023, antibiotic resistance rose in over 40% of the pathogen-antibiotic combinations monitored with an average annual increase ...",,2650.45,results/tinyfish/q08_run2.json
tinyfish,q08,2,3,[PDF] World Health Organization: Update on AMR,https://health.gov/sites/oash/files/2025-01/who-update-amr.pdf,health.gov,"A two-year workplan, currently being developed, will accompany the framework. Page 8. Sustained political action is needed for the AMR response. Call to Action ...",,2650.45,results/tinyfish/q08_run2.json
tinyfish,q08,2,4,Antimicrobial Resistance Facts and Stats - CDC,https://www.cdc.gov/antimicrobial-resistance/data-research/facts-stats/index.html,www.cdc.gov,"AR is an urgent global public health threat, killing at least 1.27 million people worldwide and associated with nearly 5 million deaths in 2019, ...",,2650.45,results/tinyfish/q08_run2.json
tinyfish,q08,2,5,WHO warns of widespread resistance to common antibiotics ...,https://www.paho.org/en/news/13-10-2025-who-warns-widespread-resistance-common-antibiotics-worldwide,www.paho.org,"Between 2018 and 2023, antibiotic resistance rose in over 40% of the monitored antibiotics with an average annual increase of 5-15%. Data ...",,2650.45,results/tinyfish/q08_run2.json
tinyfish,q08,2,6,Global Antimicrobial Resistance and Use Surveillance System ...,https://www.who.int/initiatives/glass,www.who.int,"GLASS-AMC provides a common and standardized set of methods for measuring and reporting antimicrobial consumption (AMC) at country, regional and global levels.",,2650.45,results/tinyfish/q08_run2.json
tinyfish,q08,2,7,WHO: Antimicrobial resistance is widespread globally and ...,https://www.cidrap.umn.edu/antimicrobial-stewardship/who-antimicrobial-resistance-widespread-globally-and-increasing,www.cidrap.umn.edu,"From 2018 through 2023, antibiotic resistance rose in more than 40% of the bug-drug combinations monitored, with an average annual increase of 5 ...",,2650.45,results/tinyfish/q08_run2.json
tinyfish,q08,2,8,"WHO: 1 in 6 Common Infections Now Drug-Resistant, AMR ...",https://www.patientcareonline.com/view/who-1-in-6-common-infections-now-drug-resistant-amr-threatens-global-health,www.patientcareonline.com,"Antimicrobial resistance (AMR) is accelerating worldwide, with 1 in 6 bacterial infections now resistant to standard antibiotic treatments, ...",,2650.45,results/tinyfish/q08_run2.json
tinyfish,q08,2,9,New Report from WHO Shows Increased Global Antibiotic ...,https://pirg.org/edfund/updates/new-report-from-who-shows-increased-global-antibiotic-resistance-threat/,pirg.org,"Antibiotic resistant infections are increasing on a year by year basis, with 1 in 6 studied bacteria being drug resistant.",,2650.45,results/tinyfish/q08_run2.json
tinyfish,q08,2,10,Antimicrobial resistance - World Health Organization (WHO),https://www.who.int/health-topics/antimicrobial-resistance,www.who.int,New WHO report outlines critical steps to confront fungal disease and antifungal resistance ... new target product profiles for urgently needed antibiotics ...,,2650.45,results/tinyfish/q08_run2.json
tinyfish,q08,3,1,Global antibiotic resistance surveillance report 2025,https://www.who.int/publications/i/item/9789240116337,www.who.int,"This new WHO report presents a global analysis of antibiotic resistance prevalence and trends, drawing on more than 23 million ...",,921.58,results/tinyfish/q08_run3.json
tinyfish,q08,3,2,Antimicrobial resistance - World Health Organization (WHO),https://www.who.int/news-room/fact-sheets/detail/antimicrobial-resistance,www.who.int,"Between 2018 and 2023, antibiotic resistance rose in over 40% of the pathogen-antibiotic combinations monitored with an average annual increase ...",,921.58,results/tinyfish/q08_run3.json
tinyfish,q08,3,3,[PDF] World Health Organization: Update on AMR,https://health.gov/sites/oash/files/2025-01/who-update-amr.pdf,health.gov,"A two-year workplan, currently being developed, will accompany the framework. Page 8. Sustained political action is needed for the AMR response. Call to Action ...",,921.58,results/tinyfish/q08_run3.json
tinyfish,q08,3,4,Antimicrobial Resistance Facts and Stats - CDC,https://www.cdc.gov/antimicrobial-resistance/data-research/facts-stats/index.html,www.cdc.gov,"AR is an urgent global public health threat, killing at least 1.27 million people worldwide and associated with nearly 5 million deaths in 2019, ...",,921.58,results/tinyfish/q08_run3.json
tinyfish,q08,3,5,WHO warns of widespread resistance to common antibiotics ...,https://www.paho.org/en/news/13-10-2025-who-warns-widespread-resistance-common-antibiotics-worldwide,www.paho.org,"Between 2018 and 2023, antibiotic resistance rose in over 40% of the monitored antibiotics with an average annual increase of 5-15%. Data ...",,921.58,results/tinyfish/q08_run3.json
tinyfish,q08,3,6,Global Antimicrobial Resistance and Use Surveillance System ...,https://www.who.int/initiatives/glass,www.who.int,"GLASS-AMC provides a common and standardized set of methods for measuring and reporting antimicrobial consumption (AMC) at country, regional and global levels.",,921.58,results/tinyfish/q08_run3.json
tinyfish,q08,3,7,WHO: Antimicrobial resistance is widespread globally and ...,https://www.cidrap.umn.edu/antimicrobial-stewardship/who-antimicrobial-resistance-widespread-globally-and-increasing,www.cidrap.umn.edu,"From 2018 through 2023, antibiotic resistance rose in more than 40% of the bug-drug combinations monitored, with an average annual increase of 5 ...",,921.58,results/tinyfish/q08_run3.json
tinyfish,q08,3,8,"WHO: 1 in 6 Common Infections Now Drug-Resistant, AMR ...",https://www.patientcareonline.com/view/who-1-in-6-common-infections-now-drug-resistant-amr-threatens-global-health,www.patientcareonline.com,"Antimicrobial resistance (AMR) is accelerating worldwide, with 1 in 6 bacterial infections now resistant to standard antibiotic treatments, ...",,921.58,results/tinyfish/q08_run3.json
tinyfish,q08,3,9,New Report from WHO Shows Increased Global Antibiotic ...,https://pirg.org/edfund/updates/new-report-from-who-shows-increased-global-antibiotic-resistance-threat/,pirg.org,"Antibiotic resistant infections are increasing on a year by year basis, with 1 in 6 studied bacteria being drug resistant.",,921.58,results/tinyfish/q08_run3.json
tinyfish,q08,3,10,Antimicrobial resistance - World Health Organization (WHO),https://www.who.int/health-topics/antimicrobial-resistance,www.who.int,New WHO report outlines critical steps to confront fungal disease and antifungal resistance ... new target product profiles for urgently needed antibiotics ...,,921.58,results/tinyfish/q08_run3.json
tinyfish,q09,1,1,Shingles Vaccine Recommendations - CDC,https://www.cdc.gov/shingles/hcp/vaccine-considerations/index.html,www.cdc.gov,CDC recommends 2 doses of recombinant zoster vaccine (RZV) to prevent shingles and related complications in adults aged ≥50 years. CDC also recommends 2 ... Missing:  immunisation  | Show results with:,,4029.6,results/tinyfish/q09_run1.json
tinyfish,q09,1,2,CDC Recommendations | SHINGRIX (Zoster Vaccine ...,https://shingrixhcp.com/home-ic/who-to-vaccinate/cdc-recommendations/,shingrixhcp.com,2 doses of SHINGRIX for the prevention of shingles (herpes zoster) and related complications in adults 19 years of age and older who are or will be ... Missing:  immunisation  | Show results with:,,4029.6,results/tinyfish/q09_run1.json
tinyfish,q09,1,3,Shingles Vaccination - CDC,https://www.cdc.gov/shingles/vaccines/index.html,www.cdc.gov,Recommendations. Shingles vaccine is recommended for the following groups: Adults 50 years and older. 2 doses. (separated by 2 to 6 months). Adults 19 years and ... Missing:  immunisation  | Show results with:,,4029.6,results/tinyfish/q09_run1.json
tinyfish,q09,1,4,[PDF] Standing Orders for Administering Recombinant Zoster Vaccine ...,https://www.immunize.org/clinical/a-z/standing-orders-administering-zoster-vaccine-adults/,www.immunize.org,To reduce morbidity and mortality from herpes zoster (shingles) by vaccinating all adults who meet the criteria established by the Centers for Disease Control ...,,4029.6,results/tinyfish/q09_run1.json
tinyfish,q09,1,5,Shingles vaccine: Should I get it? - Mayo Clinic,https://www.mayoclinic.org/diseases-conditions/shingles/expert-answers/shingles-vaccine/faq-20057859,www.mayoclinic.org,The vaccine also may be recommended for adults who have weakened immune systems. The shingles vaccine is not a live virus vaccine. It's made ...,,4029.6,results/tinyfish/q09_run1.json
tinyfish,q09,1,6,Schedule Shingles Vaccine (Herpes Zoster) - Walgreens,https://www.walgreens.com/topic/pharmacy/scheduler/shingles-vaccine_31.jsp,www.walgreens.com,"The CDC recommends all healthy adults ages 50+ get 2 doses of Shingrix® (recombinant zoster vaccine or RZV) 2–6 months apart, even if they've previously had ... Missing:  immunisation  | Show results with:",,4029.6,results/tinyfish/q09_run1.json
tinyfish,q09,1,7,Adults 19 And Older Immunization Schedules - AAFP,https://www.aafp.org/clinical-insights/immunizations-and-vaccines/immunizations-schedules-resources/adult-immunization-schedules,www.aafp.org,"4 doses (3-dose initial series Comirnaty at 0, 3 weeks, and at least 4 weeks after dose 2, followed by 1 dose of Spikevax or mNexspike or Nuvaxovid or Comirnaty ... Missing:  immunisation  | Show results with:",,4029.6,results/tinyfish/q09_run1.json
tinyfish,q09,1,8,Experts question timing of vaccination against shingles - PMC,https://pmc.ncbi.nlm.nih.gov/articles/PMC3707991/,pmc.ncbi.nlm.nih.gov,NACI recommends all adults over 60 receive one dose of Zostavax. The ... The vaccine is 51% effective at preventing the illness in adults 60 years of ... Missing:  immunisation  | Show results with:,,4029.6,results/tinyfish/q09_run1.json
tinyfish,q09,1,9,Vaccination for the prevention of shingles (herpes zoster) in ...,https://www.uptodate.com/contents/vaccination-for-the-prevention-of-shingles-herpes-zoster-in-adults,www.uptodate.com,"Adult immunization schedule by age – Recommendations for ages 19 years or older, United States, 2025 · Adult immunization schedule by medical condition and ...",,4029.6,results/tinyfish/q09_run1.json
tinyfish,q09,1,10,Shingles Vaccine Guide for Adults Over 50 - Stanley Pharmacy,https://askstanley.com/blog/shingles-shot-guide/,askstanley.com,The CDC recommends the shingles vaccine for healthy adults 50 years and older. ... By following the recommended vaccination schedule and staying ...,,4029.6,results/tinyfish/q09_run1.json
tinyfish,q09,2,1,Shingles Vaccine Recommendations - CDC,https://www.cdc.gov/shingles/hcp/vaccine-considerations/index.html,www.cdc.gov,CDC recommends 2 doses of recombinant zoster vaccine (RZV) to prevent shingles and related complications in adults aged ≥50 years. CDC also recommends 2 ... Missing:  immunisation  | Show results with:,,1001.47,results/tinyfish/q09_run2.json
tinyfish,q09,2,2,CDC Recommendations | SHINGRIX (Zoster Vaccine ...,https://shingrixhcp.com/home-ic/who-to-vaccinate/cdc-recommendations/,shingrixhcp.com,2 doses of SHINGRIX for the prevention of shingles (herpes zoster) and related complications in adults 19 years of age and older who are or will be ... Missing:  immunisation  | Show results with:,,1001.47,results/tinyfish/q09_run2.json
tinyfish,q09,2,3,Shingles Vaccination - CDC,https://www.cdc.gov/shingles/vaccines/index.html,www.cdc.gov,Recommendations. Shingles vaccine is recommended for the following groups: Adults 50 years and older. 2 doses. (separated by 2 to 6 months). Adults 19 years and ... Missing:  immunisation  | Show results with:,,1001.47,results/tinyfish/q09_run2.json
tinyfish,q09,2,4,[PDF] Standing Orders for Administering Recombinant Zoster Vaccine ...,https://www.immunize.org/clinical/a-z/standing-orders-administering-zoster-vaccine-adults/,www.immunize.org,To reduce morbidity and mortality from herpes zoster (shingles) by vaccinating all adults who meet the criteria established by the Centers for Disease Control ...,,1001.47,results/tinyfish/q09_run2.json
tinyfish,q09,2,5,Shingles vaccine: Should I get it? - Mayo Clinic,https://www.mayoclinic.org/diseases-conditions/shingles/expert-answers/shingles-vaccine/faq-20057859,www.mayoclinic.org,The vaccine also may be recommended for adults who have weakened immune systems. The shingles vaccine is not a live virus vaccine. It's made ...,,1001.47,results/tinyfish/q09_run2.json
tinyfish,q09,2,6,Schedule Shingles Vaccine (Herpes Zoster) - Walgreens,https://www.walgreens.com/topic/pharmacy/scheduler/shingles-vaccine_31.jsp,www.walgreens.com,"The CDC recommends all healthy adults ages 50+ get 2 doses of Shingrix® (recombinant zoster vaccine or RZV) 2–6 months apart, even if they've previously had ... Missing:  immunisation  | Show results with:",,1001.47,results/tinyfish/q09_run2.json
tinyfish,q09,2,7,Adults 19 And Older Immunization Schedules - AAFP,https://www.aafp.org/clinical-insights/immunizations-and-vaccines/immunizations-schedules-resources/adult-immunization-schedules,www.aafp.org,"4 doses (3-dose initial series Comirnaty at 0, 3 weeks, and at least 4 weeks after dose 2, followed by 1 dose of Spikevax or mNexspike or Nuvaxovid or Comirnaty ... Missing:  immunisation  | Show results with:",,1001.47,results/tinyfish/q09_run2.json
tinyfish,q09,2,8,Experts question timing of vaccination against shingles - PMC,https://pmc.ncbi.nlm.nih.gov/articles/PMC3707991/,pmc.ncbi.nlm.nih.gov,NACI recommends all adults over 60 receive one dose of Zostavax. The ... The vaccine is 51% effective at preventing the illness in adults 60 years of ... Missing:  immunisation  | Show results with:,,1001.47,results/tinyfish/q09_run2.json
tinyfish,q09,2,9,Vaccination for the prevention of shingles (herpes zoster) in ...,https://www.uptodate.com/contents/vaccination-for-the-prevention-of-shingles-herpes-zoster-in-adults,www.uptodate.com,"Adult immunization schedule by age – Recommendations for ages 19 years or older, United States, 2025 · Adult immunization schedule by medical condition and ...",,1001.47,results/tinyfish/q09_run2.json
tinyfish,q09,2,10,Shingles Vaccine Guide for Adults Over 50 - Stanley Pharmacy,https://askstanley.com/blog/shingles-shot-guide/,askstanley.com,The CDC recommends the shingles vaccine for healthy adults 50 years and older. ... By following the recommended vaccination schedule and staying ...,,1001.47,results/tinyfish/q09_run2.json
tinyfish,q09,3,1,Shingles Vaccine Recommendations - CDC,https://www.cdc.gov/shingles/hcp/vaccine-considerations/index.html,www.cdc.gov,CDC recommends 2 doses of recombinant zoster vaccine (RZV) to prevent shingles and related complications in adults aged ≥50 years. CDC also recommends 2 ... Missing:  immunisation  | Show results with:,,752.33,results/tinyfish/q09_run3.json
tinyfish,q09,3,2,CDC Recommendations | SHINGRIX (Zoster Vaccine ...,https://shingrixhcp.com/home-ic/who-to-vaccinate/cdc-recommendations/,shingrixhcp.com,2 doses of SHINGRIX for the prevention of shingles (herpes zoster) and related complications in adults 19 years of age and older who are or will be ... Missing:  immunisation  | Show results with:,,752.33,results/tinyfish/q09_run3.json
tinyfish,q09,3,3,Shingles Vaccination - CDC,https://www.cdc.gov/shingles/vaccines/index.html,www.cdc.gov,Recommendations. Shingles vaccine is recommended for the following groups: Adults 50 years and older. 2 doses. (separated by 2 to 6 months). Adults 19 years and ... Missing:  immunisation  | Show results with:,,752.33,results/tinyfish/q09_run3.json
tinyfish,q09,3,4,[PDF] Standing Orders for Administering Recombinant Zoster Vaccine ...,https://www.immunize.org/clinical/a-z/standing-orders-administering-zoster-vaccine-adults/,www.immunize.org,To reduce morbidity and mortality from herpes zoster (shingles) by vaccinating all adults who meet the criteria established by the Centers for Disease Control ...,,752.33,results/tinyfish/q09_run3.json
tinyfish,q09,3,5,Shingles vaccine: Should I get it? - Mayo Clinic,https://www.mayoclinic.org/diseases-conditions/shingles/expert-answers/shingles-vaccine/faq-20057859,www.mayoclinic.org,The vaccine also may be recommended for adults who have weakened immune systems. The shingles vaccine is not a live virus vaccine. It's made ...,,752.33,results/tinyfish/q09_run3.json
tinyfish,q09,3,6,Schedule Shingles Vaccine (Herpes Zoster) - Walgreens,https://www.walgreens.com/topic/pharmacy/scheduler/shingles-vaccine_31.jsp,www.walgreens.com,"The CDC recommends all healthy adults ages 50+ get 2 doses of Shingrix® (recombinant zoster vaccine or RZV) 2–6 months apart, even if they've previously had ... Missing:  immunisation  | Show results with:",,752.33,results/tinyfish/q09_run3.json
tinyfish,q09,3,7,Adults 19 And Older Immunization Schedules - AAFP,https://www.aafp.org/clinical-insights/immunizations-and-vaccines/immunizations-schedules-resources/adult-immunization-schedules,www.aafp.org,"4 doses (3-dose initial series Comirnaty at 0, 3 weeks, and at least 4 weeks after dose 2, followed by 1 dose of Spikevax or mNexspike or Nuvaxovid or Comirnaty ... Missing:  immunisation  | Show results with:",,752.33,results/tinyfish/q09_run3.json
tinyfish,q09,3,8,Experts question timing of vaccination against shingles - PMC,https://pmc.ncbi.nlm.nih.gov/articles/PMC3707991/,pmc.ncbi.nlm.nih.gov,NACI recommends all adults over 60 receive one dose of Zostavax. The ... The vaccine is 51% effective at preventing the illness in adults 60 years of ... Missing:  immunisation  | Show results with:,,752.33,results/tinyfish/q09_run3.json
tinyfish,q09,3,9,Vaccination for the prevention of shingles (herpes zoster) in ...,https://www.uptodate.com/contents/vaccination-for-the-prevention-of-shingles-herpes-zoster-in-adults,www.uptodate.com,"Adult immunization schedule by age – Recommendations for ages 19 years or older, United States, 2025 · Adult immunization schedule by medical condition and ...",,752.33,results/tinyfish/q09_run3.json
tinyfish,q09,3,10,Shingles Vaccine Guide for Adults Over 50 - Stanley Pharmacy,https://askstanley.com/blog/shingles-shot-guide/,askstanley.com,The CDC recommends the shingles vaccine for healthy adults 50 years and older. ... By following the recommended vaccination schedule and staying ...,,752.33,results/tinyfish/q09_run3.json
tinyfish,q10,1,1,2025 AHA/ACC/AANP/AAPA/ABC/ACCP/ACPM/AGS/AMA/ ...,https://www.ahajournals.org/doi/10.1161/HYP.0000000000000249,www.ahajournals.org,"by Writing Committee Members* · 2025 · Cited by 906 — Guideline for the Prevention, Detection, Evaluation and Management of High Blood Pressure in Adults: evaluation, and management of high blood pressure in ...",,939.8,results/tinyfish/q10_run1.json
tinyfish,q10,1,2,Updates in the 2025 AHA/ACC Hypertension Guideline - PMC,https://pmc.ncbi.nlm.nih.gov/articles/PMC12995957/,pmc.ncbi.nlm.nih.gov,by C Brown · 2026 · Cited by 24 — The overarching treatment goal of < 130/80 mm Hg is reaffirmed with “encouragement to achieve < 120/80 mm Hg” for most adults [3]. Exceptions include those in ...,,939.8,results/tinyfish/q10_run1.json
tinyfish,q10,1,3,AAFP Hypertension Guidelines For Adult Care,https://www.aafp.org/clinical-insights/cardiometabolic-health/hypertension,www.aafp.org,"Review AAFP hypertension guidelines for adults, including BP targets, clinical tools, and evidence-based recommendations for primary care.",,939.8,results/tinyfish/q10_run1.json
tinyfish,q10,1,4,Diagnosis and Management of Hypertension (HTN) in Primary ...,https://www.healthquality.va.gov/guidelines/cd/htn/,www.healthquality.va.gov,The guideline describes the critical decision points in the Diagnosis and Management of Hypertension in Primary Care,,939.8,results/tinyfish/q10_run1.json
tinyfish,q10,1,5,Hypertension in adults: Initial management,https://www.uptodate.com/contents/hypertension-in-adults-initial-management,www.uptodate.com,Duration of treatment – Most individuals with hypertension require lifelong antihypertensive medications to control their blood pressure.,"Sep 3, 2026",939.8,results/tinyfish/q10_run1.json
tinyfish,q10,1,6,New high blood pressure guideline emphasizes prevention ...,https://newsroom.heart.org/news/new-high-blood-pressure-guideline-emphasizes-prevention-early-treatment-to-reduce-cvd-risk,newsroom.heart.org,The guideline recommends early treatment for people diagnosed with high blood pressure with a goal of systolic blood pressure (top number) goal ...,"Aug 14, 2025",939.8,results/tinyfish/q10_run1.json
tinyfish,q10,1,7,Guidelines – Hypertension Canada | For Healthcare ...,https://hypertension.ca/guidelines/,hypertension.ca,The 2025 Hypertension Canada Guidelines consists of 2 parts: A Primary Care Guideline and a Comprehensive Guideline for the more specialized topics (1) .,,939.8,results/tinyfish/q10_run1.json
tinyfish,q10,1,8,AAFP Issues New Clinical Practice Guideline on Hypertension,https://pmc.ncbi.nlm.nih.gov/articles/PMC10042574/,pmc.ncbi.nlm.nih.gov,by N Staff · 2023 · Cited by 6 — The guideline strongly recommends that clinicians treat adults who have hypertension to a standard blood pressure target of less than 140/90 mm Hg,,939.8,results/tinyfish/q10_run1.json
tinyfish,q10,1,9,Hypertension Canada guideline for the diagnosis and ...,https://www.cmaj.ca/content/197/20/E549,www.cmaj.ca,by R Goupil · 2025 · Cited by 96 — This guideline is intended to provide pragmatic primary care–focused recommendations to improve hypertension management in adults at the ...,,939.8,results/tinyfish/q10_run1.json
tinyfish,q10,1,10,Hypertension Treatment & Management,https://emedicine.medscape.com/article/241381-treatment,emedicine.medscape.com,"In the AHA/ACC guidelines, lifestyle modification is recommended for all patients with elevated BP or hypertension. If the BP remains at or ...","May 27, 2026",939.8,results/tinyfish/q10_run1.json
tinyfish,q10,2,1,2025 AHA/ACC/AANP/AAPA/ABC/ACCP/ACPM/AGS/AMA/ ...,https://www.ahajournals.org/doi/10.1161/HYP.0000000000000249,www.ahajournals.org,"by Writing Committee Members* · 2025 · Cited by 906 — Guideline for the Prevention, Detection, Evaluation and Management of High Blood Pressure in Adults: evaluation, and management of high blood pressure in ...",,725.6,results/tinyfish/q10_run2.json
tinyfish,q10,2,2,Updates in the 2025 AHA/ACC Hypertension Guideline - PMC,https://pmc.ncbi.nlm.nih.gov/articles/PMC12995957/,pmc.ncbi.nlm.nih.gov,by C Brown · 2026 · Cited by 24 — The overarching treatment goal of < 130/80 mm Hg is reaffirmed with “encouragement to achieve < 120/80 mm Hg” for most adults [3]. Exceptions include those in ...,,725.6,results/tinyfish/q10_run2.json
tinyfish,q10,2,3,AAFP Hypertension Guidelines For Adult Care,https://www.aafp.org/clinical-insights/cardiometabolic-health/hypertension,www.aafp.org,"Review AAFP hypertension guidelines for adults, including BP targets, clinical tools, and evidence-based recommendations for primary care.",,725.6,results/tinyfish/q10_run2.json
tinyfish,q10,2,4,Diagnosis and Management of Hypertension (HTN) in Primary ...,https://www.healthquality.va.gov/guidelines/cd/htn/,www.healthquality.va.gov,The guideline describes the critical decision points in the Diagnosis and Management of Hypertension in Primary Care,,725.6,results/tinyfish/q10_run2.json
tinyfish,q10,2,5,Hypertension in adults: Initial management,https://www.uptodate.com/contents/hypertension-in-adults-initial-management,www.uptodate.com,Duration of treatment – Most individuals with hypertension require lifelong antihypertensive medications to control their blood pressure.,"Sep 3, 2026",725.6,results/tinyfish/q10_run2.json
tinyfish,q10,2,6,New high blood pressure guideline emphasizes prevention ...,https://newsroom.heart.org/news/new-high-blood-pressure-guideline-emphasizes-prevention-early-treatment-to-reduce-cvd-risk,newsroom.heart.org,The guideline recommends early treatment for people diagnosed with high blood pressure with a goal of systolic blood pressure (top number) goal ...,"Aug 14, 2025",725.6,results/tinyfish/q10_run2.json
tinyfish,q10,2,7,Guidelines – Hypertension Canada | For Healthcare ...,https://hypertension.ca/guidelines/,hypertension.ca,The 2025 Hypertension Canada Guidelines consists of 2 parts: A Primary Care Guideline and a Comprehensive Guideline for the more specialized topics (1) .,,725.6,results/tinyfish/q10_run2.json
tinyfish,q10,2,8,AAFP Issues New Clinical Practice Guideline on Hypertension,https://pmc.ncbi.nlm.nih.gov/articles/PMC10042574/,pmc.ncbi.nlm.nih.gov,by N Staff · 2023 · Cited by 6 — The guideline strongly recommends that clinicians treat adults who have hypertension to a standard blood pressure target of less than 140/90 mm Hg,,725.6,results/tinyfish/q10_run2.json
tinyfish,q10,2,9,Hypertension Canada guideline for the diagnosis and ...,https://www.cmaj.ca/content/197/20/E549,www.cmaj.ca,by R Goupil · 2025 · Cited by 96 — This guideline is intended to provide pragmatic primary care–focused recommendations to improve hypertension management in adults at the ...,,725.6,results/tinyfish/q10_run2.json
tinyfish,q10,2,10,Hypertension Treatment & Management,https://emedicine.medscape.com/article/241381-treatment,emedicine.medscape.com,"In the AHA/ACC guidelines, lifestyle modification is recommended for all patients with elevated BP or hypertension. If the BP remains at or ...","May 27, 2026",725.6,results/tinyfish/q10_run2.json
tinyfish,q10,3,1,2025 AHA/ACC/AANP/AAPA/ABC/ACCP/ACPM/AGS/AMA/ ...,https://www.ahajournals.org/doi/10.1161/HYP.0000000000000249,www.ahajournals.org,"by Writing Committee Members* · 2025 · Cited by 906 — Guideline for the Prevention, Detection, Evaluation and Management of High Blood Pressure in Adults: evaluation, and management of high blood pressure in ...",,750.57,results/tinyfish/q10_run3.json
tinyfish,q10,3,2,Updates in the 2025 AHA/ACC Hypertension Guideline - PMC,https://pmc.ncbi.nlm.nih.gov/articles/PMC12995957/,pmc.ncbi.nlm.nih.gov,by C Brown · 2026 · Cited by 24 — The overarching treatment goal of < 130/80 mm Hg is reaffirmed with “encouragement to achieve < 120/80 mm Hg” for most adults [3]. Exceptions include those in ...,,750.57,results/tinyfish/q10_run3.json
tinyfish,q10,3,3,AAFP Hypertension Guidelines For Adult Care,https://www.aafp.org/clinical-insights/cardiometabolic-health/hypertension,www.aafp.org,"Review AAFP hypertension guidelines for adults, including BP targets, clinical tools, and evidence-based recommendations for primary care.",,750.57,results/tinyfish/q10_run3.json
tinyfish,q10,3,4,Diagnosis and Management of Hypertension (HTN) in Primary ...,https://www.healthquality.va.gov/guidelines/cd/htn/,www.healthquality.va.gov,The guideline describes the critical decision points in the Diagnosis and Management of Hypertension in Primary Care,,750.57,results/tinyfish/q10_run3.json
tinyfish,q10,3,5,Hypertension in adults: Initial management,https://www.uptodate.com/contents/hypertension-in-adults-initial-management,www.uptodate.com,Duration of treatment – Most individuals with hypertension require lifelong antihypertensive medications to control their blood pressure.,"Sep 3, 2026",750.57,results/tinyfish/q10_run3.json
tinyfish,q10,3,6,New high blood pressure guideline emphasizes prevention ...,https://newsroom.heart.org/news/new-high-blood-pressure-guideline-emphasizes-prevention-early-treatment-to-reduce-cvd-risk,newsroom.heart.org,The guideline recommends early treatment for people diagnosed with high blood pressure with a goal of systolic blood pressure (top number) goal ...,"Aug 14, 2025",750.57,results/tinyfish/q10_run3.json
tinyfish,q10,3,7,Guidelines – Hypertension Canada | For Healthcare ...,https://hypertension.ca/guidelines/,hypertension.ca,The 2025 Hypertension Canada Guidelines consists of 2 parts: A Primary Care Guideline and a Comprehensive Guideline for the more specialized topics (1) .,,750.57,results/tinyfish/q10_run3.json
tinyfish,q10,3,8,AAFP Issues New Clinical Practice Guideline on Hypertension,https://pmc.ncbi.nlm.nih.gov/articles/PMC10042574/,pmc.ncbi.nlm.nih.gov,by N Staff · 2023 · Cited by 6 — The guideline strongly recommends that clinicians treat adults who have hypertension to a standard blood pressure target of less than 140/90 mm Hg,,750.57,results/tinyfish/q10_run3.json
tinyfish,q10,3,9,Hypertension Canada guideline for the diagnosis and ...,https://www.cmaj.ca/content/197/20/E549,www.cmaj.ca,by R Goupil · 2025 · Cited by 96 — This guideline is intended to provide pragmatic primary care–focused recommendations to improve hypertension management in adults at the ...,,750.57,results/tinyfish/q10_run3.json
tinyfish,q10,3,10,Hypertension Treatment & Management,https://emedicine.medscape.com/article/241381-treatment,emedicine.medscape.com,"In the AHA/ACC guidelines, lifestyle modification is recommended for all patients with elevated BP or hypertension. If the BP remains at or ...","May 27, 2026",750.57,results/tinyfish/q10_run3.json
tinyfish,q11,1,1,Evaluation of vitamin B12 monitoring in patients on metformin ...,https://pmc.ncbi.nlm.nih.gov/articles/PMC6763298/,pmc.ncbi.nlm.nih.gov,by SL Longo · 2019 · Cited by 18 — monitoring of vitamin B12 every two to three years in patients with inadequate vitamin B12 and calcium intake or absorption is recommended.6,,1099.5,results/tinyfish/q11_run1.json
tinyfish,q11,1,2,Metformin and reduced vitamin B12 levels: new advice for ...,https://www.gov.uk/drug-safety-update/metformin-and-reduced-vitamin-b12-levels-new-advice-for-monitoring-patients-at-risk,www.gov.uk,We also advise that periodic monitoring for patients with risk factors for vitamin B12 deficiency should be considered.,"Jun 20, 2022",1099.5,results/tinyfish/q11_run1.json
tinyfish,q11,1,3,Improving Vitamin B12 Monitoring in Metformin-Treated Patients,https://scholar.rochesterregional.org/cgi/viewcontent.cgi?article=1263&context=advances,scholar.rochesterregional.org,95% confidence intervals (CIs) related to potential predictors of vitamin B12 defi- ciency in patients with chronic metformin use.,by H Kharel · 2025,1099.5,results/tinyfish/q11_run1.json
tinyfish,q11,1,4,What evidence is there to support monitoring a B12 level in ...,https://inpharmd.com/inquiries/04d727a0433a3a9dd120b4d74a7565ff5e15042d2d4ea8c8f0551dfddcf1189f,inpharmd.com,"The ADA guidelines recommend periodic monitoring of vitamin B12 levels for patients on metformin, especially those who have been taking it for more than 4 years",,1099.5,results/tinyfish/q11_run1.json
tinyfish,q11,1,5,Metformin use and vitamin B12 deficiency: New MHRA ...,https://diabetesonthenet.com/journal-diabetes-nursing/metformin-vitamin-b12-deficiency-mhra/,diabetesonthenet.com,Consider periodic monitoring of B12 in patients on metformin with risk factors for B12 deficiency. Risk factors are quite wide-ranging and ...,"Nov 2, 2022",1099.5,results/tinyfish/q11_run1.json
tinyfish,q11,1,6,Vitamin B12 Monitoring in Patients Taking Metformin • ...,https://www.facebook.com/PACES2021/posts/vitamin-b12-monitoring-in-patients-taking-metformin-metformin-4-years-check-vita/1615576697248791/,www.facebook.com,Once yearly is generally sufficient for monitoring in higher-risk patients. • Twice-yearly testing: Not routinely required,3 days ago,1099.5,results/tinyfish/q11_run1.json
tinyfish,q11,1,7,Vitamin B12 Monitoring in Metformin Users: Are We ...,https://scholarlycommons.henryford.com/pharmacy_mtgabstracts/131/,scholarlycommons.henryford.com,"American Diabetes Association (ADA) guidelines recommend annual vitamin B12 testing in patients on metformin therapy for at least 4 years, real ...",by L Pierce · 2026,1099.5,results/tinyfish/q11_run1.json
tinyfish,q11,1,8,BSol IMOC–– Guidance on metformin and B12 screening ...,https://www.birminghamandsurroundsformulary.nhs.uk/docs/files/MTF%20and%20B12%20Info%20sheet%20July%202023.pdf?UNLID=630937306202662024341,www.birminghamandsurroundsformulary.nhs.uk,"Routine screening of B12 in patients taking metformin is not currently recommended. There is no need for prophylactic B12 administration. Also, periodic ...",,1099.5,results/tinyfish/q11_run1.json
tinyfish,q11,1,9,What to Know About Taking Metformin and Vitamin B12,https://www.goodrx.com/metformin/metformin-and-vitamin-b12?srsltid=AU7gw4UxXf4GHJQft72J-YsPS0Xdk52sp5i3WG7tjZNIr-2QKlXWZ9X3,www.goodrx.com,Your prescriber will likely check your vitamin B12 levels at least once a year while you're taking metformin. They'll recommend the right form and dose of ...,,1099.5,results/tinyfish/q11_run1.json
tinyfish,q11,1,10,Clinician awareness and implementation of vitamin ... - PMC,https://pmc.ncbi.nlm.nih.gov/articles/PMC12918417/,pmc.ncbi.nlm.nih.gov,"by I Parsonage · 2026 · Cited by 1 — The MHRA [15] states that low vitamin B12 is now considered to be a common side effect, especially when taking high-dose or long-term metformin, affecting up to ...",,1099.5,results/tinyfish/q11_run1.json
tinyfish,q11,2,1,Evaluation of vitamin B12 monitoring in patients on metformin ...,https://pmc.ncbi.nlm.nih.gov/articles/PMC6763298/,pmc.ncbi.nlm.nih.gov,by SL Longo · 2019 · Cited by 18 — monitoring of vitamin B12 every two to three years in patients with inadequate vitamin B12 and calcium intake or absorption is recommended.6,,662.06,results/tinyfish/q11_run2.json
tinyfish,q11,2,2,Metformin and reduced vitamin B12 levels: new advice for ...,https://www.gov.uk/drug-safety-update/metformin-and-reduced-vitamin-b12-levels-new-advice-for-monitoring-patients-at-risk,www.gov.uk,We also advise that periodic monitoring for patients with risk factors for vitamin B12 deficiency should be considered.,"Jun 20, 2022",662.06,results/tinyfish/q11_run2.json
tinyfish,q11,2,3,Improving Vitamin B12 Monitoring in Metformin-Treated Patients,https://scholar.rochesterregional.org/cgi/viewcontent.cgi?article=1263&context=advances,scholar.rochesterregional.org,95% confidence intervals (CIs) related to potential predictors of vitamin B12 defi- ciency in patients with chronic metformin use.,by H Kharel · 2025,662.06,results/tinyfish/q11_run2.json
tinyfish,q11,2,4,What evidence is there to support monitoring a B12 level in ...,https://inpharmd.com/inquiries/04d727a0433a3a9dd120b4d74a7565ff5e15042d2d4ea8c8f0551dfddcf1189f,inpharmd.com,"The ADA guidelines recommend periodic monitoring of vitamin B12 levels for patients on metformin, especially those who have been taking it for more than 4 years",,662.06,results/tinyfish/q11_run2.json
tinyfish,q11,2,5,Metformin use and vitamin B12 deficiency: New MHRA ...,https://diabetesonthenet.com/journal-diabetes-nursing/metformin-vitamin-b12-deficiency-mhra/,diabetesonthenet.com,Consider periodic monitoring of B12 in patients on metformin with risk factors for B12 deficiency. Risk factors are quite wide-ranging and ...,"Nov 2, 2022",662.06,results/tinyfish/q11_run2.json
tinyfish,q11,2,6,Vitamin B12 Monitoring in Patients Taking Metformin • ...,https://www.facebook.com/PACES2021/posts/vitamin-b12-monitoring-in-patients-taking-metformin-metformin-4-years-check-vita/1615576697248791/,www.facebook.com,Once yearly is generally sufficient for monitoring in higher-risk patients. • Twice-yearly testing: Not routinely required,3 days ago,662.06,results/tinyfish/q11_run2.json
tinyfish,q11,2,7,Vitamin B12 Monitoring in Metformin Users: Are We ...,https://scholarlycommons.henryford.com/pharmacy_mtgabstracts/131/,scholarlycommons.henryford.com,"American Diabetes Association (ADA) guidelines recommend annual vitamin B12 testing in patients on metformin therapy for at least 4 years, real ...",by L Pierce · 2026,662.06,results/tinyfish/q11_run2.json
tinyfish,q11,2,8,BSol IMOC–– Guidance on metformin and B12 screening ...,https://www.birminghamandsurroundsformulary.nhs.uk/docs/files/MTF%20and%20B12%20Info%20sheet%20July%202023.pdf?UNLID=630937306202662024341,www.birminghamandsurroundsformulary.nhs.uk,"Routine screening of B12 in patients taking metformin is not currently recommended. There is no need for prophylactic B12 administration. Also, periodic ...",,662.06,results/tinyfish/q11_run2.json
tinyfish,q11,2,9,What to Know About Taking Metformin and Vitamin B12,https://www.goodrx.com/metformin/metformin-and-vitamin-b12?srsltid=AU7gw4UxXf4GHJQft72J-YsPS0Xdk52sp5i3WG7tjZNIr-2QKlXWZ9X3,www.goodrx.com,Your prescriber will likely check your vitamin B12 levels at least once a year while you're taking metformin. They'll recommend the right form and dose of ...,,662.06,results/tinyfish/q11_run2.json
tinyfish,q11,2,10,Clinician awareness and implementation of vitamin ... - PMC,https://pmc.ncbi.nlm.nih.gov/articles/PMC12918417/,pmc.ncbi.nlm.nih.gov,"by I Parsonage · 2026 · Cited by 1 — The MHRA [15] states that low vitamin B12 is now considered to be a common side effect, especially when taking high-dose or long-term metformin, affecting up to ...",,662.06,results/tinyfish/q11_run2.json
tinyfish,q11,3,1,Evaluation of vitamin B12 monitoring in patients on metformin ...,https://pmc.ncbi.nlm.nih.gov/articles/PMC6763298/,pmc.ncbi.nlm.nih.gov,by SL Longo · 2019 · Cited by 18 — monitoring of vitamin B12 every two to three years in patients with inadequate vitamin B12 and calcium intake or absorption is recommended.6,,781.44,results/tinyfish/q11_run3.json
tinyfish,q11,3,2,Metformin and reduced vitamin B12 levels: new advice for ...,https://www.gov.uk/drug-safety-update/metformin-and-reduced-vitamin-b12-levels-new-advice-for-monitoring-patients-at-risk,www.gov.uk,We also advise that periodic monitoring for patients with risk factors for vitamin B12 deficiency should be considered.,"Jun 20, 2022",781.44,results/tinyfish/q11_run3.json
tinyfish,q11,3,3,Improving Vitamin B12 Monitoring in Metformin-Treated Patients,https://scholar.rochesterregional.org/cgi/viewcontent.cgi?article=1263&context=advances,scholar.rochesterregional.org,95% confidence intervals (CIs) related to potential predictors of vitamin B12 defi- ciency in patients with chronic metformin use.,by H Kharel · 2025,781.44,results/tinyfish/q11_run3.json
tinyfish,q11,3,4,What evidence is there to support monitoring a B12 level in ...,https://inpharmd.com/inquiries/04d727a0433a3a9dd120b4d74a7565ff5e15042d2d4ea8c8f0551dfddcf1189f,inpharmd.com,"The ADA guidelines recommend periodic monitoring of vitamin B12 levels for patients on metformin, especially those who have been taking it for more than 4 years",,781.44,results/tinyfish/q11_run3.json
tinyfish,q11,3,5,Metformin use and vitamin B12 deficiency: New MHRA ...,https://diabetesonthenet.com/journal-diabetes-nursing/metformin-vitamin-b12-deficiency-mhra/,diabetesonthenet.com,Consider periodic monitoring of B12 in patients on metformin with risk factors for B12 deficiency. Risk factors are quite wide-ranging and ...,"Nov 2, 2022",781.44,results/tinyfish/q11_run3.json
tinyfish,q11,3,6,Vitamin B12 Monitoring in Patients Taking Metformin • ...,https://www.facebook.com/PACES2021/posts/vitamin-b12-monitoring-in-patients-taking-metformin-metformin-4-years-check-vita/1615576697248791/,www.facebook.com,Once yearly is generally sufficient for monitoring in higher-risk patients. • Twice-yearly testing: Not routinely required,3 days ago,781.44,results/tinyfish/q11_run3.json
tinyfish,q11,3,7,Vitamin B12 Monitoring in Metformin Users: Are We ...,https://scholarlycommons.henryford.com/pharmacy_mtgabstracts/131/,scholarlycommons.henryford.com,"American Diabetes Association (ADA) guidelines recommend annual vitamin B12 testing in patients on metformin therapy for at least 4 years, real ...",by L Pierce · 2026,781.44,results/tinyfish/q11_run3.json
tinyfish,q11,3,8,BSol IMOC–– Guidance on metformin and B12 screening ...,https://www.birminghamandsurroundsformulary.nhs.uk/docs/files/MTF%20and%20B12%20Info%20sheet%20July%202023.pdf?UNLID=630937306202662024341,www.birminghamandsurroundsformulary.nhs.uk,"Routine screening of B12 in patients taking metformin is not currently recommended. There is no need for prophylactic B12 administration. Also, periodic ...",,781.44,results/tinyfish/q11_run3.json
tinyfish,q11,3,9,What to Know About Taking Metformin and Vitamin B12,https://www.goodrx.com/metformin/metformin-and-vitamin-b12?srsltid=AU7gw4UxXf4GHJQft72J-YsPS0Xdk52sp5i3WG7tjZNIr-2QKlXWZ9X3,www.goodrx.com,Your prescriber will likely check your vitamin B12 levels at least once a year while you're taking metformin. They'll recommend the right form and dose of ...,,781.44,results/tinyfish/q11_run3.json
tinyfish,q11,3,10,Clinician awareness and implementation of vitamin ... - PMC,https://pmc.ncbi.nlm.nih.gov/articles/PMC12918417/,pmc.ncbi.nlm.nih.gov,"by I Parsonage · 2026 · Cited by 1 — The MHRA [15] states that low vitamin B12 is now considered to be a common side effect, especially when taking high-dose or long-term metformin, affecting up to ...",,781.44,results/tinyfish/q11_run3.json
tinyfish,q12,1,1,Dosage and Administration,https://www.dupixenthcp.com/atopicdermatitis/dosage-administration,www.dupixenthcp.com,"AD, atopic dermatitis; Q2W, once every 2 weeks; Q4W, once every 4 weeks. a5 kg is equal to 11 lb; 15 kg is equal to 33 lb; 30 kg is equal to 66 lb; 60 ...",,732.86,results/tinyfish/q12_run1.json
tinyfish,q12,1,2,How DUPIXENT® (dupilumab) is Taken: Eczema Dosing,https://www.dupixent.com/atopicdermatitis/why-dupixent/dosing,www.dupixent.com,Young children (6 months-5 years) Dosage 33 lb to under 66 lb 300 mg (one 300-mg injection) 300 mg every 4 weeks 11 lb to under 33 lb 200 mg (one 200-mg ...,,732.86,results/tinyfish/q12_run1.json
tinyfish,q12,1,3,Dosage and Administration,https://www.dupixenthcp.com/asthma/dosage-administration,www.dupixenthcp.com,"In children 12 years of age and older, by every-2-week dosing of a 300 mg pre-filled pen or syringe ・ 6-11 years: 30 kg or mored Every2 Weeks 200mg 1 pre- ...",,732.86,results/tinyfish/q12_run1.json
tinyfish,q12,1,4,The Posology of Dupilumab in Pediatric Patients With Atopic ...,https://pmc.ncbi.nlm.nih.gov/articles/PMC9290854/,pmc.ncbi.nlm.nih.gov,by MA Kamal · 2021 · Cited by 20 — ☑ The recommended posology (200 mg q2w in adolescents < 60 kg and 300 mg q2w in adolescents ≥ 60 kg; 300 mg q4w in children < 30 kg and 200 mg q2w in children ...,,732.86,results/tinyfish/q12_run1.json
tinyfish,q12,1,5,"Dupixent (dupilumab) dosing, indications, interactions, ...",https://reference.medscape.com/drug/dupixent-dupilumab-1000131,reference.medscape.com,"600 mg (ie, two 300-mg injections) SC once, and then 300 mg SC every other week … for topical dermatitis,",,732.86,results/tinyfish/q12_run1.json
tinyfish,q12,1,6,DUPIXENT® Full Prescribing Information,https://www.regeneron.com/downloads/dupixent_fpi.pdf,www.regeneron.com,The recommended dosage of DUPIXENT for pediatric patients 6 months to 5 years of age is specified in Table 1. Table 1: Dosage of DUPIXENT in Pediatric Patients ...,,732.86,results/tinyfish/q12_run1.json
tinyfish,q12,1,7,"Dupixent, INN-dupilumab - European Medicines Agency (EMA)",https://www.ema.europa.eu/en/documents/product-information/dupixent-epar-product-information_en.pdf,www.ema.europa.eu,"For paediatric patients (6 to 11 years old) with asthma and co-morbid severe atopic dermatitis, the recommended dose is provided in Table 2. 300 mg every other ...",,732.86,results/tinyfish/q12_run1.json
tinyfish,q12,1,8,Dupilumab Dosing Considerations for Pediatric Patient ...,https://www.hcplive.com/view/dupilumab-dosing-considerations-for-pediatric-patient-populations,www.hcplive.com,"You just start with either 200 mg if they're less than 15 kg, or 300 mg if they're 15 to 30 kg. Then you just go every 4 weeks. Again, you don't ...",,732.86,results/tinyfish/q12_run1.json
tinyfish,q12,1,9,Dupixent - dupilumab - Sanofi-Aventis Australia Pty Ltd,https://www.tga.gov.au/sites/default/files/auspar-dupilumab-220504-pi.pdf,www.tga.gov.au,Refer to Table 1 for dose adjustments based on body weight for adolescent and paediatric patients with atopic dermatitis. Preparation and ...,"May 4, 2022",732.86,results/tinyfish/q12_run1.json
tinyfish,q12,1,10,"DUPIXENT® (dupilumab) injection, for subcutaneous use",https://www.accessdata.fda.gov/drugsatfda_docs/label/2022/761055s042lbl.pdf,www.accessdata.fda.gov,The recommended dosage of DUPIXENT for pediatric patients 6 months to 5 years of age is specified in Table 1. Table 1: Dosage of DUPIXENT in Pediatric Patients ...,,732.86,results/tinyfish/q12_run1.json
tinyfish,q12,2,1,Dosage and Administration,https://www.dupixenthcp.com/atopicdermatitis/dosage-administration,www.dupixenthcp.com,"AD, atopic dermatitis; Q2W, once every 2 weeks; Q4W, once every 4 weeks. a5 kg is equal to 11 lb; 15 kg is equal to 33 lb; 30 kg is equal to 66 lb; 60 ...",,665.03,results/tinyfish/q12_run2.json
tinyfish,q12,2,2,How DUPIXENT® (dupilumab) is Taken: Eczema Dosing,https://www.dupixent.com/atopicdermatitis/why-dupixent/dosing,www.dupixent.com,Young children (6 months-5 years) Dosage 33 lb to under 66 lb 300 mg (one 300-mg injection) 300 mg every 4 weeks 11 lb to under 33 lb 200 mg (one 200-mg ...,,665.03,results/tinyfish/q12_run2.json
tinyfish,q12,2,3,Dosage and Administration,https://www.dupixenthcp.com/asthma/dosage-administration,www.dupixenthcp.com,"In children 12 years of age and older, by every-2-week dosing of a 300 mg pre-filled pen or syringe ・ 6-11 years: 30 kg or mored Every2 Weeks 200mg 1 pre- ...",,665.03,results/tinyfish/q12_run2.json
tinyfish,q12,2,4,The Posology of Dupilumab in Pediatric Patients With Atopic ...,https://pmc.ncbi.nlm.nih.gov/articles/PMC9290854/,pmc.ncbi.nlm.nih.gov,by MA Kamal · 2021 · Cited by 20 — ☑ The recommended posology (200 mg q2w in adolescents < 60 kg and 300 mg q2w in adolescents ≥ 60 kg; 300 mg q4w in children < 30 kg and 200 mg q2w in children ...,,665.03,results/tinyfish/q12_run2.json
tinyfish,q12,2,5,"Dupixent (dupilumab) dosing, indications, interactions, ...",https://reference.medscape.com/drug/dupixent-dupilumab-1000131,reference.medscape.com,"600 mg (ie, two 300-mg injections) SC once, and then 300 mg SC every other week … for topical dermatitis,",,665.03,results/tinyfish/q12_run2.json
tinyfish,q12,2,6,DUPIXENT® Full Prescribing Information,https://www.regeneron.com/downloads/dupixent_fpi.pdf,www.regeneron.com,The recommended dosage of DUPIXENT for pediatric patients 6 months to 5 years of age is specified in Table 1. Table 1: Dosage of DUPIXENT in Pediatric Patients ...,,665.03,results/tinyfish/q12_run2.json
tinyfish,q12,2,7,"Dupixent, INN-dupilumab - European Medicines Agency (EMA)",https://www.ema.europa.eu/en/documents/product-information/dupixent-epar-product-information_en.pdf,www.ema.europa.eu,"For paediatric patients (6 to 11 years old) with asthma and co-morbid severe atopic dermatitis, the recommended dose is provided in Table 2. 300 mg every other ...",,665.03,results/tinyfish/q12_run2.json
tinyfish,q12,2,8,Dupilumab Dosing Considerations for Pediatric Patient ...,https://www.hcplive.com/view/dupilumab-dosing-considerations-for-pediatric-patient-populations,www.hcplive.com,"You just start with either 200 mg if they're less than 15 kg, or 300 mg if they're 15 to 30 kg. Then you just go every 4 weeks. Again, you don't ...",,665.03,results/tinyfish/q12_run2.json
tinyfish,q12,2,9,Dupixent - dupilumab - Sanofi-Aventis Australia Pty Ltd,https://www.tga.gov.au/sites/default/files/auspar-dupilumab-220504-pi.pdf,www.tga.gov.au,Refer to Table 1 for dose adjustments based on body weight for adolescent and paediatric patients with atopic dermatitis. Preparation and ...,"May 4, 2022",665.03,results/tinyfish/q12_run2.json
tinyfish,q12,2,10,"DUPIXENT® (dupilumab) injection, for subcutaneous use",https://www.accessdata.fda.gov/drugsatfda_docs/label/2022/761055s042lbl.pdf,www.accessdata.fda.gov,The recommended dosage of DUPIXENT for pediatric patients 6 months to 5 years of age is specified in Table 1. Table 1: Dosage of DUPIXENT in Pediatric Patients ...,,665.03,results/tinyfish/q12_run2.json
tinyfish,q12,3,1,Dosage and Administration,https://www.dupixenthcp.com/atopicdermatitis/dosage-administration,www.dupixenthcp.com,"AD, atopic dermatitis; Q2W, once every 2 weeks; Q4W, once every 4 weeks. a5 kg is equal to 11 lb; 15 kg is equal to 33 lb; 30 kg is equal to 66 lb; 60 ...",,954.55,results/tinyfish/q12_run3.json
tinyfish,q12,3,2,How DUPIXENT® (dupilumab) is Taken: Eczema Dosing,https://www.dupixent.com/atopicdermatitis/why-dupixent/dosing,www.dupixent.com,Young children (6 months-5 years) Dosage 33 lb to under 66 lb 300 mg (one 300-mg injection) 300 mg every 4 weeks 11 lb to under 33 lb 200 mg (one 200-mg ...,,954.55,results/tinyfish/q12_run3.json
tinyfish,q12,3,3,Dosage and Administration,https://www.dupixenthcp.com/asthma/dosage-administration,www.dupixenthcp.com,"In children 12 years of age and older, by every-2-week dosing of a 300 mg pre-filled pen or syringe ・ 6-11 years: 30 kg or mored Every2 Weeks 200mg 1 pre- ...",,954.55,results/tinyfish/q12_run3.json
tinyfish,q12,3,4,The Posology of Dupilumab in Pediatric Patients With Atopic ...,https://pmc.ncbi.nlm.nih.gov/articles/PMC9290854/,pmc.ncbi.nlm.nih.gov,by MA Kamal · 2021 · Cited by 20 — ☑ The recommended posology (200 mg q2w in adolescents < 60 kg and 300 mg q2w in adolescents ≥ 60 kg; 300 mg q4w in children < 30 kg and 200 mg q2w in children ...,,954.55,results/tinyfish/q12_run3.json
tinyfish,q12,3,5,"Dupixent (dupilumab) dosing, indications, interactions, ...",https://reference.medscape.com/drug/dupixent-dupilumab-1000131,reference.medscape.com,"600 mg (ie, two 300-mg injections) SC once, and then 300 mg SC every other week … for topical dermatitis,",,954.55,results/tinyfish/q12_run3.json
tinyfish,q12,3,6,DUPIXENT® Full Prescribing Information,https://www.regeneron.com/downloads/dupixent_fpi.pdf,www.regeneron.com,The recommended dosage of DUPIXENT for pediatric patients 6 months to 5 years of age is specified in Table 1. Table 1: Dosage of DUPIXENT in Pediatric Patients ...,,954.55,results/tinyfish/q12_run3.json
tinyfish,q12,3,7,"Dupixent, INN-dupilumab - European Medicines Agency (EMA)",https://www.ema.europa.eu/en/documents/product-information/dupixent-epar-product-information_en.pdf,www.ema.europa.eu,"For paediatric patients (6 to 11 years old) with asthma and co-morbid severe atopic dermatitis, the recommended dose is provided in Table 2. 300 mg every other ...",,954.55,results/tinyfish/q12_run3.json
tinyfish,q12,3,8,Dupilumab Dosing Considerations for Pediatric Patient ...,https://www.hcplive.com/view/dupilumab-dosing-considerations-for-pediatric-patient-populations,www.hcplive.com,"You just start with either 200 mg if they're less than 15 kg, or 300 mg if they're 15 to 30 kg. Then you just go every 4 weeks. Again, you don't ...",,954.55,results/tinyfish/q12_run3.json
tinyfish,q12,3,9,Dupixent - dupilumab - Sanofi-Aventis Australia Pty Ltd,https://www.tga.gov.au/sites/default/files/auspar-dupilumab-220504-pi.pdf,www.tga.gov.au,Refer to Table 1 for dose adjustments based on body weight for adolescent and paediatric patients with atopic dermatitis. Preparation and ...,"May 4, 2022",954.55,results/tinyfish/q12_run3.json
tinyfish,q12,3,10,"DUPIXENT® (dupilumab) injection, for subcutaneous use",https://www.accessdata.fda.gov/drugsatfda_docs/label/2022/761055s042lbl.pdf,www.accessdata.fda.gov,The recommended dosage of DUPIXENT for pediatric patients 6 months to 5 years of age is specified in Table 1. Table 1: Dosage of DUPIXENT in Pediatric Patients ...,,954.55,results/tinyfish/q12_run3.json
parallel,q01,1,1,Effectiveness of the Adjuvanted Recombinant Zoster Vaccine in Adults ≥50 Years in the United States | Clinical Infectious Diseases | Oxford Academic,https://academic.oup.com/cid/article/81/6/e717/8171839,academic.oup.com,"# Effectiveness of the Adjuvanted Recombinant Zoster Vaccine in Adults ≥50 Years in the United States _Open Access_
## Abstract
Background
Recombinant zoster vaccine (RZV) was approved for adults aged ≥50 years in the United States to prevent herpes zoster (HZ) and postherpetic neuralgia (PHN). This study evaluated real-world vaccine effectiveness (VE) of RZV in adults aged ≥50 years.
Methods
Among N = 102 766 (median age 68 years) who received 2 RZV doses (4 weeks–6 months apart), 48 028 (46.7%) had previously received zoster vaccine live; aVE was 73.9% (95% CI: 71.8%–75.8%) for HZ and 83.7% (95% CI: 75.1%–89.3%) for PHN. VE against HZ was comparable across individuals with concomitant vaccinations and different comorbidities.

...

Conclusions
Two doses of RZV were effective in preventing HZ and PHN in adults aged ≥50 years, with durable protection. These findings underscore the importance of adhering to the recommended vaccination schedule.

...

Although pre-licensure randomized trials showed high RZV efficacy  [9 , 10 ], further effectiveness studies are needed  [11–13 ]. The reported 2-dose RZV effectiveness against HZ ranged between 70.1% (68.6%–71.5%) and 74% (73%–76%) in ≥65-year-olds and between 76% (75%–78%) and 85.5% (83.5%–87.3%) in ≥50-year-olds  [14–17 ].

...

The overall adjusted 2-dose RZV effectiveness in this study was 73.9% (71.8%–75.8%) over 4 years of follow-up (mean 2.5 years), whereas the previously reported values in adults aged ≥50 years were 83.5% (74.9%–89.2%) (median 2.0 years of follow-up)  [15 ], 85.5% (83.5%–87.3%) (median 7.0 months of follow-up)  [16 ], and 76% (75%–78%) (mean 3.2 years of follow-up in unvaccinated and 1.4 years in 2-dose vaccinated individuals)  [17 ].",2025-06-23,2032.91,results/parallel/q01_run1.json
parallel,q01,1,2,"Vaccine Efficacy | SHINGRIX (Zoster Vaccine Recombinant, Adjuvanted)",https://shingrixhcp.com/efficacy-safety/efficacy-data/,shingrixhcp.com,"# EFFICACY AGAINST SHINGLES BY AGE IN ADULTS ≥50 YEARS OLD ¹
| ### Age | ### Efficacy | ### Shingles cases (n) in SHINGRIX group (N) | ### Shingles cases (n) in placebo group (N) |
| #### 50-59 years old * | #### 96.6% |  |  |
(95% CI: 89.6, 99.3) |3 (3492) |87 (3525) |
|#### 60-69 years old * |#### 97.4%
(95% CI: 90.1, 99.7) |2 (2141) |75 (2166) |
|#### 70-79 years old † |#### 91.3%
(95% CI: 86.0, 94.9) |19 (6468) |216 (6554) |
|#### Age ≥80 † |#### 91.4%
(95% CI: 80.2, 96.9) |6 (1782) |68 (1792) |
The studies were not designed to assess vaccine efficacy by pre-existing medical conditions.

...

## LTFU RESULTS ⁵
### Descriptive Analyses
Select secondary objective:
Overall vaccine efficacy against HZ in adults ≥50 YOA *, † from 1 month post-dose 2 in ZOE-50/-70 to the end of the LTFU
87.7
%
(95% CI: 84.9, 90.1)
n/N: 101/13,881 SHINGRIX ‡ vs 818/14,035 placebo/historical controls §

...

## References
Study entry at:
https://www.gsk-studyregister.com/en/trial-details/?id=113077
5. Strezova A, Domingo JD, Cunningham AL, et al. Final analysis of the ZOE-LTFU trial to 11 years post-vaccination; efficacy of the adjuvanted recombinant zoster vaccine against herpes zoster and related complications. eClinicalMedicine . 2025;83:103241.
6. Food and Drug Administration (FDA).",,2032.91,results/parallel/q01_run1.json
parallel,q01,1,3,Efficacy and safety of the recombinant zoster vaccine: A systematic review and meta-analysis - ScienceDirect,https://www.sciencedirect.com/science/article/pii/S2590136223001389,www.sciencedirect.com,"# Efficacy and safety of the recombinant zoster vaccine: A systematic review and meta-analysis
## Abstract
Twenty three publications reporting on 14 studies were selected, including 2 pivotal RCTs in older immunocompetent adults (ZOE-50 and ZOE-70), 4 RCTs on immunocompromised patients (haematopoietic stem cell transplantation (HSCT), haematological malignancies, solid tumour, and renal transplantation), and 8 observational studies.
Vaccine efficacy of RZV against herpes zoster (HZ) and postherpetic neuralgia (PHN) was very high in immunocompetent older adults (respectively 94% and 91.2% in adults ≥50 years and 91.3% and 88.8% in adults ≥70 years). However, the number needed to vaccinate (NNV) was relatively high (between 32 and 36 for HZ and between 261 and 335 for PHN).",2023-12-01,2032.91,results/parallel/q01_run1.json
parallel,q01,1,4,Effectiveness of recombinant zoster vaccine against herpes ...,https://www.sciencedirect.com/science/article/pii/S0264410X26006511,www.sciencedirect.com,"# Review
## Abstract
### Findings
Similar vaccine effectiveness was found for adults with diabetes (66·6%, 41·8–80·9), liver disease (62·7%, 50·4–72·0), and older adults (75·1% among ≥80 years). Pooled vaccine effectiveness for postherpetic neuralgia for the immunocompetent population was 84·7% (95% CI 60·9–94·0) and for immunocompromised populations was 38·7% (95% CI 19·1–53·5).

## 1. Introduction
Although the virus can be transmitted from patients with herpes zoster to susceptible individuals, the risk of transmission is low [[2]]() . In adults aged ≥50 years, the incidence of herpes zoster ranges from 5 to 11 cases per 1000 person-years, increasing with advancing age [[5]]() . Complications of herpes zoster include postherpetic neuralgia, herpes zoster ophthalmicus, and hospitalisation for severe disease [[6]]() .

...

The pooled vaccine effectiveness of recombinant zoster vaccine against herpes zoster for immunocompromised people was 64·3% (95% CI 61·4–67·0).

# Review
## 3. Results
For the immunocompetent subgroup, seven cohort studies were included in the meta-analysis. Five studies enrolled adults aged 50 years or older; of the remaining two, one included participants aged 40 years or older, and one was restricted to adults aged 65 years or older. The pooled vaccine effectiveness of the recombinant zoster vaccine against herpes zoster was 80·0% (95% CI 74·1–84·5; Fig. 3 ).
In adults aged 50–59 years, three studies were included in the meta-analysis, and the pooled effectiveness of recombinant zoster vaccine against herpes zoster was 72·6% (95% CI 54·8–83·3). Four cohort studies provided estimates for adults aged 60–69 years and 70–79 years; the pooled effectiveness was 76·4% (95% CI 61·8–85·4) and 78·5% (95% CI 66·9–86·0), respectively.",2026-08-13,2032.91,results/parallel/q01_run1.json
parallel,q01,1,5,Recombinant zoster vaccine in immunocompetent and ... - PMC,https://pmc.ncbi.nlm.nih.gov/articles/PMC10653762,pmc.ncbi.nlm.nih.gov,"Recombinant zoster vaccine (RZV) is efficacious against HZ in adults aged ≥50 years in different settings, and in immunocompromised adults aged ≥18 years who are at increased risk of developing HZ.

# Recombinant zoster vaccine in immunocompetent and immunocompromised adults: A review of clinical studies
## Results
### Efficacy
#### Adults aged ≥50 years
In ZOE-50, 15,411 participants aged ≥50 years (mean age 62.3 years) were randomized to receive either RZV ( _n_ = 7698) or placebo ( _n_ = 7713). ¹⁸ During a mean follow-up of 3.2 years, HZ was confirmed in six RZV recipients and 210 placebo recipients (HZ incidence rate 0.3 vs.

...

In the pooled analysis of participants aged ≥70 years from the ZOE trials (subsequently referred to as the ZOE-70 pooled analysis; 16,596 participants in the mTVC), the overall efficacy of RZV (i.e., the primary objective of the pooled analysis) was 91.3% (95% CI: 86.8–94.5) against HZ and 88.8% (95% CI: 68.7–97.1) against PHN.

...

²¹ Across all geographic regions, efficacy against HZ ranged from 95.7% (95% CI: 83.7–100.0) to 97.2% (95% CI: 91.4–99.5) in adults aged ≥50 years and from 87.3% (95% CI: 58.1–97.6) to 95.1% (95% CI: 87.0–98.7) in adults aged ≥70 years.",2015-11-23,2032.91,results/parallel/q01_run1.json
parallel,q01,1,6,"
            Effectiveness and safety of the recombinant zoster vaccine in adults aged ≥50 years with inflammatory bowel disease - PMC
        ",https://pmc.ncbi.nlm.nih.gov/articles/PMC12688260,pmc.ncbi.nlm.nih.gov,"# Effectiveness and safety of the recombinant zoster vaccine in adults aged ≥50 years with inflammatory bowel disease
## ABSTRACT
Adults with inflammatory bowel disease (IBD) face a higher risk of herpes zoster (HZ). We assessed the vaccine effectiveness (VE) of the recombinant zoster vaccine (RZV) in preventing HZ and the risk of flares post-immunization in adults aged ≥50 years with IBD. We conducted a matched cohort analysis at Kaiser Permanente Southern California.

...

An adjuvanted recombinant zoster vaccine (RZV; _Shingrix_ , GSK, Rixensart, Belgium) consisting of lyophilized glycoprotein E antigen and the adjuvant system AS01 B ¹² was approved in 2017 by the United States (US) Food and Drug Administration (FDA) for the prevention of HZ in adults aged ≥50 years, ¹³ and recommended by the Advisory Committee on Immunization Practices (ACIP) in immunocompetent individuals aged ≥50 years.

...

17–20 However, a post-hoc analysis of 2 parallel randomized clinical trials of RZV showed a 90.5% vaccine efficacy against HZ in individuals with pre-existing potential immune-mediated diseases, but these trials excluded those who were considered immunocompromised or were receiving immunosuppressive treatments.

...

# Effectiveness and safety of the recombinant zoster vaccine in adults aged ≥50 years with inflammatory bowel disease
## Discussion
²² In a more recent cohort study using the TriNetX database including adults with IBD aged ≥50 years, individuals vaccinated with RZV had a lower risk of HZ (adjusted odds ratio 0.44, 95% CI, 0.32–0.62) compared to unvaccinated matched adults with IBD. ³⁶",,2032.91,results/parallel/q01_run1.json
parallel,q01,1,7,"
            Recombinant zoster vaccine (Shingrix®): a new option for the prevention of herpes zoster and postherpetic neuralgia - PMC
        ",https://pmc.ncbi.nlm.nih.gov/articles/PMC7336348,pmc.ncbi.nlm.nih.gov,"The National Advisory Committee on Immunization has recommended LZV as a standard vaccine for HZ prevention in adults ≥ 50 years of age, but no studies directly comparing the safety and efficacy of RZV and LZV vaccines have been conducted.

...

# Recombinant zoster vaccine (Shingrix ® ): a new option for the prevention of herpes zoster and postherpetic neuralgia
## MAIN BODY
### 1) LZV, Zostavax ®
Food and Drug Administration (FDA) in adults ≥ 50 years for a one time subcutaneous injection  [24 ]. The FDA recommendation was based on the Zoster Vaccine Efficacy and Safety Trial (ZEST), which showed a 69.8% risk reduction for HZ in patients between 50 and 59 years over 1.3 years of follow-up ( Table 2 )  [25 ].

#### Table 2.
| Characteristic | ZEST | SPS |
| Study population | 50-59 yr with VZV infection | ≥ 60 yr with VZV infection |
| n = 22,439 | n = 38,546 |  |
| Median follow-up | 1.3 yr (up to 2 yr) | 3.12 yr |
| HZ risk reduction | Overall: 69.8% | Overall: 51.3% |
| 60-69 yr: 63.9% |  |  |
| ≥ 70 yr: 37.6% |  |  |

...

#### 2) RZV, Shingrix ®
##### (1) Shingrix ® vaccine efficacy
###### Table 3.
In the pooled analysis of data from the ZOE-50 and ZOE-70 studies, the overall efficacy of Shingrix ® in decreasing HZ risk was 91.3%. Vaccine efficacy was 97.6% in the first year, 92% in the second year, 84.7% in the third year, and 87.9% in the fourth year.",,2032.91,results/parallel/q01_run1.json
parallel,q01,1,8,Shingles Vaccine Recommendations,https://www.cdc.gov/shingles/hcp/vaccine-considerations/index.html,www.cdc.gov,"* CDC recommends 2 doses of recombinant zoster vaccine (RZV) to prevent shingles and related complications in adults aged ≥50 years.
* CDC also recommends 2 doses of RZV for adults aged ≥19 years who are or will be immunodeficient or immunosuppressed.

...

# Shingles Vaccine Recommendations
## Routine recommendations
### People 50 years old and older
CDC recommends 2 doses of Shingrix separated by 2–6 months for immunocompetent adults aged 50 years and older:

...

Studies have shown that the effectiveness of Zostavax wanes substantially over time, leaving recipients with reduced protection against herpes zoster.

# Shingles Vaccine Recommendations
## Timing considerations for giving Shingrix
### For patients who previously received Zostavax
For example, the vaccine efficacy among adults aged 70 to 79 years and adults aged 80 years and older is 41% and 18%, respectively, on average during the first 3 years following Zostavax vaccination.",2024-10-22,2032.91,results/parallel/q01_run1.json
parallel,q01,1,9,Shingles Vaccination | Shingles (Herpes Zoster) | CDC,https://www.cdc.gov/shingles/vaccines/index.html,www.cdc.gov,"* Shingles vaccination is the only way to protect yourself against this painful disease.
* Vaccination is over 90% effective at preventing shingles and postherpetic neuralgia in adults 50 years and older with healthy immune systems.
* Adults 19 years and older who have weakened immune systems are at higher risk of complications and should also get vaccinated.

...

# Shingles Vaccination
## Recommendations
Shingles vaccine is recommended for the following groups:
Adults 50 years and older
**2 doses**
(separated by 2 to 6 months)
Adults 19 years and older with weakened immune systems due to disease or therapy
**2 doses**
(if needed, can get 2nd dose 1 to 2 months after 1st)

...

* In adults 50 to 69 years old with healthy immune systems—Shingrix was 97% effective in preventing shingles; in adults 70 years and older, Shingrix was 91% effective.
* In adults 50 years and older—Shingrix was 91% effective in preventing PHN; in adults 70 years and older, Shingrix was 89% effective.

# Shingles Vaccination
## The vaccine is safe and effective
* In adults with weakened immune systems—Shingrix was between 68% and 91% effective in preventing shingles, depending on the condition that affects the immune system.",2025-08-21,2032.91,results/parallel/q01_run1.json
parallel,q01,1,10,Effectiveness of the Recombinant Zoster Vaccine in Adults ...,https://academic.oup.com/cid/article/73/6/949/6134288,academic.oup.com,"# Effectiveness of the Recombinant Zoster Vaccine in Adults Aged 50 and Older in the United States: A Claims-Based Cohort Study _Free_
## Abstract
The recombinant zoster vaccine had over 90% efficacy in preventing herpes zoster in clinical trials. However, its effectiveness outside of a clinical trial setting has not been investigated. This study aimed to assess the effectiveness of the recombinant zoster vaccine in general practice.

...

Recombinant zoster vaccine effectiveness was 85.5% (95% CI, 83.5–87.3%) overall, with an effectiveness of 86.8% (95% CI, 84.6–88.7%) in individuals 50 to 79 years old compared with 80.3% (95% CI, 75.1–84.3%) in individuals aged 80 and older.

...

Recombinant zoster vaccine (RZV; Shingrix; GlaxoSmithKline) is a 2-dose subunit vaccine that was licensed by the Food and Drug Administration in 2017 for adults aged 50 or older  [16 ].

...

## DISCUSSION
The RZV was approved for adults aged 50 and over following the results of the ZOE-50 study. In this trial, RZV had an overall efficacy between 96.6% and 97.9% among all age groups 50 and above  [17 ]. In a follow-up study in individuals aged 70 and above (ZOE-70), RZV efficacy was 89.8%  [27 ].",2021-09-15,2032.91,results/parallel/q01_run1.json
parallel,q01,2,1,Effectiveness of the Adjuvanted Recombinant Zoster Vaccine in Adults ≥50 Years in the United States | Clinical Infectious Diseases | Oxford Academic,https://academic.oup.com/cid/article/81/6/e717/8171839,academic.oup.com,"# Effectiveness of the Adjuvanted Recombinant Zoster Vaccine in Adults ≥50 Years in the United States _Open Access_
## Abstract
Background
Recombinant zoster vaccine (RZV) was approved for adults aged ≥50 years in the United States to prevent herpes zoster (HZ) and postherpetic neuralgia (PHN). This study evaluated real-world vaccine effectiveness (VE) of RZV in adults aged ≥50 years.
Methods
Among N = 102 766 (median age 68 years) who received 2 RZV doses (4 weeks–6 months apart), 48 028 (46.7%) had previously received zoster vaccine live; aVE was 73.9% (95% CI: 71.8%–75.8%) for HZ and 83.7% (95% CI: 75.1%–89.3%) for PHN. VE against HZ was comparable across individuals with concomitant vaccinations and different comorbidities.

...

Conclusions
Two doses of RZV were effective in preventing HZ and PHN in adults aged ≥50 years, with durable protection. These findings underscore the importance of adhering to the recommended vaccination schedule.

...

Although pre-licensure randomized trials showed high RZV efficacy  [9 , 10 ], further effectiveness studies are needed  [11–13 ]. The reported 2-dose RZV effectiveness against HZ ranged between 70.1% (68.6%–71.5%) and 74% (73%–76%) in ≥65-year-olds and between 76% (75%–78%) and 85.5% (83.5%–87.3%) in ≥50-year-olds  [14–17 ].

...

The overall adjusted 2-dose RZV effectiveness in this study was 73.9% (71.8%–75.8%) over 4 years of follow-up (mean 2.5 years), whereas the previously reported values in adults aged ≥50 years were 83.5% (74.9%–89.2%) (median 2.0 years of follow-up)  [15 ], 85.5% (83.5%–87.3%) (median 7.0 months of follow-up)  [16 ], and 76% (75%–78%) (mean 3.2 years of follow-up in unvaccinated and 1.4 years in 2-dose vaccinated individuals)  [17 ].",2025-06-23,2805.15,results/parallel/q01_run2.json
parallel,q01,2,2,"Vaccine Efficacy | SHINGRIX (Zoster Vaccine Recombinant, Adjuvanted)",https://shingrixhcp.com/efficacy-safety/efficacy-data/,shingrixhcp.com,"# EFFICACY AGAINST SHINGLES BY AGE IN ADULTS ≥50 YEARS OLD ¹
| ### Age | ### Efficacy | ### Shingles cases (n) in SHINGRIX group (N) | ### Shingles cases (n) in placebo group (N) |
| #### 50-59 years old * | #### 96.6% |  |  |
(95% CI: 89.6, 99.3) |3 (3492) |87 (3525) |
|#### 60-69 years old * |#### 97.4%
(95% CI: 90.1, 99.7) |2 (2141) |75 (2166) |
|#### 70-79 years old † |#### 91.3%
(95% CI: 86.0, 94.9) |19 (6468) |216 (6554) |
|#### Age ≥80 † |#### 91.4%
(95% CI: 80.2, 96.9) |6 (1782) |68 (1792) |
The studies were not designed to assess vaccine efficacy by pre-existing medical conditions.

...

## LTFU RESULTS ⁵
### Descriptive Analyses
Select secondary objective:
Overall vaccine efficacy against HZ in adults ≥50 YOA *, † from 1 month post-dose 2 in ZOE-50/-70 to the end of the LTFU
87.7
%
(95% CI: 84.9, 90.1)
n/N: 101/13,881 SHINGRIX ‡ vs 818/14,035 placebo/historical controls §

...

## References
Study entry at:
https://www.gsk-studyregister.com/en/trial-details/?id=113077
5. Strezova A, Domingo JD, Cunningham AL, et al. Final analysis of the ZOE-LTFU trial to 11 years post-vaccination; efficacy of the adjuvanted recombinant zoster vaccine against herpes zoster and related complications. eClinicalMedicine . 2025;83:103241.
6. Food and Drug Administration (FDA).",,2805.15,results/parallel/q01_run2.json
parallel,q01,2,3,Efficacy and safety of the recombinant zoster vaccine: A systematic review and meta-analysis - ScienceDirect,https://www.sciencedirect.com/science/article/pii/S2590136223001389,www.sciencedirect.com,"# Efficacy and safety of the recombinant zoster vaccine: A systematic review and meta-analysis
## Abstract
Twenty three publications reporting on 14 studies were selected, including 2 pivotal RCTs in older immunocompetent adults (ZOE-50 and ZOE-70), 4 RCTs on immunocompromised patients (haematopoietic stem cell transplantation (HSCT), haematological malignancies, solid tumour, and renal transplantation), and 8 observational studies.
Vaccine efficacy of RZV against herpes zoster (HZ) and postherpetic neuralgia (PHN) was very high in immunocompetent older adults (respectively 94% and 91.2% in adults ≥50 years and 91.3% and 88.8% in adults ≥70 years). However, the number needed to vaccinate (NNV) was relatively high (between 32 and 36 for HZ and between 261 and 335 for PHN).",2023-12-01,2805.15,results/parallel/q01_run2.json
parallel,q01,2,4,Effectiveness of recombinant zoster vaccine against herpes ...,https://www.sciencedirect.com/science/article/pii/S0264410X26006511,www.sciencedirect.com,"# Review
## Abstract
### Findings
Similar vaccine effectiveness was found for adults with diabetes (66·6%, 41·8–80·9), liver disease (62·7%, 50·4–72·0), and older adults (75·1% among ≥80 years). Pooled vaccine effectiveness for postherpetic neuralgia for the immunocompetent population was 84·7% (95% CI 60·9–94·0) and for immunocompromised populations was 38·7% (95% CI 19·1–53·5).

...

The pooled vaccine effectiveness of recombinant zoster vaccine against herpes zoster for immunocompromised people was 64·3% (95% CI 61·4–67·0).

# Review
## 3. Results
For the immunocompetent subgroup, seven cohort studies were included in the meta-analysis. Five studies enrolled adults aged 50 years or older; of the remaining two, one included participants aged 40 years or older, and one was restricted to adults aged 65 years or older. The pooled vaccine effectiveness of the recombinant zoster vaccine against herpes zoster was 80·0% (95% CI 74·1–84·5; Fig. 3 ).
In adults aged 50–59 years, three studies were included in the meta-analysis, and the pooled effectiveness of recombinant zoster vaccine against herpes zoster was 72·6% (95% CI 54·8–83·3). Four cohort studies provided estimates for adults aged 60–69 years and 70–79 years; the pooled effectiveness was 76·4% (95% CI 61·8–85·4) and 78·5% (95% CI 66·9–86·0), respectively.",2026-08-13,2805.15,results/parallel/q01_run2.json
parallel,q01,2,5,"
            Effectiveness and safety of the recombinant zoster vaccine in adults aged ≥50 years with inflammatory bowel disease - PMC
        ",https://pmc.ncbi.nlm.nih.gov/articles/PMC12688260,pmc.ncbi.nlm.nih.gov,"# Effectiveness and safety of the recombinant zoster vaccine in adults aged ≥50 years with inflammatory bowel disease
## ABSTRACT
Adults with inflammatory bowel disease (IBD) face a higher risk of herpes zoster (HZ). We assessed the vaccine effectiveness (VE) of the recombinant zoster vaccine (RZV) in preventing HZ and the risk of flares post-immunization in adults aged ≥50 years with IBD. We conducted a matched cohort analysis at Kaiser Permanente Southern California.

...

An adjuvanted recombinant zoster vaccine (RZV; _Shingrix_ , GSK, Rixensart, Belgium) consisting of lyophilized glycoprotein E antigen and the adjuvant system AS01 B ¹² was approved in 2017 by the United States (US) Food and Drug Administration (FDA) for the prevention of HZ in adults aged ≥50 years, ¹³ and recommended by the Advisory Committee on Immunization Practices (ACIP) in immunocompetent individuals aged ≥50 years.

...

17–20 However, a post-hoc analysis of 2 parallel randomized clinical trials of RZV showed a 90.5% vaccine efficacy against HZ in individuals with pre-existing potential immune-mediated diseases, but these trials excluded those who were considered immunocompromised or were receiving immunosuppressive treatments.

...

# Effectiveness and safety of the recombinant zoster vaccine in adults aged ≥50 years with inflammatory bowel disease
## Discussion
²² In a more recent cohort study using the TriNetX database including adults with IBD aged ≥50 years, individuals vaccinated with RZV had a lower risk of HZ (adjusted odds ratio 0.44, 95% CI, 0.32–0.62) compared to unvaccinated matched adults with IBD. ³⁶",,2805.15,results/parallel/q01_run2.json
parallel,q01,2,6,"
            Recombinant zoster vaccine (Shingrix®): a new option for the prevention of herpes zoster and postherpetic neuralgia - PMC
        ",https://pmc.ncbi.nlm.nih.gov/articles/PMC7336348,pmc.ncbi.nlm.nih.gov,"The National Advisory Committee on Immunization has recommended LZV as a standard vaccine for HZ prevention in adults ≥ 50 years of age, but no studies directly comparing the safety and efficacy of RZV and LZV vaccines have been conducted.

...

# Recombinant zoster vaccine (Shingrix ® ): a new option for the prevention of herpes zoster and postherpetic neuralgia
## MAIN BODY
### 1) LZV, Zostavax ®
Food and Drug Administration (FDA) in adults ≥ 50 years for a one time subcutaneous injection  [24 ]. The FDA recommendation was based on the Zoster Vaccine Efficacy and Safety Trial (ZEST), which showed a 69.8% risk reduction for HZ in patients between 50 and 59 years over 1.3 years of follow-up ( Table 2 )  [25 ].

#### Table 2.
| Characteristic | ZEST | SPS |
| Study population | 50-59 yr with VZV infection | ≥ 60 yr with VZV infection |
| n = 22,439 | n = 38,546 |  |
| Median follow-up | 1.3 yr (up to 2 yr) | 3.12 yr |
| HZ risk reduction | Overall: 69.8% | Overall: 51.3% |
| 60-69 yr: 63.9% |  |  |
| ≥ 70 yr: 37.6% |  |  |

...

#### 2) RZV, Shingrix ®
##### (1) Shingrix ® vaccine efficacy
###### Table 3.
In the pooled analysis of data from the ZOE-50 and ZOE-70 studies, the overall efficacy of Shingrix ® in decreasing HZ risk was 91.3%. Vaccine efficacy was 97.6% in the first year, 92% in the second year, 84.7% in the third year, and 87.9% in the fourth year.",,2805.15,results/parallel/q01_run2.json
parallel,q01,2,7,Recombinant zoster vaccine in immunocompetent and ... - PMC,https://pmc.ncbi.nlm.nih.gov/articles/PMC10653762,pmc.ncbi.nlm.nih.gov,"Recombinant zoster vaccine (RZV) is efficacious against HZ in adults aged ≥50 years in different settings, and in immunocompromised adults aged ≥18 years who are at increased risk of developing HZ.

# Recombinant zoster vaccine in immunocompetent and immunocompromised adults: A review of clinical studies
## Results
### Efficacy
#### Adults aged ≥50 years
In ZOE-50, 15,411 participants aged ≥50 years (mean age 62.3 years) were randomized to receive either RZV ( _n_ = 7698) or placebo ( _n_ = 7713). ¹⁸ During a mean follow-up of 3.2 years, HZ was confirmed in six RZV recipients and 210 placebo recipients (HZ incidence rate 0.3 vs.

...

In the pooled analysis of participants aged ≥70 years from the ZOE trials (subsequently referred to as the ZOE-70 pooled analysis; 16,596 participants in the mTVC), the overall efficacy of RZV (i.e., the primary objective of the pooled analysis) was 91.3% (95% CI: 86.8–94.5) against HZ and 88.8% (95% CI: 68.7–97.1) against PHN.

...

²¹ Across all geographic regions, efficacy against HZ ranged from 95.7% (95% CI: 83.7–100.0) to 97.2% (95% CI: 91.4–99.5) in adults aged ≥50 years and from 87.3% (95% CI: 58.1–97.6) to 95.1% (95% CI: 87.0–98.7) in adults aged ≥70 years.",2015-11-23,2805.15,results/parallel/q01_run2.json
parallel,q01,2,8,Shingles Vaccine Recommendations,https://www.cdc.gov/shingles/hcp/vaccine-considerations/index.html,www.cdc.gov,"* CDC recommends 2 doses of recombinant zoster vaccine (RZV) to prevent shingles and related complications in adults aged ≥50 years.
* CDC also recommends 2 doses of RZV for adults aged ≥19 years who are or will be immunodeficient or immunosuppressed.

...

# Shingles Vaccine Recommendations
## Routine recommendations
### People 50 years old and older
CDC recommends 2 doses of Shingrix separated by 2–6 months for immunocompetent adults aged 50 years and older:

...

Studies have shown that the effectiveness of Zostavax wanes substantially over time, leaving recipients with reduced protection against herpes zoster.

# Shingles Vaccine Recommendations
## Timing considerations for giving Shingrix
### For patients who previously received Zostavax
For example, the vaccine efficacy among adults aged 70 to 79 years and adults aged 80 years and older is 41% and 18%, respectively, on average during the first 3 years following Zostavax vaccination.",2024-10-22,2805.15,results/parallel/q01_run2.json
parallel,q01,2,9,Effectiveness of the Recombinant Zoster Vaccine in Adults ...,https://academic.oup.com/cid/article/73/6/949/6134288,academic.oup.com,"# Effectiveness of the Recombinant Zoster Vaccine in Adults Aged 50 and Older in the United States: A Claims-Based Cohort Study _Free_
## Abstract
The recombinant zoster vaccine had over 90% efficacy in preventing herpes zoster in clinical trials. However, its effectiveness outside of a clinical trial setting has not been investigated. This study aimed to assess the effectiveness of the recombinant zoster vaccine in general practice.

...

Recombinant zoster vaccine effectiveness was 85.5% (95% CI, 83.5–87.3%) overall, with an effectiveness of 86.8% (95% CI, 84.6–88.7%) in individuals 50 to 79 years old compared with 80.3% (95% CI, 75.1–84.3%) in individuals aged 80 and older.

...

Recombinant zoster vaccine (RZV; Shingrix; GlaxoSmithKline) is a 2-dose subunit vaccine that was licensed by the Food and Drug Administration in 2017 for adults aged 50 or older  [16 ].
Approval for RZV was based on evidence from the Zoster Efficacy Study in Adults 50 Years of Age and Older (ZOE-50), which demonstrated a 97.2% reduction in HZ among adults aged 50 and older  [17 ].

# Effectiveness of the Recombinant Zoster Vaccine in Adults Aged 50 and Older in the United States: A Claims-Based Cohort Study _Free_
## DISCUSSION
The RZV was approved for adults aged 50 and over following the results of the ZOE-50 study. In this trial, RZV had an overall efficacy between 96.6% and 97.9% among all age groups 50 and above  [17 ]. In a follow-up study in individuals aged 70 and above (ZOE-70), RZV efficacy was 89.8%  [27 ].",2021-09-15,2805.15,results/parallel/q01_run2.json
parallel,q01,2,10,"Zoster Recombinant Vaccine: Efficacy, Safety, and Duration",https://scienceinsights.org/zoster-recombinant-vaccine-efficacy-safety-and-duration/,scienceinsights.org,"# Zoster Recombinant Vaccine: Efficacy, Safety, and Duration
The recombinant zoster vaccine, sold under the brand name Shingrix, is a two-dose vaccine designed to prevent shingles (herpes zoster) and its complications in adults aged 50 and older.

...

## Efficacy in Clinical Trials
The vaccine’s headline numbers come from two large phase 3 trials known as ZOE-50 and ZOE-70, which together enrolled tens of thousands of adults. In ZOE-50, which included adults aged 50 and older, overall vaccine efficacy against shingles was about 97%, with efficacy between roughly 97% and 98% across all age groups studied. ² PubMed.
[Efficacy of an adjuvanted herpes zoster subunit vaccine in older adults](https://pubmed.ncbi.nlm.nih.gov/25916341/) Combined data from both trials confirmed that protection exceeded 90% in every age group from 50 upward, including people in their seventies and eighties. ³ Clinical Infectious Diseases.

...

## How Long Protection Lasts
The final analysis of that follow-up study extended the picture even further. In adults who were at least 50 when first vaccinated, efficacy was about 80% during the extended follow-up period. Protection against the most feared complication, postherpetic neuralgia (persistent nerve pain after shingles), was about 88%.",2026-09-30,2805.15,results/parallel/q01_run2.json
parallel,q01,3,1,Effectiveness of the Adjuvanted Recombinant Zoster Vaccine in Adults ≥50 Years in the United States | Clinical Infectious Diseases | Oxford Academic,https://academic.oup.com/cid/article/81/6/e717/8171839,academic.oup.com,"# Effectiveness of the Adjuvanted Recombinant Zoster Vaccine in Adults ≥50 Years in the United States _Open Access_
## Abstract
Background
Recombinant zoster vaccine (RZV) was approved for adults aged ≥50 years in the United States to prevent herpes zoster (HZ) and postherpetic neuralgia (PHN). This study evaluated real-world vaccine effectiveness (VE) of RZV in adults aged ≥50 years.
Methods
Among N = 102 766 (median age 68 years) who received 2 RZV doses (4 weeks–6 months apart), 48 028 (46.7%) had previously received zoster vaccine live; aVE was 73.9% (95% CI: 71.8%–75.8%) for HZ and 83.7% (95% CI: 75.1%–89.3%) for PHN. VE against HZ was comparable across individuals with concomitant vaccinations and different comorbidities.

...

Although pre-licensure randomized trials showed high RZV efficacy  [9 , 10 ], further effectiveness studies are needed  [11–13 ]. The reported 2-dose RZV effectiveness against HZ ranged between 70.1% (68.6%–71.5%) and 74% (73%–76%) in ≥65-year-olds and between 76% (75%–78%) and 85.5% (83.5%–87.3%) in ≥50-year-olds  [14–17 ].

...

The overall adjusted 2-dose RZV effectiveness in this study was 73.9% (71.8%–75.8%) over 4 years of follow-up (mean 2.5 years), whereas the previously reported values in adults aged ≥50 years were 83.5% (74.9%–89.2%) (median 2.0 years of follow-up)  [15 ], 85.5% (83.5%–87.3%) (median 7.0 months of follow-up)  [16 ], and 76% (75%–78%) (mean 3.2 years of follow-up in unvaccinated and 1.4 years in 2-dose vaccinated individuals)  [17 ].",2025-06-23,14688.51,results/parallel/q01_run3.json
parallel,q01,3,2,"Vaccine Efficacy | SHINGRIX (Zoster Vaccine Recombinant, Adjuvanted)",https://shingrixhcp.com/efficacy-safety/efficacy-data/,shingrixhcp.com,"# EFFICACY AGAINST SHINGLES BY AGE IN ADULTS ≥50 YEARS OLD ¹
| ### Age | ### Efficacy | ### Shingles cases (n) in SHINGRIX group (N) | ### Shingles cases (n) in placebo group (N) |
| #### 50-59 years old * | #### 96.6% |  |  |
(95% CI: 89.6, 99.3) |3 (3492) |87 (3525) |
|#### 60-69 years old * |#### 97.4%
(95% CI: 90.1, 99.7) |2 (2141) |75 (2166) |
|#### 70-79 years old † |#### 91.3%
(95% CI: 86.0, 94.9) |19 (6468) |216 (6554) |
|#### Age ≥80 † |#### 91.4%
(95% CI: 80.2, 96.9) |6 (1782) |68 (1792) |
The studies were not designed to assess vaccine efficacy by pre-existing medical conditions.

...

## LTFU RESULTS ⁵
### Descriptive Analyses
Select secondary objective:
Overall vaccine efficacy against HZ in adults ≥50 YOA *, † from 1 month post-dose 2 in ZOE-50/-70 to the end of the LTFU
87.7
%
(95% CI: 84.9, 90.1)
n/N: 101/13,881 SHINGRIX ‡ vs 818/14,035 placebo/historical controls §",,14688.51,results/parallel/q01_run3.json
parallel,q01,3,3,Efficacy and safety of the recombinant zoster vaccine: A systematic review and meta-analysis - ScienceDirect,https://www.sciencedirect.com/science/article/pii/S2590136223001389,www.sciencedirect.com,"# Efficacy and safety of the recombinant zoster vaccine: A systematic review and meta-analysis
## Abstract
Twenty three publications reporting on 14 studies were selected, including 2 pivotal RCTs in older immunocompetent adults (ZOE-50 and ZOE-70), 4 RCTs on immunocompromised patients (haematopoietic stem cell transplantation (HSCT), haematological malignancies, solid tumour, and renal transplantation), and 8 observational studies.
Vaccine efficacy of RZV against herpes zoster (HZ) and postherpetic neuralgia (PHN) was very high in immunocompetent older adults (respectively 94% and 91.2% in adults ≥50 years and 91.3% and 88.8% in adults ≥70 years). However, the number needed to vaccinate (NNV) was relatively high (between 32 and 36 for HZ and between 261 and 335 for PHN).",2023-12-01,14688.51,results/parallel/q01_run3.json
parallel,q01,3,4,Effectiveness of recombinant zoster vaccine against herpes ...,https://www.sciencedirect.com/science/article/pii/S0264410X26006511,www.sciencedirect.com,"# Review
## 3. Results
For the immunocompetent subgroup, seven cohort studies were included in the meta-analysis. Five studies enrolled adults aged 50 years or older; of the remaining two, one included participants aged 40 years or older, and one was restricted to adults aged 65 years or older. The pooled vaccine effectiveness of the recombinant zoster vaccine against herpes zoster was 80·0% (95% CI 74·1–84·5; Fig. 3 ).

...

In adults aged 50–59 years, three studies were included in the meta-analysis, and the pooled effectiveness of recombinant zoster vaccine against herpes zoster was 72·6% (95% CI 54·8–83·3). Four cohort studies provided estimates for adults aged 60–69 years and 70–79 years; the pooled effectiveness was 76·4% (95% CI 61·8–85·4) and 78·5% (95% CI 66·9–86·0), respectively.

...

## References
Efficacy, effectiveness, and safety of herpes zoster vaccines in adults aged 50 and older: systematic review and network meta-analysis BMJ, 363 (2018), Article k4029 [Crossref](https://doi.org/10.1136/bmj.k4029) [View in Scopus](https://www.scopus.com/inward/record.url?eid=2-s2.0-85055617803&partnerID=10&rel=R3.0.0) [Google

...

Luo, _et al._
Adjuvanted recombinant zoster vaccine is effective against herpes zoster Ophthalmicus, and is associated with lower risk of acute myocardial infarction and stroke in adults aged ≥50 years Clin. Infect.",2026-08-13,14688.51,results/parallel/q01_run3.json
parallel,q01,3,5,Recombinant zoster vaccine in immunocompetent and ... - PMC,https://pmc.ncbi.nlm.nih.gov/articles/PMC10653762,pmc.ncbi.nlm.nih.gov,"Recombinant zoster vaccine (RZV) is efficacious against HZ in adults aged ≥50 years in different settings, and in immunocompromised adults aged ≥18 years who are at increased risk of developing HZ.

# Recombinant zoster vaccine in immunocompetent and immunocompromised adults: A review of clinical studies
## Results
### Efficacy
#### Adults aged ≥50 years
In ZOE-50, 15,411 participants aged ≥50 years (mean age 62.3 years) were randomized to receive either RZV ( _n_ = 7698) or placebo ( _n_ = 7713). ¹⁸ During a mean follow-up of 3.2 years, HZ was confirmed in six RZV recipients and 210 placebo recipients (HZ incidence rate 0.3 vs.
9.1 per 1000 person-years); thus, overall vaccine efficacy against HZ was 97.2% (95% confidence interval [CI]: 93.7–99.0; _p_ < .001).

...

# Recombinant zoster vaccine in immunocompetent and immunocompromised adults: A review of clinical studies
## Results
### Efficacy
#### Adults aged ≥50 years
In the pooled analysis of participants aged ≥70 years from the ZOE trials (subsequently referred to as the ZOE-70 pooled analysis; 16,596 participants in the mTVC), the overall efficacy of RZV (i.e., the primary objective of the pooled analysis) was 91.3% (95% CI: 86.8–94.5) against HZ and 88.8% (95% CI: 68.7–97.1) against PHN.

...

²¹ Across all geographic regions, efficacy against HZ ranged from 95.7% (95% CI: 83.7–100.0) to 97.2% (95% CI: 91.4–99.5) in adults aged ≥50 years and from 87.3% (95% CI: 58.1–97.6) to 95.1% (95% CI: 87.0–98.7) in adults aged ≥70 years.",2015-11-23,14688.51,results/parallel/q01_run3.json
parallel,q01,3,6,"
            Effectiveness and safety of the recombinant zoster vaccine in adults aged ≥50 years with inflammatory bowel disease - PMC
        ",https://pmc.ncbi.nlm.nih.gov/articles/PMC12688260,pmc.ncbi.nlm.nih.gov,"# Effectiveness and safety of the recombinant zoster vaccine in adults aged ≥50 years with inflammatory bowel disease
## ABSTRACT
In the VE evaluation cohort (2-dose vaccinated: N = 872, unvaccinated: N = 2,550), overall adjusted VE in preventing HZ was 65.1% (95% CI, 24.8–83.8). In SCCS analysis, among 1,199 individuals who received ≥1 dose of RZV, there was no increased risk of IBD flare observed within 30 days after vaccination (RR: 0.80; 95% CI, 0.47–1.35). In adults aged ≥50 with IBD, 2 doses of RZV effectively prevented HZ without increasing flare risk.

...

## Introduction
Pre-licensure studies were not conducted specifically in populations with autoimmune disease. 17–20 However, a post-hoc analysis of 2 parallel randomized clinical trials of RZV showed a 90.5% vaccine efficacy against HZ in individuals with pre-existing potential immune-mediated diseases, but these trials excluded those who were considered immunocompromised or were receiving immunosuppressive treatments.

...

## Discussion
Our results on RZV effectiveness in individuals with IBD are comparable to findings from previous studies. A retrospective analysis using a US claims database between 2018 and 2021 reported an overall VE of 73.4% for 2-dose RZV against HZ among individuals aged ≥50 years with IBD (63.5% for UC and 85.7% for CD), ³⁸ while our study estimated VEs of 83.2% for UC and 43.6% for CD.

...

## References
Cunningham AL, Lal H, Kovac M, Chlibek R, Hwang SJ, Díez-Domingo J, Godeaux O, Levin MJ, McElhaney JE, Puig-Barberà J, et al. Efficacy of the herpes zoster subunit vaccine in adults 70 years of age or older. N Engl J Med. 2016;375(11):1019–1032. doi: 10.1056/NEJMoa1603800.",,14688.51,results/parallel/q01_run3.json
parallel,q01,3,7,"
            Recombinant zoster vaccine (Shingrix®): a new option for the prevention of herpes zoster and postherpetic neuralgia - PMC
        ",https://pmc.ncbi.nlm.nih.gov/articles/PMC7336348,pmc.ncbi.nlm.nih.gov,"The National Advisory Committee on Immunization has recommended LZV as a standard vaccine for HZ prevention in adults ≥ 50 years of age, but no studies directly comparing the safety and efficacy of RZV and LZV vaccines have been conducted.

...

# Recombinant zoster vaccine (Shingrix ® ): a new option for the prevention of herpes zoster and postherpetic neuralgia
## MAIN BODY
### 1) LZV, Zostavax ®
Food and Drug Administration (FDA) in adults ≥ 50 years for a one time subcutaneous injection  [24 ]. The FDA recommendation was based on the Zoster Vaccine Efficacy and Safety Trial (ZEST), which showed a 69.8% risk reduction for HZ in patients between 50 and 59 years over 1.3 years of follow-up ( Table 2 )  [25 ].

#### Table 2.
| Characteristic | ZEST | SPS |
| Study population | 50-59 yr with VZV infection | ≥ 60 yr with VZV infection |
| n = 22,439 | n = 38,546 |  |
| Median follow-up | 1.3 yr (up to 2 yr) | 3.12 yr |
| HZ risk reduction | Overall: 69.8% | Overall: 51.3% |
| 60-69 yr: 63.9% |  |  |
| ≥ 70 yr: 37.6% |  |  |

...

#### 2) RZV, Shingrix ®
##### (1) Shingrix ® vaccine efficacy
###### Table 3.
In the pooled analysis of data from the ZOE-50 and ZOE-70 studies, the overall efficacy of Shingrix ® in decreasing HZ risk was 91.3%. Vaccine efficacy was 97.6% in the first year, 92% in the second year, 84.7% in the third year, and 87.9% in the fourth year.",,14688.51,results/parallel/q01_run3.json
parallel,q01,3,8,Shingles Vaccination | Shingles (Herpes Zoster) | CDC,https://www.cdc.gov/shingles/vaccines/index.html,www.cdc.gov,"* Shingles vaccination is the only way to protect yourself against this painful disease.
* Vaccination is over 90% effective at preventing shingles and postherpetic neuralgia in adults 50 years and older with healthy immune systems.
* Adults 19 years and older who have weakened immune systems are at higher risk of complications and should also get vaccinated.

...

# Shingles Vaccination
## Recommendations
Shingles vaccine is recommended for the following groups:
Adults 50 years and older
**2 doses**
(separated by 2 to 6 months)
Adults 19 years and older with weakened immune systems due to disease or therapy
**2 doses**
(if needed, can get 2nd dose 1 to 2 months after 1st)

...

* In adults 50 to 69 years old with healthy immune systems—Shingrix was 97% effective in preventing shingles; in adults 70 years and older, Shingrix was 91% effective.
* In adults 50 years and older—Shingrix was 91% effective in preventing PHN; in adults 70 years and older, Shingrix was 89% effective.

# Shingles Vaccination
## The vaccine is safe and effective
* In adults with weakened immune systems—Shingrix was between 68% and 91% effective in preventing shingles, depending on the condition that affects the immune system.",2025-08-21,14688.51,results/parallel/q01_run3.json
parallel,q01,3,9,Shingles Vaccine Recommendations,https://www.cdc.gov/shingles/hcp/vaccine-considerations/index.html,www.cdc.gov,"* CDC recommends 2 doses of recombinant zoster vaccine (RZV) to prevent shingles and related complications in adults aged ≥50 years.
* CDC also recommends 2 doses of RZV for adults aged ≥19 years who are or will be immunodeficient or immunosuppressed.

...

# Shingles Vaccine Recommendations
## Routine recommendations
### People 50 years old and older
CDC recommends 2 doses of Shingrix separated by 2–6 months for immunocompetent adults aged 50 years and older:

...

Studies have shown that the effectiveness of Zostavax wanes substantially over time, leaving recipients with reduced protection against herpes zoster.

# Shingles Vaccine Recommendations
## Timing considerations for giving Shingrix
### For patients who previously received Zostavax
For example, the vaccine efficacy among adults aged 70 to 79 years and adults aged 80 years and older is 41% and 18%, respectively, on average during the first 3 years following Zostavax vaccination.",2024-10-22,14688.51,results/parallel/q01_run3.json
parallel,q01,3,10,Effectiveness of the Recombinant Zoster Vaccine in Adults ...,https://academic.oup.com/cid/article/73/6/949/6134288,academic.oup.com,"# Effectiveness of the Recombinant Zoster Vaccine in Adults Aged 50 and Older in the United States: A Claims-Based Cohort Study _Free_
## Abstract
Recombinant zoster vaccine effectiveness was 85.5% (95% CI, 83.5–87.3%) overall, with an effectiveness of 86.8% (95% CI, 84.6–88.7%) in individuals 50 to 79 years old compared with 80.3% (95% CI, 75.1–84.3%) in individuals aged 80 and older. In patients with a history of live zoster vaccine within 5 years of study inclusion, vaccine effectiveness was 84.8% (95% CI, 75.3–90.7%).

...

Recombinant zoster vaccine (RZV; Shingrix; GlaxoSmithKline) is a 2-dose subunit vaccine that was licensed by the Food and Drug Administration in 2017 for adults aged 50 or older  [16 ]. Approval for RZV was based on evidence from the Zoster Efficacy Study in Adults 50 Years of Age and Older (ZOE-50), which demonstrated a 97.2% reduction in HZ among adults aged 50 and older  [17 ].

...

## RESULTS
Overall adjusted vaccine effectiveness was 85.5% (95% CI, 83.5–87.3%), with an effectiveness of 86.8% (95% CI, 84.6–88.7%) in individuals aged 50 to 79 years old compared with 80.2% (95% CI, 75.1–84.3%) in individuals aged 80 and older. In the E-value analysis to assess the effect of unmeasured confounding on RZV effectiveness, the null E-value was 12.8. The estimates of vaccine effectiveness were similar by sex, race/ethnicity, and region subgroups.

...

## DISCUSSION
The RZV was approved for adults aged 50 and over following the results of the ZOE-50 study. In this trial, RZV had an overall efficacy between 96.6% and 97.9% among all age groups 50 and above  [17 ]. In a follow-up study in individuals aged 70 and above (ZOE-70), RZV efficacy was 89.8%  [27 ]. Given that the median age of individuals in this study was 72 years old at the index date, the observed effectiveness of RZV was still high, at 85.5%.",2021-09-15,14688.51,results/parallel/q01_run3.json
parallel,q02,1,1,Evidence-based guideline: Treatment of tardive syndromes,https://www.neurology.org/doi/pdf/10.1212/wnl.0b013e31829d86b6,www.neurology.org,"# Evidence-based guideline: Treatment of tardive syndromes
## DISCLAIMER
We read the article by Bhidayasiri et al. with great interest. [1] Unfortunately, we found some inaccuracies. The authors cited only one of our articles regarding treatment of tardive dyskinesia (TD). [2] Even though the authors performed a search from 1966 -2011, they did not include two studies published in 2007 that could broaden the knowledge about new options of TD management.

...

2. Lerner V, Miodownik C, Kaptsan A, et al. Vitamin B6 in the treatment of
tardive dyskinesia: a double-blind, placebo-controlled, crossover study. Am J Psychiatry 2001;158:1511-1514.
3. Lerner V, Miodownik C, Kaptsan A, et al. Vitamin B6 treatment for tardive dyskinesia: a randomized, double-blind, placebo-controlled, crossover study. J Clin Psychiatry 2007;68:1648-1654.
4. Libov I, Miodownik C, Bersudsky Y, Dwolatzky T, Lerner V. Efficacy of piracetam in the treatment of tardive dyskinesia in schizophrenic
patients: a randomized, double-blind, placebo-controlled crossover study. J Clin Psychiatry 2007;68:1031-1037.

...

[2,3] The first study, a double-blind, placebo-controlled trial on vitamin B6 treatment in 50 inpatients with schizophrenia/schizoaffective disorders, was rated Class III for no allocation concealment and a >20% (14/50) dropout rate.2 The second study, involving 40 patients with schizophrenic/schizoaffective disorders who received piracetam or placebo over 4 weeks, was rated Class III for the same reasons (9 dropouts).",2013-07-30,2231.88,results/parallel/q02_run1.json
parallel,q02,1,2,Treatment Recommendations for Tardive Dyskinesia - PMC,https://pmc.ncbi.nlm.nih.gov/articles/PMC6591749/,pmc.ncbi.nlm.nih.gov,"# Treatment Recommendations for Tardive Dyskinesia
## Abstract
### Results:
Preventing tardive dyskinesia is of primary importance, and clinicians should
follow best practice for prescribing antipsychotic medication, including
limiting the prescription for specific indications, using the minimum
effective dose, and minimising the duration of therapy. The first-line
management of tardive dyskinesia is the withdrawal of antipsychotic
medication if clinically feasible.

...

mental illness, the discontinuation of antipsychotics is not possible due to
disease relapse. Switching from a first-generation to a second-generation
antipsychotic with a lower D2 affinity, such as clozapine or quetiapine, may
be effective in reducing tardive dyskinesia symptoms. The strongest evidence
for a suitable co-intervention to treat tardive dyskinesia comes from tests

...

## Results
### Valbenazine (Level of Evidence 1+)
Valbenazine was approved by the US Food and Drug Administration for the treatment
of TD in 2017.

#### Recommendation (Grade A)
There is good evidence to support a favourable benefit-risk ratio for
valbenazine as a treatment for TD. Valbenazine should be considered a
first-line treatment for TD.",2021-02-19,2231.88,results/parallel/q02_run1.json
parallel,q02,1,3,Tardive Dyskinesia Guidelines: Guidelines Summary - Medscape,https://emedicine.medscape.com/article/1151826-guidelines,emedicine.medscape.com,"# Tardive Dyskinesia Guidelines
## Guidelines Summary
### References
Dopamine antagonists ameliorate the dyskinesias, aggression, and inattention of persons with mental retardation referred to psychiatric clinics. _German Journal of Psychiatry [serial online]_ . 2001. 4(1):9-16. [[Full Text]](https://www.gjpsy.uni-goettingen.de/gjp-article-brasic3.pdf) .
35. Hauser RA, Factor SA, Marder SR, Knesevich MA, Ramirez PM, Jimenez R, et al.
KINECT 3: A Phase 3 Randomized, Double-Blind, Placebo-Controlled Trial of Valbenazine for Tardive Dyskinesia.

...

# Tardive Dyskinesia Guidelines
## Guidelines Summary
### References
#### Tables
Phenothiazines: chlorpromazine, fluphenazine, mesoridazine, perphenazine, thioridazine, trifluoperazine
Thioxanthenes: thiothixene |
|Newer atypical antipsychotic agents (sporadically linked to TDs) |Olanzapine
Quetiapine
Risperidone
Paliperidone
Amisulpride |
|TD = tardive dyskinesia. |
Table 3. Nonneuroleptic Medications Linked to Dyskinesias
| **Category** | **Agents** |
| Anticholinergics | Benzhexol |
Biperiden
Ethopropazine
Orphenadrine
Procyclidine |
|Antidepressants |MAOIs: phenelzine
SSRIs: fluoxetine, sertraline",2026-04-14,2231.88,results/parallel/q02_run1.json
parallel,q02,1,4,VMAT2 inhibitors for the treatment of tardive dyskinesia,https://pubmed.ncbi.nlm.nih.gov/41122869,pubmed.ncbi.nlm.nih.gov,"# VMAT2 inhibitors for the treatment of tardive dyskinesia: a narrative review
## Abstract
Two vesicular monoamine transporter 2 (VMAT2) inhibitors, valbenazine and deutetrabenazine, are approved for the treatment of tardive dyskinesia (TD), a persistent and potentially disabling movement disorder associated with prolonged exposure to antipsychotics and other dopamine receptor blocking agents.
Since their initial approval in 2017, new formulations and doses for both medications have become available, including a sprinkle capsule for valbenazine and a once-daily tablet for deutetrabenazine. In light of these new therapeutic options, a comprehensive scoping review was conducted to consolidate the current knowledge about these medications.
Both valbenazine and deutetrabenazine are safe and effective in treating TD.

# VMAT2 inhibitors for the treatment of tardive dyskinesia: a narrative review
## Abstract
However, as they are different drugs, one objective of this review is to describe their pharmacology and pharmacokinetics. Another objective is to summarize the similarities and differences as to how these medications are prescribed, specifically in terms of their warnings and precautions, their use in special populations, and recommendations for dosing when taken with concomitant medications.
Results from double-blind, placebo-controlled clinical trials are presented, along with post hoc analyses that provide benchmarks for clinical relevance (eg, effect size, number needed to treat, minimal clinically important difference). As most patients with TD will require ongoing treatment, findings from long-term studies provide evidence for the safety and effectiveness of these medications.",2025-10-22,2231.88,results/parallel/q02_run1.json
parallel,q02,1,5,VMAT2 inhibitors for the treatment of tardive dyskinesia - PMC,https://pmc.ncbi.nlm.nih.gov/articles/PMC13064733,pmc.ncbi.nlm.nih.gov,"# VMAT2 inhibitors for the treatment of tardive dyskinesia: a narrative review
## Abstract
Two vesicular monoamine transporter 2 (VMAT2) inhibitors, valbenazine and deutetrabenazine, are approved for the treatment of tardive dyskinesia (TD), a persistent and potentially disabling movement disorder associated with prolonged exposure to antipsychotics and other dopamine receptor blocking agents.

## Introduction
Two vesicular monoamine transporter 2 (VMAT2) inhibitors, valbenazine and deutetrabenazine, are approved by the U.S. Food and Drug Administration (FDA) for the treatment of tardive dyskinesia (TD) and chorea associated with Huntington’s disease (HD). ¹ , ²
Randomized, double-blind, placebo-controlled (DBPC) clinical trials established the efficacy and safety of these medications for the treatment of TD, ⁹ – ¹⁴ with supporting evidence from subsequent long-term studies.

...

²² The use of valbenazine and deutetrabenazine for TD is supported by current guidelines from the American Psychiatric Association (APA) and a systematic review of clinical studies that updates evidence-based recommendations for TD following publication of the American Academy of Neurology guidelines in 2013.",2022-10-25,2231.88,results/parallel/q02_run1.json
parallel,q02,1,6,Tardive Dyskinesia Treatment & Management - Medscape,https://emedicine.medscape.com/article/1151826-treatment,emedicine.medscape.com,"# Tardive Dyskinesia Treatment & Management
## Pharmacologic Treatment
Clozapine is effective for treatment-refractory schizophrenia and is associated with a markedly lower incidence of TD compared with first-generation agents. Overall, the risk of TD with second-generation antipsychotics appears lower than with first-generation agents. [16 , 3 ]
The FDA has approved valbenazine, a selective vesicular monoamine transporter 2 (VMAT2) inhibitor, for the treatment of TD. VMAT2 inhibitors modulate presynaptic packaging and release of dopamine, which may reduce dyskinetic movements.

...

Deutetrabenazine, another selective VMAT2 inhibitor, is also FDA approved for the treatment of TD in adults. Clinical trials demonstrated statistically significant improvement in AIMS scores from baseline to week 12 compared with placebo.  [36 , 37 ]
Some other medications and supplements that have been shown to have modest benefits include clonazepam, amantadine, vitamin B6, and gingko biloba.  [3 ]
eMedicine Logo
Previous
Next: Pharmacologic Treatment",2026-04-14,2231.88,results/parallel/q02_run1.json
parallel,q02,1,7,Tardive Dyskinesia: Treatment Hierarchy | Psychopharmacology Institute,https://psychopharmacologyinstitute.com/section/tardive-dyskinesia-treatment-hierarchy/,psychopharmacologyinstitute.com,"* The treatment algorithm for managing tardive dyskinesia (TD) suggests first reducing the dose of the offending agent, followed by VMAT2 inhibitors, and then clonazepam or Ginkgo biloba.
* Deuterated tetrabenazine requires twice-daily dosing (6 mg BID → up to 48 mg/day), while valbenazine is taken once daily (40 mg → 80 mg).

...

# 08. Tardive Dyskinesia: Treatment Hierarchy
## Slides and Transcript
### Slide 5 of 15
Evidence-based guideline: Treatment of tardive syndromes: Report of the Guideline Development Subcommittee of the American Academy of Neurology. Neurology, 81(5), 463-469. https://doi.org/10.1212/WNL.0b013e31829d86b6

### Slide 6 of 15
For severe and disabling tardive symptoms, you might consider a second-generation VMAT2 inhibitor, so deuterated tetrabenazine and valbenazine are first line with level A evidence. So these are really your evidence-based standards when you have to treat tardive dyskinesia.

...

The best-evidence treatment of tardive dyskinesia, lowest effective dose of the dopamine blocking agent, then if required, second-generation VMAT2 inhibitor, followed by clonazepam or ginkgo biloba, amantadine or globus pallidus interna DBS for severe tardive dyskinesia.",2025-11-11,2231.88,results/parallel/q02_run1.json
parallel,q02,1,8,Evidence-based guideline: Treatment of tardive syndromes,https://www.neurology.org/doi/10.1212/wnl.0b013e31829d86b6,www.neurology.org,"# Evidence-based guideline: Treatment of tardive syndromes
## Abstract
### Objective:
To make evidence-based recommendations regarding management of tardive syndromes (TDS), including tardive dyskinesias (TDD), by addressing 5 questions: 1) Is withdrawal of dopamine receptor blocking agents (DRBAs) an effective TDS treatment? 2) Does switching from typical to atypical DRBAs reduce TDS symptoms? 3) What is the efficacy of pharmacologic agents in treating TDS?

...

### Results and recommendations:
¹ Various involuntary movements, including lingual-facial-buccal movements, are recognized as tardive dyskinesia (TDD) symptoms. TDS includes not only lingual-facial-buccal dyskinesia but also the variant forms, collectively termed _tardive syndromes_ .

...

## ANALYSIS OF EVIDENCE
### Is withdrawal of DRBAs an effective TDS treatment?
The neuroleptic withdrawal significantly increased dyskinesia and dysphoria, resulting in early therapy termination in 33% of patients and return to prior neuroleptics poststudy.

...

### What is the efficacy of pharmacologic agents in treating TDS?
#### Amantadine.
Overall, dyskinesia was reduced by 15% as measured by the AIMS in patients taking amantadine ( _p_ = 0.05).",2013-07-30,2231.88,results/parallel/q02_run1.json
parallel,q02,1,9,VMAT2 inhibitors for the treatment of tardive dyskinesia: a narrative review | CNS Spectrums | Cambridge Core,https://www.cambridge.org/core/journals/cns-spectrums/article/vmat2-inhibitors-for-the-treatment-of-tardive-dyskinesia-a-narrative-review/76877F677766141404FC42B8030D9C51,www.cambridge.org,"# VMAT2 inhibitors for the treatment of tardive dyskinesia: a narrative review
## Abstract
Two vesicular monoamine transporter 2 (VMAT2) inhibitors, valbenazine and deutetrabenazine, are approved for the treatment of tardive dyskinesia (TD), a persistent and potentially disabling movement disorder associated with prolonged exposure to antipsychotics and other dopamine receptor blocking agents.

## Introduction
Reference Bhidayasiri, Fahn and Weiner ²² The use of valbenazine and deutetrabenazine for TD is supported by current guidelines from the American Psychiatric Association (APA) and a systematic review of clinical studies that updates evidence-based recommendations for TD following publication of the American Academy of Neurology guidelines in 2013.

...

## References
Bhidayasiri , R , Fahn , S , Weiner , WJ , et al. Evidence-based guideline: treatment of tardive syndromes: report of the Guideline Development Subcommittee of the American Academy of Neurology . Neurology . 2013 ; 81 ( 5 ): 463 – 469 .

...

Ricciardi , L , Pringsheim , T , Barnes , TRE , et al. Treatment recommendations for tardive dyskinesia . Can J Psychiatry . 2019 ; 64 ( 6 ): 388 – 399 . [Google Scholar](https://scholar.google.com/scholar?q=Ricciardi,+L,+Pringsheim,+T,+Barnes,+TRE,+et+al.+Treatment+recommendations+for+tardive+dyskinesia.+Can+J+Psychiatry.+2019;64(6):388%E2%80%93399.)",2025-01-01,2231.88,results/parallel/q02_run1.json
parallel,q02,1,10,PATIENT FACT SHEET,https://www.neurologyadvisor.com/wp-content/uploads/sites/10/2024/10/Tardive-Dyskinesia-Management.pdf,www.neurologyadvisor.com,"# PATIENT FACT SHEET
## **and Recommendations**
_Our easy-to-read fact sheets provide clinicians with reliable information to share with patients and their caregivers._ Tardive dyskinesia is a condition defined by delayed (tardive) involuntary movements of the body (dyskinesia) that often occur after the short- and long-term use of certain medications designed to block dopamine. These medications are usually prescribed for mental health or stomach issues.

### What Medications Can Cause Tardive Dyskinesia?
Older (ie, first-generation) vs newer (ie, atypical or second-generation) antipsychotics are more likely to induce tardive dyskinesia because they more strongly affect dopamine as opposed to serotonin. These antipsychotic medications, also known as neuroleptics, are often used to treat conditions such as schizophrenia and bipolar disorder.
² Some medications that treat stomach-related issues (ie, nausea, acid reflux) can also trigger tardive dyskinesia if taken for more than 3 months. ² A list of potential tardive dyskinesia-inducing medications are listed in Table 1.

...

## Table 1. Drugs That May Induce Tardive Dyskinesia ⁶
### Managing Tardive Dyskinesia
If your health care provider (HCP) finds that a specific medication is inducing tardive dyskinesia, they may suggest lowering the dose or ceasing the medication altogether. This can help reduce or eliminate involuntary movement. ³ In rare cases, an HCP may recommend alternative interventions, such as:",2024-10-23,2231.88,results/parallel/q02_run1.json
parallel,q02,2,1,Evidence-based guideline: Treatment of tardive syndromes,https://www.neurology.org/doi/pdf/10.1212/wnl.0b013e31829d86b6,www.neurology.org,"# Evidence-based guideline: Treatment of tardive syndromes
## DISCLAIMER
We read the article by Bhidayasiri et al. with great interest. [1] Unfortunately, we found some inaccuracies. The authors cited only one of our articles regarding treatment of tardive dyskinesia (TD). [2] Even though the authors performed a search from 1966 -2011, they did not include two studies published in 2007 that could broaden the knowledge about new options of TD management.

...

2. Lerner V, Miodownik C, Kaptsan A, et al. Vitamin B6 in the treatment of
tardive dyskinesia: a double-blind, placebo-controlled, crossover study. Am J Psychiatry 2001;158:1511-1514.
3. Lerner V, Miodownik C, Kaptsan A, et al. Vitamin B6 treatment for tardive dyskinesia: a randomized, double-blind, placebo-controlled, crossover study. J Clin Psychiatry 2007;68:1648-1654.
4. Libov I, Miodownik C, Bersudsky Y, Dwolatzky T, Lerner V. Efficacy of piracetam in the treatment of tardive dyskinesia in schizophrenic
patients: a randomized, double-blind, placebo-controlled crossover study. J Clin Psychiatry 2007;68:1031-1037.

...

[2,3] The first study, a double-blind, placebo-controlled trial on vitamin B6 treatment in 50 inpatients with schizophrenia/schizoaffective disorders, was rated Class III for no allocation concealment and a >20% (14/50) dropout rate.2 The second study, involving 40 patients with schizophrenic/schizoaffective disorders who received piracetam or placebo over 4 weeks, was rated Class III for the same reasons (9 dropouts).",2013-07-30,2626.48,results/parallel/q02_run2.json
parallel,q02,2,2,Treatment Recommendations for Tardive Dyskinesia - PMC,https://pmc.ncbi.nlm.nih.gov/articles/PMC6591749/,pmc.ncbi.nlm.nih.gov,"# Treatment Recommendations for Tardive Dyskinesia
## Abstract
### Results:
Preventing tardive dyskinesia is of primary importance, and clinicians should
follow best practice for prescribing antipsychotic medication, including
limiting the prescription for specific indications, using the minimum
effective dose, and minimising the duration of therapy. The first-line
management of tardive dyskinesia is the withdrawal of antipsychotic
medication if clinically feasible.

...

mental illness, the discontinuation of antipsychotics is not possible due to
disease relapse. Switching from a first-generation to a second-generation
antipsychotic with a lower D2 affinity, such as clozapine or quetiapine, may
be effective in reducing tardive dyskinesia symptoms. The strongest evidence
for a suitable co-intervention to treat tardive dyskinesia comes from tests

...

## Results
### Valbenazine (Level of Evidence 1+)
Valbenazine was approved by the US Food and Drug Administration for the treatment
of TD in 2017.

#### Recommendation (Grade A)
There is good evidence to support a favourable benefit-risk ratio for
valbenazine as a treatment for TD. Valbenazine should be considered a
first-line treatment for TD.",2021-02-19,2626.48,results/parallel/q02_run2.json
parallel,q02,2,3,Tardive Dyskinesia Guidelines: Guidelines Summary - Medscape,https://emedicine.medscape.com/article/1151826-guidelines,emedicine.medscape.com,"# Tardive Dyskinesia Guidelines
## Guidelines Summary
### References
Dopamine antagonists ameliorate the dyskinesias, aggression, and inattention of persons with mental retardation referred to psychiatric clinics. _German Journal of Psychiatry [serial online]_ . 2001. 4(1):9-16. [[Full Text]](https://www.gjpsy.uni-goettingen.de/gjp-article-brasic3.pdf) .
35. Hauser RA, Factor SA, Marder SR, Knesevich MA, Ramirez PM, Jimenez R, et al.
KINECT 3: A Phase 3 Randomized, Double-Blind, Placebo-Controlled Trial of Valbenazine for Tardive Dyskinesia.

...

# Tardive Dyskinesia Guidelines
## Guidelines Summary
### References
#### Tables
Phenothiazines: chlorpromazine, fluphenazine, mesoridazine, perphenazine, thioridazine, trifluoperazine
Thioxanthenes: thiothixene |
|Newer atypical antipsychotic agents (sporadically linked to TDs) |Olanzapine
Quetiapine
Risperidone
Paliperidone
Amisulpride |
|TD = tardive dyskinesia. |
Table 3. Nonneuroleptic Medications Linked to Dyskinesias
| **Category** | **Agents** |
| Anticholinergics | Benzhexol |
Biperiden
Ethopropazine
Orphenadrine
Procyclidine |
|Antidepressants |MAOIs: phenelzine
SSRIs: fluoxetine, sertraline",2026-04-14,2626.48,results/parallel/q02_run2.json
parallel,q02,2,4,VMAT2 inhibitors for the treatment of tardive dyskinesia,https://pubmed.ncbi.nlm.nih.gov/41122869,pubmed.ncbi.nlm.nih.gov,"# VMAT2 inhibitors for the treatment of tardive dyskinesia: a narrative review
## Abstract
Two vesicular monoamine transporter 2 (VMAT2) inhibitors, valbenazine and deutetrabenazine, are approved for the treatment of tardive dyskinesia (TD), a persistent and potentially disabling movement disorder associated with prolonged exposure to antipsychotics and other dopamine receptor blocking agents.
Since their initial approval in 2017, new formulations and doses for both medications have become available, including a sprinkle capsule for valbenazine and a once-daily tablet for deutetrabenazine. In light of these new therapeutic options, a comprehensive scoping review was conducted to consolidate the current knowledge about these medications.
Both valbenazine and deutetrabenazine are safe and effective in treating TD.

# VMAT2 inhibitors for the treatment of tardive dyskinesia: a narrative review
## Abstract
However, as they are different drugs, one objective of this review is to describe their pharmacology and pharmacokinetics. Another objective is to summarize the similarities and differences as to how these medications are prescribed, specifically in terms of their warnings and precautions, their use in special populations, and recommendations for dosing when taken with concomitant medications.
Results from double-blind, placebo-controlled clinical trials are presented, along with post hoc analyses that provide benchmarks for clinical relevance (eg, effect size, number needed to treat, minimal clinically important difference). As most patients with TD will require ongoing treatment, findings from long-term studies provide evidence for the safety and effectiveness of these medications.",2025-10-22,2626.48,results/parallel/q02_run2.json
parallel,q02,2,5,VMAT2 inhibitors for the treatment of tardive dyskinesia - PMC,https://pmc.ncbi.nlm.nih.gov/articles/PMC13064733,pmc.ncbi.nlm.nih.gov,"# VMAT2 inhibitors for the treatment of tardive dyskinesia: a narrative review
## Abstract
Two vesicular monoamine transporter 2 (VMAT2) inhibitors, valbenazine and deutetrabenazine, are approved for the treatment of tardive dyskinesia (TD), a persistent and potentially disabling movement disorder associated with prolonged exposure to antipsychotics and other dopamine receptor blocking agents.

## Introduction
Two vesicular monoamine transporter 2 (VMAT2) inhibitors, valbenazine and deutetrabenazine, are approved by the U.S. Food and Drug Administration (FDA) for the treatment of tardive dyskinesia (TD) and chorea associated with Huntington’s disease (HD). ¹ , ²
Randomized, double-blind, placebo-controlled (DBPC) clinical trials established the efficacy and safety of these medications for the treatment of TD, ⁹ – ¹⁴ with supporting evidence from subsequent long-term studies.

...

²² The use of valbenazine and deutetrabenazine for TD is supported by current guidelines from the American Psychiatric Association (APA) and a systematic review of clinical studies that updates evidence-based recommendations for TD following publication of the American Academy of Neurology guidelines in 2013.",2022-10-25,2626.48,results/parallel/q02_run2.json
parallel,q02,2,6,Tardive Dyskinesia Treatment & Management - Medscape,https://emedicine.medscape.com/article/1151826-treatment,emedicine.medscape.com,"# Tardive Dyskinesia Treatment & Management
## Pharmacologic Treatment
Clozapine is effective for treatment-refractory schizophrenia and is associated with a markedly lower incidence of TD compared with first-generation agents. Overall, the risk of TD with second-generation antipsychotics appears lower than with first-generation agents. [16 , 3 ]
The FDA has approved valbenazine, a selective vesicular monoamine transporter 2 (VMAT2) inhibitor, for the treatment of TD. VMAT2 inhibitors modulate presynaptic packaging and release of dopamine, which may reduce dyskinetic movements.

...

Deutetrabenazine, another selective VMAT2 inhibitor, is also FDA approved for the treatment of TD in adults. Clinical trials demonstrated statistically significant improvement in AIMS scores from baseline to week 12 compared with placebo.  [36 , 37 ]
Some other medications and supplements that have been shown to have modest benefits include clonazepam, amantadine, vitamin B6, and gingko biloba.  [3 ]
eMedicine Logo
Previous
Next: Pharmacologic Treatment",2026-04-14,2626.48,results/parallel/q02_run2.json
parallel,q02,2,7,Evidence-based guideline: Treatment of tardive syndromes,https://www.neurology.org/doi/10.1212/wnl.0b013e31829d86b6,www.neurology.org,"# Evidence-based guideline: Treatment of tardive syndromes
## Abstract
### Objective:
To make evidence-based recommendations regarding management of tardive syndromes (TDS), including tardive dyskinesias (TDD), by addressing 5 questions: 1) Is withdrawal of dopamine receptor blocking agents (DRBAs) an effective TDS treatment? 2) Does switching from typical to atypical DRBAs reduce TDS symptoms? 3) What is the efficacy of pharmacologic agents in treating TDS?

...

### Results and recommendations:
¹ Various involuntary movements, including lingual-facial-buccal movements, are recognized as tardive dyskinesia (TDD) symptoms. TDS includes not only lingual-facial-buccal dyskinesia but also the variant forms, collectively termed _tardive syndromes_ .

...

## ANALYSIS OF EVIDENCE
### Is withdrawal of DRBAs an effective TDS treatment?
The neuroleptic withdrawal significantly increased dyskinesia and dysphoria, resulting in early therapy termination in 33% of patients and return to prior neuroleptics poststudy.

...

### What is the efficacy of pharmacologic agents in treating TDS?
#### Amantadine.
Overall, dyskinesia was reduced by 15% as measured by the AIMS in patients taking amantadine ( _p_ = 0.05).",2013-07-30,2626.48,results/parallel/q02_run2.json
parallel,q02,2,8,PATIENT FACT SHEET,https://www.neurologyadvisor.com/wp-content/uploads/sites/10/2024/10/Tardive-Dyskinesia-Management.pdf,www.neurologyadvisor.com,"# PATIENT FACT SHEET
## **and Recommendations**
_Our easy-to-read fact sheets provide clinicians with reliable information to share with patients and their caregivers._ Tardive dyskinesia is a condition defined by delayed (tardive) involuntary movements of the body (dyskinesia) that often occur after the short- and long-term use of certain medications designed to block dopamine. These medications are usually prescribed for mental health or stomach issues.

### What Medications Can Cause Tardive Dyskinesia?
Older (ie, first-generation) vs newer (ie, atypical or second-generation) antipsychotics are more likely to induce tardive dyskinesia because they more strongly affect dopamine as opposed to serotonin. These antipsychotic medications, also known as neuroleptics, are often used to treat conditions such as schizophrenia and bipolar disorder.
² Some medications that treat stomach-related issues (ie, nausea, acid reflux) can also trigger tardive dyskinesia if taken for more than 3 months. ² A list of potential tardive dyskinesia-inducing medications are listed in Table 1.

...

## Table 1. Drugs That May Induce Tardive Dyskinesia ⁶
### Managing Tardive Dyskinesia
If your health care provider (HCP) finds that a specific medication is inducing tardive dyskinesia, they may suggest lowering the dose or ceasing the medication altogether. This can help reduce or eliminate involuntary movement. ³ In rare cases, an HCP may recommend alternative interventions, such as:",2024-10-23,2626.48,results/parallel/q02_run2.json
parallel,q02,2,9,Tardive Dyskinesia: Treatment Hierarchy | Psychopharmacology Institute,https://psychopharmacologyinstitute.com/section/tardive-dyskinesia-treatment-hierarchy/,psychopharmacologyinstitute.com,"* The treatment algorithm for managing tardive dyskinesia (TD) suggests first reducing the dose of the offending agent, followed by VMAT2 inhibitors, and then clonazepam or Ginkgo biloba.
* Deuterated tetrabenazine requires twice-daily dosing (6 mg BID → up to 48 mg/day), while valbenazine is taken once daily (40 mg → 80 mg).

...

# 08. Tardive Dyskinesia: Treatment Hierarchy
## Slides and Transcript
### Slide 5 of 15
Evidence-based guideline: Treatment of tardive syndromes: Report of the Guideline Development Subcommittee of the American Academy of Neurology. Neurology, 81(5), 463-469. https://doi.org/10.1212/WNL.0b013e31829d86b6

### Slide 6 of 15
For severe and disabling tardive symptoms, you might consider a second-generation VMAT2 inhibitor, so deuterated tetrabenazine and valbenazine are first line with level A evidence. So these are really your evidence-based standards when you have to treat tardive dyskinesia.

...

The best-evidence treatment of tardive dyskinesia, lowest effective dose of the dopamine blocking agent, then if required, second-generation VMAT2 inhibitor, followed by clonazepam or ginkgo biloba, amantadine or globus pallidus interna DBS for severe tardive dyskinesia.",2025-11-11,2626.48,results/parallel/q02_run2.json
parallel,q02,2,10,VMAT2 inhibitors for the treatment of tardive dyskinesia: a narrative review | CNS Spectrums | Cambridge Core,https://www.cambridge.org/core/journals/cns-spectrums/article/vmat2-inhibitors-for-the-treatment-of-tardive-dyskinesia-a-narrative-review/76877F677766141404FC42B8030D9C51,www.cambridge.org,"# VMAT2 inhibitors for the treatment of tardive dyskinesia: a narrative review
## Abstract
Two vesicular monoamine transporter 2 (VMAT2) inhibitors, valbenazine and deutetrabenazine, are approved for the treatment of tardive dyskinesia (TD), a persistent and potentially disabling movement disorder associated with prolonged exposure to antipsychotics and other dopamine receptor blocking agents.

## Introduction
Reference Bhidayasiri, Fahn and Weiner ²² The use of valbenazine and deutetrabenazine for TD is supported by current guidelines from the American Psychiatric Association (APA) and a systematic review of clinical studies that updates evidence-based recommendations for TD following publication of the American Academy of Neurology guidelines in 2013.

...

## References
Bhidayasiri , R , Fahn , S , Weiner , WJ , et al. Evidence-based guideline: treatment of tardive syndromes: report of the Guideline Development Subcommittee of the American Academy of Neurology . Neurology . 2013 ; 81 ( 5 ): 463 – 469 .

...

Ricciardi , L , Pringsheim , T , Barnes , TRE , et al. Treatment recommendations for tardive dyskinesia . Can J Psychiatry . 2019 ; 64 ( 6 ): 388 – 399 . [Google Scholar](https://scholar.google.com/scholar?q=Ricciardi,+L,+Pringsheim,+T,+Barnes,+TRE,+et+al.+Treatment+recommendations+for+tardive+dyskinesia.+Can+J+Psychiatry.+2019;64(6):388%E2%80%93399.)",2025-01-01,2626.48,results/parallel/q02_run2.json
parallel,q02,3,1,Evidence-based guideline: Treatment of tardive syndromes,https://www.neurology.org/doi/pdf/10.1212/wnl.0b013e31829d86b6,www.neurology.org,"# Evidence-based guideline: Treatment of tardive syndromes
## DISCLAIMER
We read the article by Bhidayasiri et al. with great interest. [1] Unfortunately, we found some inaccuracies. The authors cited only one of our articles regarding treatment of tardive dyskinesia (TD). [2] Even though the authors performed a search from 1966 -2011, they did not include two studies published in 2007 that could broaden the knowledge about new options of TD management.

...

2. Lerner V, Miodownik C, Kaptsan A, et al. Vitamin B6 in the treatment of
tardive dyskinesia: a double-blind, placebo-controlled, crossover study. Am J Psychiatry 2001;158:1511-1514.
3. Lerner V, Miodownik C, Kaptsan A, et al. Vitamin B6 treatment for tardive dyskinesia: a randomized, double-blind, placebo-controlled, crossover study. J Clin Psychiatry 2007;68:1648-1654.
4. Libov I, Miodownik C, Bersudsky Y, Dwolatzky T, Lerner V. Efficacy of piracetam in the treatment of tardive dyskinesia in schizophrenic
patients: a randomized, double-blind, placebo-controlled crossover study. J Clin Psychiatry 2007;68:1031-1037.

...

[2,3] The first study, a double-blind, placebo-controlled trial on vitamin B6 treatment in 50 inpatients with schizophrenia/schizoaffective disorders, was rated Class III for no allocation concealment and a >20% (14/50) dropout rate.2 The second study, involving 40 patients with schizophrenic/schizoaffective disorders who received piracetam or placebo over 4 weeks, was rated Class III for the same reasons (9 dropouts).",2013-07-30,2119.99,results/parallel/q02_run3.json
parallel,q02,3,2,Treatment Recommendations for Tardive Dyskinesia - PMC,https://pmc.ncbi.nlm.nih.gov/articles/PMC6591749/,pmc.ncbi.nlm.nih.gov,"# Treatment Recommendations for Tardive Dyskinesia
## Abstract
### Results:
Preventing tardive dyskinesia is of primary importance, and clinicians should
follow best practice for prescribing antipsychotic medication, including
limiting the prescription for specific indications, using the minimum
effective dose, and minimising the duration of therapy. The first-line
management of tardive dyskinesia is the withdrawal of antipsychotic
medication if clinically feasible.

...

mental illness, the discontinuation of antipsychotics is not possible due to
disease relapse. Switching from a first-generation to a second-generation
antipsychotic with a lower D2 affinity, such as clozapine or quetiapine, may
be effective in reducing tardive dyskinesia symptoms. The strongest evidence
for a suitable co-intervention to treat tardive dyskinesia comes from tests

...

## Results
### Valbenazine (Level of Evidence 1+)
Valbenazine was approved by the US Food and Drug Administration for the treatment
of TD in 2017.

#### Recommendation (Grade A)
There is good evidence to support a favourable benefit-risk ratio for
valbenazine as a treatment for TD. Valbenazine should be considered a
first-line treatment for TD.",2021-02-19,2119.99,results/parallel/q02_run3.json
parallel,q02,3,3,Tardive Dyskinesia Guidelines: Guidelines Summary - Medscape,https://emedicine.medscape.com/article/1151826-guidelines,emedicine.medscape.com,"# Tardive Dyskinesia Guidelines
## Guidelines Summary
### References
Dopamine antagonists ameliorate the dyskinesias, aggression, and inattention of persons with mental retardation referred to psychiatric clinics. _German Journal of Psychiatry [serial online]_ . 2001. 4(1):9-16. [[Full Text]](https://www.gjpsy.uni-goettingen.de/gjp-article-brasic3.pdf) .
35. Hauser RA, Factor SA, Marder SR, Knesevich MA, Ramirez PM, Jimenez R, et al.
KINECT 3: A Phase 3 Randomized, Double-Blind, Placebo-Controlled Trial of Valbenazine for Tardive Dyskinesia.

...

# Tardive Dyskinesia Guidelines
## Guidelines Summary
### References
#### Tables
Phenothiazines: chlorpromazine, fluphenazine, mesoridazine, perphenazine, thioridazine, trifluoperazine
Thioxanthenes: thiothixene |
|Newer atypical antipsychotic agents (sporadically linked to TDs) |Olanzapine
Quetiapine
Risperidone
Paliperidone
Amisulpride |
|TD = tardive dyskinesia. |
Table 3. Nonneuroleptic Medications Linked to Dyskinesias
| **Category** | **Agents** |
| Anticholinergics | Benzhexol |
Biperiden
Ethopropazine
Orphenadrine
Procyclidine |
|Antidepressants |MAOIs: phenelzine
SSRIs: fluoxetine, sertraline",2026-04-14,2119.99,results/parallel/q02_run3.json
parallel,q02,3,4,VMAT2 inhibitors for the treatment of tardive dyskinesia,https://pubmed.ncbi.nlm.nih.gov/41122869,pubmed.ncbi.nlm.nih.gov,"# VMAT2 inhibitors for the treatment of tardive dyskinesia: a narrative review
## Abstract
Two vesicular monoamine transporter 2 (VMAT2) inhibitors, valbenazine and deutetrabenazine, are approved for the treatment of tardive dyskinesia (TD), a persistent and potentially disabling movement disorder associated with prolonged exposure to antipsychotics and other dopamine receptor blocking agents.
Since their initial approval in 2017, new formulations and doses for both medications have become available, including a sprinkle capsule for valbenazine and a once-daily tablet for deutetrabenazine. In light of these new therapeutic options, a comprehensive scoping review was conducted to consolidate the current knowledge about these medications.
Both valbenazine and deutetrabenazine are safe and effective in treating TD.

# VMAT2 inhibitors for the treatment of tardive dyskinesia: a narrative review
## Abstract
However, as they are different drugs, one objective of this review is to describe their pharmacology and pharmacokinetics. Another objective is to summarize the similarities and differences as to how these medications are prescribed, specifically in terms of their warnings and precautions, their use in special populations, and recommendations for dosing when taken with concomitant medications.
Results from double-blind, placebo-controlled clinical trials are presented, along with post hoc analyses that provide benchmarks for clinical relevance (eg, effect size, number needed to treat, minimal clinically important difference). As most patients with TD will require ongoing treatment, findings from long-term studies provide evidence for the safety and effectiveness of these medications.",2025-10-22,2119.99,results/parallel/q02_run3.json
parallel,q02,3,5,VMAT2 inhibitors for the treatment of tardive dyskinesia - PMC,https://pmc.ncbi.nlm.nih.gov/articles/PMC13064733,pmc.ncbi.nlm.nih.gov,"# VMAT2 inhibitors for the treatment of tardive dyskinesia: a narrative review
## Abstract
Two vesicular monoamine transporter 2 (VMAT2) inhibitors, valbenazine and deutetrabenazine, are approved for the treatment of tardive dyskinesia (TD), a persistent and potentially disabling movement disorder associated with prolonged exposure to antipsychotics and other dopamine receptor blocking agents.

## Introduction
Two vesicular monoamine transporter 2 (VMAT2) inhibitors, valbenazine and deutetrabenazine, are approved by the U.S. Food and Drug Administration (FDA) for the treatment of tardive dyskinesia (TD) and chorea associated with Huntington’s disease (HD). ¹ , ²
Randomized, double-blind, placebo-controlled (DBPC) clinical trials established the efficacy and safety of these medications for the treatment of TD, ⁹ – ¹⁴ with supporting evidence from subsequent long-term studies.

...

²² The use of valbenazine and deutetrabenazine for TD is supported by current guidelines from the American Psychiatric Association (APA) and a systematic review of clinical studies that updates evidence-based recommendations for TD following publication of the American Academy of Neurology guidelines in 2013.",2022-10-25,2119.99,results/parallel/q02_run3.json
parallel,q02,3,6,Tardive Dyskinesia Treatment & Management - Medscape,https://emedicine.medscape.com/article/1151826-treatment,emedicine.medscape.com,"# Tardive Dyskinesia Treatment & Management
## Pharmacologic Treatment
Clozapine is effective for treatment-refractory schizophrenia and is associated with a markedly lower incidence of TD compared with first-generation agents. Overall, the risk of TD with second-generation antipsychotics appears lower than with first-generation agents. [16 , 3 ]
The FDA has approved valbenazine, a selective vesicular monoamine transporter 2 (VMAT2) inhibitor, for the treatment of TD. VMAT2 inhibitors modulate presynaptic packaging and release of dopamine, which may reduce dyskinetic movements.

...

Deutetrabenazine, another selective VMAT2 inhibitor, is also FDA approved for the treatment of TD in adults. Clinical trials demonstrated statistically significant improvement in AIMS scores from baseline to week 12 compared with placebo.  [36 , 37 ]
Some other medications and supplements that have been shown to have modest benefits include clonazepam, amantadine, vitamin B6, and gingko biloba.  [3 ]
eMedicine Logo
Previous
Next: Pharmacologic Treatment",2026-04-14,2119.99,results/parallel/q02_run3.json
parallel,q02,3,7,Evidence-based guideline: Treatment of tardive syndromes,https://www.neurology.org/doi/10.1212/wnl.0b013e31829d86b6,www.neurology.org,"# Evidence-based guideline: Treatment of tardive syndromes
## Abstract
### Objective:
To make evidence-based recommendations regarding management of tardive syndromes (TDS), including tardive dyskinesias (TDD), by addressing 5 questions: 1) Is withdrawal of dopamine receptor blocking agents (DRBAs) an effective TDS treatment? 2) Does switching from typical to atypical DRBAs reduce TDS symptoms? 3) What is the efficacy of pharmacologic agents in treating TDS?

...

### Results and recommendations:
¹ Various involuntary movements, including lingual-facial-buccal movements, are recognized as tardive dyskinesia (TDD) symptoms. TDS includes not only lingual-facial-buccal dyskinesia but also the variant forms, collectively termed _tardive syndromes_ .

...

## ANALYSIS OF EVIDENCE
### Is withdrawal of DRBAs an effective TDS treatment?
The neuroleptic withdrawal significantly increased dyskinesia and dysphoria, resulting in early therapy termination in 33% of patients and return to prior neuroleptics poststudy.

...

### What is the efficacy of pharmacologic agents in treating TDS?
#### Amantadine.
Overall, dyskinesia was reduced by 15% as measured by the AIMS in patients taking amantadine ( _p_ = 0.05).",2013-07-30,2119.99,results/parallel/q02_run3.json
parallel,q02,3,8,Tardive Dyskinesia: Treatment Hierarchy | Psychopharmacology Institute,https://psychopharmacologyinstitute.com/section/tardive-dyskinesia-treatment-hierarchy,psychopharmacologyinstitute.com,"* The treatment algorithm for managing tardive dyskinesia (TD) suggests first reducing the dose of the offending agent, followed by VMAT2 inhibitors, and then clonazepam or Ginkgo biloba.
* Deuterated tetrabenazine requires twice-daily dosing (6 mg BID → up to 48 mg/day), while valbenazine is taken once daily (40 mg → 80 mg).

...

# 08. Tardive Dyskinesia: Treatment Hierarchy
## Slides and Transcript
### Slide 5 of 15
Evidence-based guideline: Treatment of tardive syndromes: Report of the Guideline Development Subcommittee of the American Academy of Neurology. Neurology, 81(5), 463-469. https://doi.org/10.1212/WNL.0b013e31829d86b6

### Slide 6 of 15
For severe and disabling tardive symptoms, you might consider a second-generation VMAT2 inhibitor, so deuterated tetrabenazine and valbenazine are first line with level A evidence. So these are really your evidence-based standards when you have to treat tardive dyskinesia.

...

The best-evidence treatment of tardive dyskinesia, lowest effective dose of the dopamine blocking agent, then if required, second-generation VMAT2 inhibitor, followed by clonazepam or ginkgo biloba, amantadine or globus pallidus interna DBS for severe tardive dyskinesia.",2025-11-11,2119.99,results/parallel/q02_run3.json
parallel,q02,3,9,PATIENT FACT SHEET,https://www.neurologyadvisor.com/wp-content/uploads/sites/10/2024/10/Tardive-Dyskinesia-Management.pdf,www.neurologyadvisor.com,"# PATIENT FACT SHEET
## **and Recommendations**
_Our easy-to-read fact sheets provide clinicians with reliable information to share with patients and their caregivers._ Tardive dyskinesia is a condition defined by delayed (tardive) involuntary movements of the body (dyskinesia) that often occur after the short- and long-term use of certain medications designed to block dopamine. These medications are usually prescribed for mental health or stomach issues.

### What Medications Can Cause Tardive Dyskinesia?
Older (ie, first-generation) vs newer (ie, atypical or second-generation) antipsychotics are more likely to induce tardive dyskinesia because they more strongly affect dopamine as opposed to serotonin. These antipsychotic medications, also known as neuroleptics, are often used to treat conditions such as schizophrenia and bipolar disorder.
² Some medications that treat stomach-related issues (ie, nausea, acid reflux) can also trigger tardive dyskinesia if taken for more than 3 months. ² A list of potential tardive dyskinesia-inducing medications are listed in Table 1.

...

## Table 1. Drugs That May Induce Tardive Dyskinesia ⁶
### Managing Tardive Dyskinesia
If your health care provider (HCP) finds that a specific medication is inducing tardive dyskinesia, they may suggest lowering the dose or ceasing the medication altogether. This can help reduce or eliminate involuntary movement. ³ In rare cases, an HCP may recommend alternative interventions, such as:",2024-10-23,2119.99,results/parallel/q02_run3.json
parallel,q02,3,10,VMAT2 inhibitors for the treatment of tardive dyskinesia: a narrative review | CNS Spectrums | Cambridge Core,https://www.cambridge.org/core/journals/cns-spectrums/article/vmat2-inhibitors-for-the-treatment-of-tardive-dyskinesia-a-narrative-review/76877F677766141404FC42B8030D9C51,www.cambridge.org,"# VMAT2 inhibitors for the treatment of tardive dyskinesia: a narrative review
## Abstract
Two vesicular monoamine transporter 2 (VMAT2) inhibitors, valbenazine and deutetrabenazine, are approved for the treatment of tardive dyskinesia (TD), a persistent and potentially disabling movement disorder associated with prolonged exposure to antipsychotics and other dopamine receptor blocking agents.

## Introduction
Reference Bhidayasiri, Fahn and Weiner ²² The use of valbenazine and deutetrabenazine for TD is supported by current guidelines from the American Psychiatric Association (APA) and a systematic review of clinical studies that updates evidence-based recommendations for TD following publication of the American Academy of Neurology guidelines in 2013.

...

## References
Bhidayasiri , R , Fahn , S , Weiner , WJ , et al. Evidence-based guideline: treatment of tardive syndromes: report of the Guideline Development Subcommittee of the American Academy of Neurology . Neurology . 2013 ; 81 ( 5 ): 463 – 469 .

...

Ricciardi , L , Pringsheim , T , Barnes , TRE , et al. Treatment recommendations for tardive dyskinesia . Can J Psychiatry . 2019 ; 64 ( 6 ): 388 – 399 . [Google Scholar](https://scholar.google.com/scholar?q=Ricciardi,+L,+Pringsheim,+T,+Barnes,+TRE,+et+al.+Treatment+recommendations+for+tardive+dyskinesia.+Can+J+Psychiatry.+2019;64(6):388%E2%80%93399.)",2025-01-01,2119.99,results/parallel/q02_run3.json
parallel,q03,1,1,"
            GLP-1 receptor agonist-based therapies and cardiovascular risk: a review of mechanisms - PMC
        ",https://pmc.ncbi.nlm.nih.gov/articles/PMC11466209/,pmc.ncbi.nlm.nih.gov,"# GLP-1 receptor agonist-based therapies and cardiovascular risk: a review of mechanisms
## Gut- and pancreas-derived hormone-based therapies for the treatment of cardiometabolic disease
### Cardiovascular outcome trials
The results were promising as the primary composite outcome (first occurrence of three-point MACE) occurred in 608 out of the 4668 patients (13.0%) treated with liraglutide as compared to 694 out of the 4672 patients (14.9%) in the placebo group. Also, the rates of death from cardiovascular causes in the liraglutide group were lower (219 patients (4.7%)) than in the placebo group (278 patients (6.0%)).

...

Exenatide and lixisenatide, displaying less robust GLP-1R target engagement, exhibit lower effectiveness for glucose control and weight loss compared to dulaglutide, liraglutide, and semaglutide ( Trujillo _et al._ 2021 , Viljoen & Bain 2023 ). Nonetheless, in the EXSCEL trial, once-weekly exenatide demonstrated a significant 12% reduction in all-cause mortality and nearly significant decreases in three-point MACE.

...

### Heart failure reported in CVOTs
Another critical endpoint assessed during the GLP-1RA CVOTs is hospitalization for HF ( Marso _et al._ 2016 _a_ , _b_ , Hernandez _et al._ 2018 , Gerstein _et al._ 2019 , 2021 ). A meta-analysis of the ELIXA, LEADER, SUSTAIN-6, EXSCEL, Harmony Outcomes, REWIND, PIONEER 6, and AMPLITUDE-O trials involving over 60,000 patients with T2DM demonstrated an 11% decrease in HF hospitalization ( Sattar _et al._ 2021 ).",2019-09-24,3042.17,results/parallel/q03_run1.json
parallel,q03,1,2,Cardiovascular and renal outcomes of glucagon-like peptide 1 ...,https://www.sciencedirect.com/science/article/pii/S2666667724000473,www.sciencedirect.com,"Cardiovascular and renal outcomes of glucagon-like peptide 1 ...
Multiple cardiovascular outcomes trials (CVOTs) have shown the efficacy of GLP-1RAs in reducing major adverse cardiovascular events (MACEs) for high-risk patients. However, some CVOTs failed to demonstrate cardiovascular benefits.",,3042.17,results/parallel/q03_run1.json
parallel,q03,1,3,779-P: Cardiovascular Outcomes Associated with Dulaglutide ...,https://diabetesjournals.org/diabetes/article/74/Supplement_1/779-P/160445/779-P-Cardiovascular-Outcomes-Associated-with,diabetesjournals.org,"# 779-P: Cardiovascular Outcomes Associated with Dulaglutide, Exenatide, Liraglutide, and Semaglutide in Adults with Type 2 Diabetes at Moderate Cardiovascular Risk _Free_
**Introduction and Objective:** Glucagon-like peptide-1 receptor agonist (GLP-1RA) agents have demonstrated cardiovascular disease (CVD) benefits in adults with type 2 diabetes (T2D) at high and moderate CVD risk. However, their head-to-head comparative risk of cardiovascular outcomes is unknown.
**Methods:** We conducted a clinical trial emulation comparing CVD outcomes between patients treated with four GLP-1RAs.

...

**Conclusion:** Semaglutide may be the GLP-1RA associated with the greatest cardiovascular risk reduction in patients with T2D at moderate CVD risk.

...

## New and popular articles
300-OR: Beneficial Effect of the Combination Therapy of Cagrilintide, a Dual Amylin/Calcitonin Agonist, and Tirzepatide, a Dual GLP-1/GIP Agonist, on Body Weight Loss in Obese Rats",2025-06-20,3042.17,results/parallel/q03_run1.json
parallel,q03,1,4,Liraglutide and Cardiovascular Outcomes in Type 2 Diabetes,https://www.nejm.org/doi/full/10.1056/NEJMoa1603827,www.nejm.org,"# Liraglutide and Cardiovascular Outcomes in Type 2 Diabetes
## Abstract
### Methods
In this double-blind trial, we randomly assigned patients with type 2 diabetes and high cardiovascular risk to receive liraglutide or placebo. The primary composite outcome in the time-to-event analysis was the first occurrence of death from cardiovascular causes, nonfatal myocardial infarction, or nonfatal stroke.

...

### Conclusions
7,8 To assess the long-term effects of liraglutide on cardiovascular outcomes and other clinically important events, the Liraglutide Effect and Action in Diabetes: Evaluation of Cardiovascular Outcome Results (LEADER) trial was initiated in 2010. ⁹

...

## Results
### Cardiovascular Outcomes
The primary composite outcome in the time-to-event analysis was the first occurrence of death from cardiovascular causes, nonfatal myocardial infarction, or nonfatal stroke. The cumulative incidences were estimated with the use of the Kaplan–Meier method, and the hazard ratios with the use of the Cox proportional-hazard regression model. The data analyses are truncated at 54 months, because less than 10% of the patients had an observation time beyond 54 months.

...

## Discussion
It should be noted that in the Evaluation of Lixisenatide in Acute Coronary Syndrome (ELIXA) trial, ¹⁴ the GLP-1–receptor agonist lixisenatide, which is shorter-acting than and structurally dissimilar to liraglutide, did not show any cardiovascular benefit in patients with diabetes and a recent acute coronary syndrome.",2016-07-28,3042.17,results/parallel/q03_run1.json
parallel,q03,1,5,GLP-1 Receptor Agonists and Cardiovascular Outcomes in Adults ...,https://www.ajconline.org/article/S0002-9149%2825%2900595-8/fulltext,www.ajconline.org,"# GLP-1 Receptor Agonists and Cardiovascular Outcomes in Adults With Diabetes and Peripheral Artery Disease: An Updated Systematic Review and Meta-Analysis
## Abstract
Glucagon-like peptide-1 receptor agonists (GLP-1 RAs) provide proven cardiovascular benefits in type 2 diabetes mellitus (T2DM) and heart failure, but their effects in patients with peripheral artery disease (PAD) remain unclear. PAD is common in T2DM and increases the risk of adverse cardiovascular and limb outcomes.

...

Pooled risk ratios and mean differences were calculated using random-effects models. Six randomized controlled trials, including 7,645 participants met the inclusion criteria.

...

In conclusion, GLP-1 RAs lower MACE and ACM in patients with T2DM and PAD but do not clearly benefit limb-specific outcomes, highlighting the need for larger, PAD-focused trials to clarify their role in limb protection.

## References
**Improvement of glycemic control and reduction of major cardiovascular events in 18 cardiovascular outcome trials: an updated meta-regression**
_Cardiovasc Diabetol._ 2021; **20** (1)
[Accessed on 2025 Jun 18]. Available at: https://pubmed.ncbi.nlm.nih.gov/34663316/",2026-01-01,3042.17,results/parallel/q03_run1.json
parallel,q03,1,6,Semaglutide and Cardiovascular Outcomes in Obesity without Diabetes | New England Journal of Medicine,https://www.nejm.org/doi/full/10.1056/NEJMoa2307563,www.nejm.org,"# Semaglutide and Cardiovascular Outcomes in Obesity without Diabetes
## Abstract
### Conclusions
#### [Semaglutide and Cardiovascular Outcomes in Obesity](https://www.nejm.org/do/10.1056/NEJMdo007318/full/)
Agonists of the glucagon-like peptide-1 (GLP-1) receptor are used in the management of type 2 diabetes and overweight or obesity and have been shown to reduce the risk of major adverse cardiovascular events in patients with type 2 diabetes who are at high cardiovascular risk.

...

## Results
### Randomization, Patient Characteristics, and Follow-up
Treatment with an open-label GLP-1 receptor agonist was initiated during the trial (a violation of the trial protocol) in 36 patients (semaglutide in 28 patients) in the semaglutide group and in 121 patients (semaglutide in 92 patients) in the placebo group.

## Discussion
GLP-1 receptor agonists are recognized to have cardioprotective effects in patients with type 2 diabetes. We conducted this trial to determine whether semaglutide, a potent long-acting medication in this class, ²⁵ would diminish excess cardiovascular risk associated with overweight or obesity in patients with no history of diabetes.

## References
### References
#### References
10.
Sattar N, Lee MMY, Kristensen SL, et al. Cardiovascular, mortality, and kidney outcomes with GLP-1 receptor agonists in patients with type 2 diabetes: a systematic review and meta-analysis of randomised trials. _Lancet Diabetes Endocrinol_ 2021;9:653-662.",2023-12-14,3042.17,results/parallel/q03_run1.json
parallel,q03,1,7,GLP-1 receptor agonists and cardiovascular outcome trials: An update - ScienceDirect,https://www.sciencedirect.com/science/article/pii/S1109966618304081,www.sciencedirect.com,"# Review Article
## Abstract
Major cardiovascular (CV) outcome trials with glucagon-like peptide-1 receptor agonists (GLP-1 RAs) are currently available. These agonists have proven their CV safety, in harmony with the US Food and Drug Administration (FDA) recommendation for antidiabetic drugs.

...

## 2. CV outcome trials with GLP-1 RAs: main results
The Liraglutide Effect and Action in Diabetes: Evaluation of Cardiovascular Outcome Results (LEADER) trial ¹² investigated CV outcomes in 9340 patients with T2DM treated after a median follow-up of 3.8 years with liraglutide or placebo once daily. Patients included were aged ≥50 years with known CVD or aged ≥60 years with multiple CV risk factors.

...

The Trial to Evaluate Cardiovascular and Other Long-term Outcomes with Semaglutide in Subjects with Type 2 Diabetes (SUSTAIN-6) ¹⁴ was a non-inferiority trial that compared once-weekly semaglutide (a long-acting GLP-1 RA) with placebo in reducing major CV events in 3297 patients with T2DM who are at high CV risk (with established CVD, chronic kidney disease or both or with significant CV risk factors), after a median of 2.1 years.

...

## 3. CV outcome trials with GLP-1 RAs: discussion
Indeed, the results of a recent meta-analysis of the first four CV outcome trials with GLP-1 RAs indicate that this class of agents, particularly long-acting ones, has CV protective properties ²⁰ . This meta-analysis has demonstrated significant improvements in CV mortality and all-cause mortality with GLP-1 RAs compared with those using placebo ²⁰ .",2019-11-01,3042.17,results/parallel/q03_run1.json
parallel,q03,1,8,Comparative cardiovascular outcomes of semaglutide to dulaglutide in patients with type 2 diabetes | Scientific Reports,https://www.nature.com/articles/s41598-025-06245-w,www.nature.com,"# Comparative cardiovascular outcomes of semaglutide to dulaglutide in patients with type 2 diabetes
## Introduction
A meta-analysis of these GLP-1 RA cardiovascular outcome trials found that GLP-1 RAs reduced major adverse cardiovascular events (MACE) by 12%, heart failure hospitalizations by 9%, and all-cause death by 12% ⁹ . Semaglutide versus dulaglutide once weekly in patients with type 2 diabetes (SUSTAIN 7), a Phase 3b trial of semaglutide, demonstrated that semaglutide was superior to dulaglutide in improving glycemic control and weight loss ¹⁰ .

...

## Conclusions
### Research insights
Type 2 diabetes substantially increases the risk of cardiovascular events, and glucagon-like peptide-1 receptor agonists (GLP-1 RAs) have been shown to reduce major adverse cardiovascular outcomes. However, comparisons between different GLP-1 RAs—specifically semaglutide and dulaglutide—are limited.

...

## References
Cardiovascular, mortality, and kidney outcomes with GLP-1 receptor agonists in patients with type 2 diabetes: a systematic review and meta-analysis of cardiovascular outcome trials. _Lancet Diabetes Endocrinol._ **7** (10), 776–785 (2019).
[Article](https://doi.org/10.1016%2FS2213-8587%2819%2930249-9) CAS [PubMed](http://www.ncbi.nlm.nih.gov/entrez/query.fcgi?cmd=Retrieve&db=PubMed&dopt=Abstract&list_uids=31422062) [Google

...

## About this article
### Subjects
Cardiovascular, mortality, and kidney outcomes with GLP-1 receptor agonists in patients with type 2 diabetes: a systematic review and meta-analysis of cardiovascular outcome trials. _Lancet Diabetes Endocrinol._ **7** (10), 776–785 (2019).",2025-07-01,3042.17,results/parallel/q03_run1.json
parallel,q03,1,9,Cardiovascular outcome of glucagon-like peptide-1 receptor agonists vs dipeptidyl peptidase-4 inhibitor on end-stage kidney disease patients with heart failure: an emulated target trial in patients with diabetes,https://www.nature.com/articles/s41467-026-76083-5,www.nature.com,"# Cardiovascular outcome of glucagon-like peptide-1 receptor agonists vs dipeptidyl peptidase-4 inhibitor on end-stage kidney disease patients with heart failure: an emulated target trial in patients with diabetes
## Introduction
The FLOW trial, specifically in the chronic kidney disease population, demonstrated that semaglutide significantly lowered the risk of heart failure (HF) events and cardiovascular death ²³ .
Given the shared risk factors and pathophysiological continuum between CKD and ESKD, these findings raise the possibility that GLP-1RAs could provide meaningful cardiovascular benefit in patients with HF in diabetic ESKD.

...

# Cardiovascular outcome of glucagon-like peptide-1 receptor agonists vs dipeptidyl peptidase-4 inhibitor on end-stage kidney disease patients with heart failure: an emulated target trial in patients with diabetes
## Discussion
Notably, recent trials such as SELECT and STEP-HFpEF have demonstrated benefits of GLP-1RAs in HF patients without diabetes 22 , 35 . Future studies are needed to clarify whether similar benefits extend to non-diabetic ESKD patients with HF.

...

In conclusion, this large-scale target trial emulation provides the real-world evidence that, compared with DPP-4is, GLP-1RAs reduce ischemic complications and heart failure exacerbations in patients with diabetic dialysis-dependent ESKD with HF, a population with extreme cardiovascular vulnerability and limited therapeutic options.",2026-07-30,3042.17,results/parallel/q03_run1.json
parallel,q03,1,10,GLP-1 Receptor Agonists for the Reduction of Atherosclerotic Cardiovascular Risk in Patients With Type 2 Diabetes | Circulation,https://www.ahajournals.org/doi/10.1161/CIRCULATIONAHA.122.059595,www.ahajournals.org,"# GLP-1 Receptor Agonists for the Reduction of Atherosclerotic Cardiovascular Risk in Patients With Type 2 Diabetes
## Cardiovascular/Kidney Effects of GLP-1 RA in Cardiovascular Outcome Trials
### Effects on MACE
A meta-analysis ⁴⁶ of these 8 CVOTs revealed a 14% reduction in the primary outcome of the 3-component MACE (cardiovascular death, nonfatal MI, and nonfatal stroke; number needed to treat, 65), with moderate heterogeneity ( Table 3 ).

...

## Practical Aspects on the Use of GLP-1 RA for The Cardiologist
### Patient Selection
⁴⁶ Current guidelines recommend the following, presently available GLP-1 RA with proven CV benefit: liraglutide, semaglutide subcutaneously, and dulaglutide. ASCVD indicates atherosclerotic cardiovascular disease; CV, cardiovascular; CVOT, cardiovascular outcome trial; GLP-1 RA, GLP-1 receptor agonists; MACE, major adverse cardiovascular events; and MI, myocardial infarction.

...

## References
Giugliano D, Longo M, Signoriello S, Maiorino MI, Solerte B, Chiodini P, Esposito K. The effect of DPP-4 inhibitors, GLP-1 receptor agonists and SGLT-2 inhibitors on cardiorenal outcomes: a network meta-analysis of 23 CVOTs. _Cardiovasc Diabetol_ . 2022;21:42. doi: 10.1186/s12933-022-01474-z",2022-12-13,3042.17,results/parallel/q03_run1.json
parallel,q03,2,1,"
            GLP-1 receptor agonist-based therapies and cardiovascular risk: a review of mechanisms - PMC
        ",https://pmc.ncbi.nlm.nih.gov/articles/PMC11466209/,pmc.ncbi.nlm.nih.gov,"# GLP-1 receptor agonist-based therapies and cardiovascular risk: a review of mechanisms
## Gut- and pancreas-derived hormone-based therapies for the treatment of cardiometabolic disease
### Cardiovascular outcome trials
The LEADER trial, which investigated the use of a 1.8 mg/day subcutaneous injection of liraglutide or placebo in 9340 patients with T2DM and high cardiovascular risk, was the first positive GLP-1RA CVOT trial published in 2016.
The results were promising as the primary composite outcome (first occurrence of three-point MACE) occurred in 608 out of the 4668 patients (13.0%) treated with liraglutide as compared to 694 out of the 4672 patients (14.9%) in the placebo group.
Also, the rates of death from cardiovascular causes in the liraglutide group were lower (219 patients (4.7%)) than in the placebo group (278 patients (6.0%)).

# GLP-1 receptor agonist-based therapies and cardiovascular risk: a review of mechanisms
## Gut- and pancreas-derived hormone-based therapies for the treatment of cardiometabolic disease
### Cardiovascular outcome trials
The Harmony Outcomes Trial, conducted in 2018, investigated the use of 30–50 mg albiglutide once-weekly subcutaneous injection in 9463 patients with T2DM for a median of 1.5 years.
Albiglutide significantly reduced the incidence of three-point MACE in patients with T2DM and CVD. The incidence of three-point MACE was 7% (338 events) in the albiglutide group compared to 9% (428 events) in the placebo group.",2019-09-24,3256.43,results/parallel/q03_run2.json
parallel,q03,2,2,Cardiovascular and renal outcomes of glucagon-like peptide 1 ...,https://www.sciencedirect.com/science/article/pii/S2666667724000473,www.sciencedirect.com,"Cardiovascular and renal outcomes of glucagon-like peptide 1 ...
Multiple cardiovascular outcomes trials (CVOTs) have shown the efficacy of GLP-1RAs in reducing major adverse cardiovascular events (MACEs) for high-risk patients. However, some CVOTs failed to demonstrate cardiovascular benefits.",,3256.43,results/parallel/q03_run2.json
parallel,q03,2,3,779-P: Cardiovascular Outcomes Associated with Dulaglutide ...,https://diabetesjournals.org/diabetes/article/74/Supplement_1/779-P/160445/779-P-Cardiovascular-Outcomes-Associated-with,diabetesjournals.org,"# 779-P: Cardiovascular Outcomes Associated with Dulaglutide, Exenatide, Liraglutide, and Semaglutide in Adults with Type 2 Diabetes at Moderate Cardiovascular Risk _Free_
**Introduction and Objective:** Glucagon-like peptide-1 receptor agonist (GLP-1RA) agents have demonstrated cardiovascular disease (CVD) benefits in adults with type 2 diabetes (T2D) at high and moderate CVD risk. However, their head-to-head comparative risk of cardiovascular outcomes is unknown.
**Methods:** We conducted a clinical trial emulation comparing CVD outcomes between patients treated with four GLP-1RAs.

...

**Conclusion:** Semaglutide may be the GLP-1RA associated with the greatest cardiovascular risk reduction in patients with T2D at moderate CVD risk.",2025-06-20,3256.43,results/parallel/q03_run2.json
parallel,q03,2,4,Liraglutide and Cardiovascular Outcomes in Type 2 Diabetes,https://www.nejm.org/doi/full/10.1056/NEJMoa1603827,www.nejm.org,"# Liraglutide and Cardiovascular Outcomes in Type 2 Diabetes
## Abstract
### Methods
In this double-blind trial, we randomly assigned patients with type 2 diabetes and high cardiovascular risk to receive liraglutide or placebo. The primary composite outcome in the time-to-event analysis was the first occurrence of death from cardiovascular causes, nonfatal myocardial infarction, or nonfatal stroke.

### Conclusions
Liraglutide, an analogue of human glucagon-like peptide 1 (GLP-1), ⁶ has been approved for the treatment of type 2 diabetes. Its efficacy in lowering glucose levels has been established, and it has been associated with slight reductions in weight and blood pressure. 6–8 It has been associated with an increase in pulse rate.
7,8 To assess the long-term effects of liraglutide on cardiovascular outcomes and other clinically important events, the Liraglutide Effect and Action in Diabetes: Evaluation of Cardiovascular Outcome Results (LEADER) trial was initiated in 2010. ⁹

...

## Discussion
It should be noted that in the Evaluation of Lixisenatide in Acute Coronary Syndrome (ELIXA) trial, ¹⁴ the GLP-1–receptor agonist lixisenatide, which is shorter-acting than and structurally dissimilar to liraglutide, did not show any cardiovascular benefit in patients with diabetes and a recent acute coronary syndrome.
More patients in the liraglutide group than in the placebo group permanently discontinued the trial regimen owing to adverse events (difference, 2.2 percentage points). There has been considerable interest in a potential association between the use of GLP-1–receptor agonists and pancreatitis and pancreatic cancer, although there is no consistent preclinical, pharmacovigilance, or epidemiologic evidence to date.",2016-07-28,3256.43,results/parallel/q03_run2.json
parallel,q03,2,5,Comparative cardiovascular outcomes of semaglutide to dulaglutide in patients with type 2 diabetes | Scientific Reports,https://www.nature.com/articles/s41598-025-06245-w,www.nature.com,"# Comparative cardiovascular outcomes of semaglutide to dulaglutide in patients with type 2 diabetes
## Abstract
Type 2 diabetes significantly increases cardiovascular risk. Glucagon-like peptide-1 receptor agonists (GLP-1 RA) reduce major adverse cardiovascular events, heart failure hospitalizations, and death. However, the comparison among GLP-1 RAs on cardiovascular outcomes is limited.

...

## Introduction
Type 2 diabetes is one of the most significant risk factors for cardiovascular disease, including death and heart failure 1 , 2 , 3 , 4 . Previous clinical trials have demonstrated that glucagon-like peptide-1 receptor agonists (GLP-1 RAs) improve cardiovascular outcomes, including heart failure, as well as all-cause death 5 , 6 , 7 , 8 .
A meta-analysis of these GLP-1 RA cardiovascular outcome trials found that GLP-1 RAs reduced major adverse cardiovascular events (MACE) by 12%, heart failure hospitalizations by 9%, and all-cause death by 12% ⁹ .
Semaglutide versus dulaglutide once weekly in patients with type 2 diabetes (SUSTAIN 7), a Phase 3b trial of semaglutide, demonstrated that semaglutide was superior to dulaglutide in improving glycemic control and weight loss ¹⁰ .

...

# Comparative cardiovascular outcomes of semaglutide to dulaglutide in patients with type 2 diabetes
## About this article
### Subjects
Cardiovascular, mortality, and kidney outcomes with GLP-1 receptor agonists in patients with type 2 diabetes: a systematic review and meta-analysis of cardiovascular outcome trials. _Lancet Diabetes Endocrinol._ **7** (10), 776–785 (2019).",2025-07-01,3256.43,results/parallel/q03_run2.json
parallel,q03,2,6,GLP-1 Receptor Agonists and Cardiovascular Outcomes in Adults ...,https://www.ajconline.org/article/S0002-9149%2825%2900595-8/fulltext,www.ajconline.org,"# GLP-1 Receptor Agonists and Cardiovascular Outcomes in Adults With Diabetes and Peripheral Artery Disease: An Updated Systematic Review and Meta-Analysis
## Abstract
Glucagon-like peptide-1 receptor agonists (GLP-1 RAs) provide proven cardiovascular benefits in type 2 diabetes mellitus (T2DM) and heart failure, but their effects in patients with peripheral artery disease (PAD) remain unclear. PAD is common in T2DM and increases the risk of adverse cardiovascular and limb outcomes.

...

Pooled risk ratios and mean differences were calculated using random-effects models. Six randomized controlled trials, including 7,645 participants met the inclusion criteria.

...

In conclusion, GLP-1 RAs lower MACE and ACM in patients with T2DM and PAD but do not clearly benefit limb-specific outcomes, highlighting the need for larger, PAD-focused trials to clarify their role in limb protection.

## References
**Improvement of glycemic control and reduction of major cardiovascular events in 18 cardiovascular outcome trials: an updated meta-regression**
_Cardiovasc Diabetol._ 2021; **20** (1)
[Accessed on 2025 Jun 18]. Available at: https://pubmed.ncbi.nlm.nih.gov/34663316/",2026-01-01,3256.43,results/parallel/q03_run2.json
parallel,q03,2,7,GLP-1 receptor agonists and cardiovascular outcome trials: An update - ScienceDirect,https://www.sciencedirect.com/science/article/pii/S1109966618304081,www.sciencedirect.com,"# Review Article
## Abstract
Major cardiovascular (CV) outcome trials with glucagon-like peptide-1 receptor agonists (GLP-1 RAs) are currently available. These agonists have proven their CV safety, in harmony with the US Food and Drug Administration (FDA) recommendation for antidiabetic drugs.

...

## 2. CV outcome trials with GLP-1 RAs: main results
The Liraglutide Effect and Action in Diabetes: Evaluation of Cardiovascular Outcome Results (LEADER) trial ¹² investigated CV outcomes in 9340 patients with T2DM treated after a median follow-up of 3.8 years with liraglutide or placebo once daily. Patients included were aged ≥50 years with known CVD or aged ≥60 years with multiple CV risk factors.

...

The Trial to Evaluate Cardiovascular and Other Long-term Outcomes with Semaglutide in Subjects with Type 2 Diabetes (SUSTAIN-6) ¹⁴ was a non-inferiority trial that compared once-weekly semaglutide (a long-acting GLP-1 RA) with placebo in reducing major CV events in 3297 patients with T2DM who are at high CV risk (with established CVD, chronic kidney disease or both or with significant CV risk factors), after a median of 2.1 years.

# Review Article
## 2. CV outcome trials with GLP-1 RAs: main results
In 2018, the trial on albiglutide and CV outcomes in patients with T2DM and CV disease (HARMONY Outcomes) was completed, and it showed that the long-acting GLP-1 RA albiglutide, when added to standard care in patients with T2DM and established CVD, reduced the risk of the primary composite outcome (3P-MACE) by 22% compared with placebo ¹⁶ .",2019-11-01,3256.43,results/parallel/q03_run2.json
parallel,q03,2,8,Semaglutide and Cardiovascular Outcomes in Obesity without Diabetes | New England Journal of Medicine,https://www.nejm.org/doi/full/10.1056/NEJMoa2307563,www.nejm.org,"# Semaglutide and Cardiovascular Outcomes in Obesity without Diabetes
## Abstract
### Conclusions
#### [Semaglutide and Cardiovascular Outcomes in Obesity](https://www.nejm.org/do/10.1056/NEJMdo007318/full/)
Agonists of the glucagon-like peptide-1 (GLP-1) receptor are used in the management of type 2 diabetes and overweight or obesity and have been shown to reduce the risk of major adverse cardiovascular events in patients with type 2 diabetes who are at high cardiovascular risk.

...

## Results
### Randomization, Patient Characteristics, and Follow-up
Treatment with an open-label GLP-1 receptor agonist was initiated during the trial (a violation of the trial protocol) in 36 patients (semaglutide in 28 patients) in the semaglutide group and in 121 patients (semaglutide in 92 patients) in the placebo group.

## Discussion
GLP-1 receptor agonists are recognized to have cardioprotective effects in patients with type 2 diabetes. We conducted this trial to determine whether semaglutide, a potent long-acting medication in this class, ²⁵ would diminish excess cardiovascular risk associated with overweight or obesity in patients with no history of diabetes.

## References
### References
#### References
10.
Sattar N, Lee MMY, Kristensen SL, et al. Cardiovascular, mortality, and kidney outcomes with GLP-1 receptor agonists in patients with type 2 diabetes: a systematic review and meta-analysis of randomised trials. _Lancet Diabetes Endocrinol_ 2021;9:653-662.",2023-12-14,3256.43,results/parallel/q03_run2.json
parallel,q03,2,9,Cardiovascular outcome of glucagon-like peptide-1 receptor agonists vs dipeptidyl peptidase-4 inhibitor on end-stage kidney disease patients with heart failure: an emulated target trial in patients with diabetes,https://www.nature.com/articles/s41467-026-76083-5,www.nature.com,"In this context, glucagon-like peptide-1 receptor agonists (GLP-1RAs) have emerged as promising agents with cardiovascular benefits beyond glycemic control.

# Cardiovascular outcome of glucagon-like peptide-1 receptor agonists vs dipeptidyl peptidase-4 inhibitor on end-stage kidney disease patients with heart failure: an emulated target trial in patients with diabetes
## Introduction
The FLOW trial, specifically in the chronic kidney disease population, demonstrated that semaglutide significantly lowered the risk of heart failure (HF) events and cardiovascular death ²³ .
Given the shared risk factors and pathophysiological continuum between CKD and ESKD, these findings raise the possibility that GLP-1RAs could provide meaningful cardiovascular benefit in patients with HF in diabetic ESKD.

...

# Cardiovascular outcome of glucagon-like peptide-1 receptor agonists vs dipeptidyl peptidase-4 inhibitor on end-stage kidney disease patients with heart failure: an emulated target trial in patients with diabetes
## Discussion
Notably, recent trials such as SELECT and STEP-HFpEF have demonstrated benefits of GLP-1RAs in HF patients without diabetes 22 , 35 . Future studies are needed to clarify whether similar benefits extend to non-diabetic ESKD patients with HF.

...

In conclusion, this large-scale target trial emulation provides the real-world evidence that, compared with DPP-4is, GLP-1RAs reduce ischemic complications and heart failure exacerbations in patients with diabetic dialysis-dependent ESKD with HF, a population with extreme cardiovascular vulnerability and limited therapeutic options.",2026-07-30,3256.43,results/parallel/q03_run2.json
parallel,q03,2,10,"
            Report from the CVOT Summit 2020: new cardiovascular and renal outcomes - PMC
        ",https://pmc.ncbi.nlm.nih.gov/articles/PMC8010779,pmc.ncbi.nlm.nih.gov,"# Report from the CVOT Summit 2020: new cardiovascular and renal outcomes
## Background
Several major outcome trials for three glucose-lowering classes have been conducted for people with T2D: glucagon-like peptide-1 (GLP-1) receptor agonists, dipeptidyl peptidase-4 (DPP-4) inhibitors, and sodium-glucose co-transporter-2 (SGLT2) inhibitors.
These major outcome trials included 17 CVOTs up to and including 2019: seven trials of GLP-1 receptor agonists  [8 – 14 ], five trials of DPP-4 inhibitors  [15 – 19 ], four trials of SGLT2 inhibitors  [20 – 24 ] with an additional SGLT2 inhibitor trial for HF  [25 ]. Furthermore, some of these trials also published data on kidney outcomes, although these were secondary endpoints or exploratory analyses.
Outcome trials with GLP-1 receptor agonists demonstrated beneficial effects on albuminuria, while SGLT2 inhibitors showed a reduction in both albuminuria and “hard” kidney outcomes. As a trial primarily powered for kidney outcomes in patients with T2D and established DKD, CREDENCE showed positive effects for the SGLT2 inhibitor canagliflozin on such outcomes  [26 ].

...

### Key topics discussed during the 6th CVOT Summit
#### Challenges in diabetes management—novel strategies and guidelines
##### Primary prevention of CVD in the light of current diabetes guidelines
The REWIND trial demonstrated a 13% risk reduction of MACE for the GLP-1RA dulaglutide in a population in which 68.5% (6793 patients) did not have established CVD. [67 ].",,3256.43,results/parallel/q03_run2.json
parallel,q03,3,1,"
            GLP-1 receptor agonist-based therapies and cardiovascular risk: a review of mechanisms - PMC
        ",https://pmc.ncbi.nlm.nih.gov/articles/PMC11466209/,pmc.ncbi.nlm.nih.gov,"# GLP-1 receptor agonist-based therapies and cardiovascular risk: a review of mechanisms
## Gut- and pancreas-derived hormone-based therapies for the treatment of cardiometabolic disease
### Cardiovascular outcome trials
The LEADER trial, which investigated the use of a 1.8 mg/day subcutaneous injection of liraglutide or placebo in 9340 patients with T2DM and high cardiovascular risk, was the first positive GLP-1RA CVOT trial published in 2016.
The results were promising as the primary composite outcome (first occurrence of three-point MACE) occurred in 608 out of the 4668 patients (13.0%) treated with liraglutide as compared to 694 out of the 4672 patients (14.9%) in the placebo group.
Also, the rates of death from cardiovascular causes in the liraglutide group were lower (219 patients (4.7%)) than in the placebo group (278 patients (6.0%)).

# GLP-1 receptor agonist-based therapies and cardiovascular risk: a review of mechanisms
## Gut- and pancreas-derived hormone-based therapies for the treatment of cardiometabolic disease
### Cardiovascular outcome trials
The Harmony Outcomes Trial, conducted in 2018, investigated the use of 30–50 mg albiglutide once-weekly subcutaneous injection in 9463 patients with T2DM for a median of 1.5 years.
Albiglutide significantly reduced the incidence of three-point MACE in patients with T2DM and CVD. The incidence of three-point MACE was 7% (338 events) in the albiglutide group compared to 9% (428 events) in the placebo group.",2019-09-24,3227.01,results/parallel/q03_run3.json
parallel,q03,3,2,Cardiovascular and renal outcomes of glucagon-like peptide 1 ...,https://www.sciencedirect.com/science/article/pii/S2666667724000473,www.sciencedirect.com,"Cardiovascular and renal outcomes of glucagon-like peptide 1 ...
Multiple cardiovascular outcomes trials (CVOTs) have shown the efficacy of GLP-1RAs in reducing major adverse cardiovascular events (MACEs) for high-risk patients. However, some CVOTs failed to demonstrate cardiovascular benefits.",,3227.01,results/parallel/q03_run3.json
parallel,q03,3,3,779-P: Cardiovascular Outcomes Associated with Dulaglutide ...,https://diabetesjournals.org/diabetes/article/74/Supplement_1/779-P/160445/779-P-Cardiovascular-Outcomes-Associated-with,diabetesjournals.org,"# 779-P: Cardiovascular Outcomes Associated with Dulaglutide, Exenatide, Liraglutide, and Semaglutide in Adults with Type 2 Diabetes at Moderate Cardiovascular Risk _Free_
**Introduction and Objective:** Glucagon-like peptide-1 receptor agonist (GLP-1RA) agents have demonstrated cardiovascular disease (CVD) benefits in adults with type 2 diabetes (T2D) at high and moderate CVD risk. However, their head-to-head comparative risk of cardiovascular outcomes is unknown.
**Methods:** We conducted a clinical trial emulation comparing CVD outcomes between patients treated with four GLP-1RAs.

...

**Conclusion:** Semaglutide may be the GLP-1RA associated with the greatest cardiovascular risk reduction in patients with T2D at moderate CVD risk.",2025-06-20,3227.01,results/parallel/q03_run3.json
parallel,q03,3,4,Liraglutide and Cardiovascular Outcomes in Type 2 Diabetes,https://www.nejm.org/doi/full/10.1056/NEJMoa1603827,www.nejm.org,"# Liraglutide and Cardiovascular Outcomes in Type 2 Diabetes
## Abstract
### Methods
In this double-blind trial, we randomly assigned patients with type 2 diabetes and high cardiovascular risk to receive liraglutide or placebo. The primary composite outcome in the time-to-event analysis was the first occurrence of death from cardiovascular causes, nonfatal myocardial infarction, or nonfatal stroke.

### Conclusions
Liraglutide, an analogue of human glucagon-like peptide 1 (GLP-1), ⁶ has been approved for the treatment of type 2 diabetes. Its efficacy in lowering glucose levels has been established, and it has been associated with slight reductions in weight and blood pressure. 6–8 It has been associated with an increase in pulse rate.
7,8 To assess the long-term effects of liraglutide on cardiovascular outcomes and other clinically important events, the Liraglutide Effect and Action in Diabetes: Evaluation of Cardiovascular Outcome Results (LEADER) trial was initiated in 2010. ⁹

...

## Discussion
It should be noted that in the Evaluation of Lixisenatide in Acute Coronary Syndrome (ELIXA) trial, ¹⁴ the GLP-1–receptor agonist lixisenatide, which is shorter-acting than and structurally dissimilar to liraglutide, did not show any cardiovascular benefit in patients with diabetes and a recent acute coronary syndrome.
More patients in the liraglutide group than in the placebo group permanently discontinued the trial regimen owing to adverse events (difference, 2.2 percentage points). There has been considerable interest in a potential association between the use of GLP-1–receptor agonists and pancreatitis and pancreatic cancer, although there is no consistent preclinical, pharmacovigilance, or epidemiologic evidence to date.",2016-07-28,3227.01,results/parallel/q03_run3.json
parallel,q03,3,5,Comparative cardiovascular outcomes of semaglutide to dulaglutide in patients with type 2 diabetes | Scientific Reports,https://www.nature.com/articles/s41598-025-06245-w,www.nature.com,"# Comparative cardiovascular outcomes of semaglutide to dulaglutide in patients with type 2 diabetes
## Abstract
Type 2 diabetes significantly increases cardiovascular risk. Glucagon-like peptide-1 receptor agonists (GLP-1 RA) reduce major adverse cardiovascular events, heart failure hospitalizations, and death. However, the comparison among GLP-1 RAs on cardiovascular outcomes is limited.

...

## Introduction
Type 2 diabetes is one of the most significant risk factors for cardiovascular disease, including death and heart failure 1 , 2 , 3 , 4 . Previous clinical trials have demonstrated that glucagon-like peptide-1 receptor agonists (GLP-1 RAs) improve cardiovascular outcomes, including heart failure, as well as all-cause death 5 , 6 , 7 , 8 .
A meta-analysis of these GLP-1 RA cardiovascular outcome trials found that GLP-1 RAs reduced major adverse cardiovascular events (MACE) by 12%, heart failure hospitalizations by 9%, and all-cause death by 12% ⁹ .
Semaglutide versus dulaglutide once weekly in patients with type 2 diabetes (SUSTAIN 7), a Phase 3b trial of semaglutide, demonstrated that semaglutide was superior to dulaglutide in improving glycemic control and weight loss ¹⁰ .

...

# Comparative cardiovascular outcomes of semaglutide to dulaglutide in patients with type 2 diabetes
## About this article
### Subjects
Cardiovascular, mortality, and kidney outcomes with GLP-1 receptor agonists in patients with type 2 diabetes: a systematic review and meta-analysis of cardiovascular outcome trials. _Lancet Diabetes Endocrinol._ **7** (10), 776–785 (2019).",2025-07-01,3227.01,results/parallel/q03_run3.json
parallel,q03,3,6,GLP-1 Receptor Agonists and Cardiovascular Outcomes in Adults ...,https://www.ajconline.org/article/S0002-9149%2825%2900595-8/fulltext,www.ajconline.org,"# GLP-1 Receptor Agonists and Cardiovascular Outcomes in Adults With Diabetes and Peripheral Artery Disease: An Updated Systematic Review and Meta-Analysis
## Abstract
Glucagon-like peptide-1 receptor agonists (GLP-1 RAs) provide proven cardiovascular benefits in type 2 diabetes mellitus (T2DM) and heart failure, but their effects in patients with peripheral artery disease (PAD) remain unclear. PAD is common in T2DM and increases the risk of adverse cardiovascular and limb outcomes.

...

Pooled risk ratios and mean differences were calculated using random-effects models. Six randomized controlled trials, including 7,645 participants met the inclusion criteria.

...

In conclusion, GLP-1 RAs lower MACE and ACM in patients with T2DM and PAD but do not clearly benefit limb-specific outcomes, highlighting the need for larger, PAD-focused trials to clarify their role in limb protection.

## References
**Improvement of glycemic control and reduction of major cardiovascular events in 18 cardiovascular outcome trials: an updated meta-regression**
_Cardiovasc Diabetol._ 2021; **20** (1)
[Accessed on 2025 Jun 18]. Available at: https://pubmed.ncbi.nlm.nih.gov/34663316/",2026-01-01,3227.01,results/parallel/q03_run3.json
parallel,q03,3,7,Semaglutide and Cardiovascular Outcomes in Obesity without Diabetes | New England Journal of Medicine,https://www.nejm.org/doi/full/10.1056/NEJMoa2307563,www.nejm.org,"# Semaglutide and Cardiovascular Outcomes in Obesity without Diabetes
## Abstract
### Conclusions
#### [Semaglutide and Cardiovascular Outcomes in Obesity](https://www.nejm.org/do/10.1056/NEJMdo007318/full/)
Agonists of the glucagon-like peptide-1 (GLP-1) receptor are used in the management of type 2 diabetes and overweight or obesity and have been shown to reduce the risk of major adverse cardiovascular events in patients with type 2 diabetes who are at high cardiovascular risk.

...

## Results
### Randomization, Patient Characteristics, and Follow-up
Treatment with an open-label GLP-1 receptor agonist was initiated during the trial (a violation of the trial protocol) in 36 patients (semaglutide in 28 patients) in the semaglutide group and in 121 patients (semaglutide in 92 patients) in the placebo group.

## Discussion
GLP-1 receptor agonists are recognized to have cardioprotective effects in patients with type 2 diabetes. We conducted this trial to determine whether semaglutide, a potent long-acting medication in this class, ²⁵ would diminish excess cardiovascular risk associated with overweight or obesity in patients with no history of diabetes.

## References
### References
#### References
10.
Sattar N, Lee MMY, Kristensen SL, et al. Cardiovascular, mortality, and kidney outcomes with GLP-1 receptor agonists in patients with type 2 diabetes: a systematic review and meta-analysis of randomised trials. _Lancet Diabetes Endocrinol_ 2021;9:653-662.",2023-12-14,3227.01,results/parallel/q03_run3.json
parallel,q03,3,8,GLP-1 receptor agonists and cardiovascular outcome trials: An update - ScienceDirect,https://www.sciencedirect.com/science/article/pii/S1109966618304081,www.sciencedirect.com,"# Review Article
## Abstract
Major cardiovascular (CV) outcome trials with glucagon-like peptide-1 receptor agonists (GLP-1 RAs) are currently available. These agonists have proven their CV safety, in harmony with the US Food and Drug Administration (FDA) recommendation for antidiabetic drugs.

...

## 2. CV outcome trials with GLP-1 RAs: main results
The Liraglutide Effect and Action in Diabetes: Evaluation of Cardiovascular Outcome Results (LEADER) trial ¹² investigated CV outcomes in 9340 patients with T2DM treated after a median follow-up of 3.8 years with liraglutide or placebo once daily. Patients included were aged ≥50 years with known CVD or aged ≥60 years with multiple CV risk factors.

...

The Trial to Evaluate Cardiovascular and Other Long-term Outcomes with Semaglutide in Subjects with Type 2 Diabetes (SUSTAIN-6) ¹⁴ was a non-inferiority trial that compared once-weekly semaglutide (a long-acting GLP-1 RA) with placebo in reducing major CV events in 3297 patients with T2DM who are at high CV risk (with established CVD, chronic kidney disease or both or with significant CV risk factors), after a median of 2.1 years.

# Review Article
## 2. CV outcome trials with GLP-1 RAs: main results
In 2018, the trial on albiglutide and CV outcomes in patients with T2DM and CV disease (HARMONY Outcomes) was completed, and it showed that the long-acting GLP-1 RA albiglutide, when added to standard care in patients with T2DM and established CVD, reduced the risk of the primary composite outcome (3P-MACE) by 22% compared with placebo ¹⁶ .",2019-11-01,3227.01,results/parallel/q03_run3.json
parallel,q03,3,9,Cardiovascular outcome of glucagon-like peptide-1 receptor agonists vs dipeptidyl peptidase-4 inhibitor on end-stage kidney disease patients with heart failure: an emulated target trial in patients with diabetes,https://www.nature.com/articles/s41467-026-76083-5,www.nature.com,"In this context, glucagon-like peptide-1 receptor agonists (GLP-1RAs) have emerged as promising agents with cardiovascular benefits beyond glycemic control.

# Cardiovascular outcome of glucagon-like peptide-1 receptor agonists vs dipeptidyl peptidase-4 inhibitor on end-stage kidney disease patients with heart failure: an emulated target trial in patients with diabetes
## Introduction
The FLOW trial, specifically in the chronic kidney disease population, demonstrated that semaglutide significantly lowered the risk of heart failure (HF) events and cardiovascular death ²³ .
Given the shared risk factors and pathophysiological continuum between CKD and ESKD, these findings raise the possibility that GLP-1RAs could provide meaningful cardiovascular benefit in patients with HF in diabetic ESKD.

...

# Cardiovascular outcome of glucagon-like peptide-1 receptor agonists vs dipeptidyl peptidase-4 inhibitor on end-stage kidney disease patients with heart failure: an emulated target trial in patients with diabetes
## Discussion
Notably, recent trials such as SELECT and STEP-HFpEF have demonstrated benefits of GLP-1RAs in HF patients without diabetes 22 , 35 . Future studies are needed to clarify whether similar benefits extend to non-diabetic ESKD patients with HF.

...

In conclusion, this large-scale target trial emulation provides the real-world evidence that, compared with DPP-4is, GLP-1RAs reduce ischemic complications and heart failure exacerbations in patients with diabetic dialysis-dependent ESKD with HF, a population with extreme cardiovascular vulnerability and limited therapeutic options.",2026-07-30,3227.01,results/parallel/q03_run3.json
parallel,q03,3,10,"
            Report from the CVOT Summit 2020: new cardiovascular and renal outcomes - PMC
        ",https://pmc.ncbi.nlm.nih.gov/articles/PMC8010779,pmc.ncbi.nlm.nih.gov,"# Report from the CVOT Summit 2020: new cardiovascular and renal outcomes
## Background
Several major outcome trials for three glucose-lowering classes have been conducted for people with T2D: glucagon-like peptide-1 (GLP-1) receptor agonists, dipeptidyl peptidase-4 (DPP-4) inhibitors, and sodium-glucose co-transporter-2 (SGLT2) inhibitors.
These major outcome trials included 17 CVOTs up to and including 2019: seven trials of GLP-1 receptor agonists  [8 – 14 ], five trials of DPP-4 inhibitors  [15 – 19 ], four trials of SGLT2 inhibitors  [20 – 24 ] with an additional SGLT2 inhibitor trial for HF  [25 ]. Furthermore, some of these trials also published data on kidney outcomes, although these were secondary endpoints or exploratory analyses.
Outcome trials with GLP-1 receptor agonists demonstrated beneficial effects on albuminuria, while SGLT2 inhibitors showed a reduction in both albuminuria and “hard” kidney outcomes. As a trial primarily powered for kidney outcomes in patients with T2D and established DKD, CREDENCE showed positive effects for the SGLT2 inhibitor canagliflozin on such outcomes  [26 ].

...

### Key topics discussed during the 6th CVOT Summit
#### Challenges in diabetes management—novel strategies and guidelines
##### Primary prevention of CVD in the light of current diabetes guidelines
The REWIND trial demonstrated a 13% risk reduction of MACE for the GLP-1RA dulaglutide in a population in which 68.5% (6793 patients) did not have established CVD. [67 ].",,3227.01,results/parallel/q03_run3.json
parallel,q04,1,1,Antimicrobial Resistance Among Streptococcus pneumoniae,https://pmc.ncbi.nlm.nih.gov/articles/PMC7122384/,pmc.ncbi.nlm.nih.gov,"# Antimicrobial Resistance Among _Streptococcus pneumoniae_
## Abstract
Antibiotic resistance in _Streptococcus pneumoniae_ (pneumococcus), the main pathogen responsible for community-acquired pneumonia (CAP), meningitis, bacteremia, and otitis media, is a major concern for clinicians. This pathogen is associated with high rates of morbidity and mortality, especially among children under 2 years old, immunocompromised persons, and the elderly population.

## Introduction
_Streptococcus pneumoniae_ (pneumococcus) is the leading cause of community-acquired pneumonia and is considered to be a major cause of death of children under 5 years old worldwide. In a recent report on global antibiotic resistance, published by the World Health Organization (WHO) in 2014, pneumococcus was considered to be one of the nine bacteria of international concern  [7 ].

...

## Basis of Antimicrobial Resistance in _Streptococcus pneumoniae_
### Macrolide Resistance in _Streptococcus pneumoniae_
Worldwide resistance to macrolides in pneumococcus has increased recently and is associated with the extensive global use of macrolides, principally for community-acquired respiratory tract infections.

### Resistance to Other Antibiotics
On the other hand, the American Thoracic Society (ATS)/Infectious Disease Society of America (IDSA)  [46 ] recommends doxycycline for healthy patients with pneumococcal community-acquired pneumonia with low risk of drug-resistant pneumococcus and for patients with penicillin allergy  [46 ].

## Global Resistance Trends
A recent Spanish study of 643 patients with community-acquired pneumonia found that 22% had macrolide-resistant pneumococcus and 98% of those showed high-level resistance  [117 ].",,1943.89,results/parallel/q04_run1.json
parallel,q04,1,2,CAP CLINICAL PATHWAY - IDSA,https://www.idsociety.org/globalassets/idsa/practice-guidelines/community-acquired-pneumonia-in-adults/cap-clinical-pathway-final-online.pdf,www.idsociety.org,"# **CAP CLINICAL PATHWAY**
**TABLE 4:** **Initial Treatment for Hospitalized Patients with Community-Acquired Pneumonia (CAP) Stratified by Disease Severity and Risk for Antibiotic Resistant Pathogens** ¹
**(Note: Modify per hospital formulary and/or preferred antibiotics)**
**Standard Regimen**
**Recent hospitalization and**
**parenteral antibiotics**
**in the last 90 days**
**History of MRSA**
**colonization or infection at any site**
**within 1 year**
**OR**
**MRSA nasal PCR positive**

...

» Levofloxacin 750mg PO q24h » If Legionella-negative or alternative etiology identified, discontinue
azithromycin after 1500mg total.

...

## **References**
1 Metlay JP, Waterer GW, Long AC, et al. Diagnosis and Treatment of Adults with Community-acquired Pneumonia. An Official Clinical Practice Guideline of the American Thoracic Society and Infectious Diseases Society of America. _Am J Respir Crit Care Med_ . 2019;200(7):e45-e67.

...

4 Dangerfield B, Chung A, et al. Predictive value of Methicillin-Resistant Staphylococcus aureus (MRSA) Nasal Swab PCR Assay
for MRSA Pneumonia. Antimicrob Agents Chemother. 2014 Feb; 58(2): 859–864.",2023-10-30,1943.89,results/parallel/q04_run1.json
parallel,q04,1,3,Checking your browser - reCAPTCHA,https://pubmed.ncbi.nlm.nih.gov/39917810/,pubmed.ncbi.nlm.nih.gov,"Isolates from pneumococcal pneumonia have higher resistance rates than those from invasive pneumococcal disease. New antibiotics have been approved for treatment of community-acquired pneumonia, and are active against multidrug-resistant S. pneumoniae .",,1943.89,results/parallel/q04_run1.json
parallel,q04,1,4,Guideline for the Management of Community-Acquired Pneumonia,https://www.unmc.edu/intmed/_documents/id/asp/clinicpath-cap-guidance-2020-revision-final-updated.pdf,www.unmc.edu,"# **Guideline for the Management of Community-Acquired Pneumonia**
## **Diagnostic Testing**
### **Microbiologic Testing**
If history of sputum MRSA or Resistant GNR OR recent hospitalization with IV antibiotic use >5 days
Yes (coupled with Pneumonia Panel)
Yes Yes
Urine Antigens (Legionella and Pneumococcus)
No + If Pneumonia Panel not obtained
If Pneumonia Panel not obtained

## **Management**
**Risk Factors for Resistant Pathogens:** Colonization with resistant pathogens in CAP is much less likely compared to HAP/VAP. Most CAP patients should be treated with agents targeting typical respiratory pathogens (beta-lactam + macrolide). Certain CAP patients are at increased risk of MDRO infection, but management varies based on the severity of illness.
Risk factors for the isolation of resistant pathogens include history of respiratory colonization with MDROs (MRSA, Pseudomonas, gram negatives resistant to typical CAP agents, etc.) and those who have recently been hospitalized and been treated with broad spectrum antibiotics for at least 5 days (both antibiotic and hospital stay required).
Examples of broad- spectrum antibiotics include third or higher generation cephalosporins, quinolones, and carbapenems.

# **Guideline for the Management of Community-Acquired Pneumonia**
## **Management**
Additionally, antibiotic therapy, particularly broad-spectrum antibiotics selects for resistance and patients exposed to this, particularly while in the hospital are at increased risk of pneumonia due to a variety of resistant pathogens including both MRSA and resistant GNR. Finally, _S. aureus_ , including MRSA, is a cause of post-influenza bacterial pneumonia and severe cavitary pneumonia.",2026-03-18,1943.89,results/parallel/q04_run1.json
parallel,q04,1,5,DRUG-RESISTANT STREPTOCOCCUS PNEUMONIAE,https://www.cdc.gov/antimicrobial-resistance/media/pdfs/strep-pneumoniae-508.pdf,www.cdc.gov,"# 3,600
## VACCINE: AN EFFECTIVE TOOL
Beginning in 2010, use of PCV13 expanded that protection to 13 strains, one of which—serotype 19A— accounted for more than 30% of resistant infections prior to PCV13 introduction. Since PCV introduction among U.S. children in 2000, the rates of antibiotic-resistant invasive pneumococcal infections caused by vaccine strains decreased by 97% among children younger than 5 years old and by more than 60% among adults.
Achieving high vaccination coverage and encouraging appropriate antibiotic use will slow the spread of pneumococcal resistance.

## INFECTIONS OVER TIME BY ANTIBIOTIC
Antibiotic-resistant invasive pneumococcal infections have decreased in the United States since PCVs were introduced.
0
3
0–4 years 5–17 years 18–49 years
Inf
Invasive infections per 100,000 people
PCV7 introduced
50–64 years
Any antibiotic* Penicillin Erythromycin
65+ years
2005
1998 2000 2002 2004 2006 2008 2010 2012 2014 2016
2007 2009 2011 2013 2015 2017
0
1
2
3
4
5
6
7
8 PCV13 introduced
*Any antibiotic includes germs not susceptible (not sensitive) to at least one of the following antibiotics: penicillin, amoxicillin, erythromycin, cefotaxime, ceftriaxone, cefuroxime, tetracycline, vancomycin, or levofloxacin.",2019-11-01,1943.89,results/parallel/q04_run1.json
parallel,q04,1,6,Antimicrobial Resistance in Streptococcus pneumoniae: Implications for Patients With Community-Acquired Pneumonia - Mayo Clinic Proceedings,https://www.mayoclinicproceedings.org/article/S0025-6196(11)64973-2/fulltext,www.mayoclinicproceedings.org,"# Antimicrobial Resistance in _Streptococcus pneumoniae:_ Implications for Patients With Community-Acquired Pneumonia
## Abstract
_Streptococcus pneumoniae_ is the leading cause of community-acquired pneumonia. During the past decade, the prevalence of penicillin resistance in S _pneumoniae_ has increased dramatically, with resistance rates approaching 45% in some areas of the United States.

...

While vancomycin and the newer quinolones are currently highly active against most strains of S _pneumoniae,_ reduced susceptibilities to these agents have been identified in some strains. Prior use of antimicrobial agents is the major risk factor for colonization and infection with antibiotic-resistant strains.
p-Lactam antibiotics remain the treatment of choice for infections caused by susceptible S _pneumoniae._ The optimum therapy for penicillin-resistant strains remains unclear. Appropriate empirical therapy for patients with community-acquired pneumonia depends in part on the community-specific resistance patterns of S _pneumoniae_ to various antibiotics.
9–12 By 1997, about one third of pneumococci were resistant to penicillin.” Unfortunately, penicillin-resistant strains are also often resistant to non—β-lactam antibiotics, including macrolides, clindamycin, tetracyclines, chloramphenicol, and trimethoprim-sulfamethoxazole (TMP-SMX).

...

## THERAPY
For highly resistant pneumococci, vancomycin may be used for treatment of pneumonia, as all strains of pneumococci (both penicillin-susceptible and penicillin-resistant) remain susceptible to vancomycin.",,1943.89,results/parallel/q04_run1.json
parallel,q04,1,7,Antibiotic-resistant Streptococcus pneumoniae | Pneumococcal | CDC,https://www.cdc.gov/pneumococcal/php/drug-resistance/index.html,www.cdc.gov,"# Antibiotic-resistant _Streptococcus pneumoniae_
## Key points
* Some _Streptococcus pneumoniae_ isolates are resistant to one or more antibiotics.
* _S. pneumoniae_ resistance can lead to treatment failures.
* Learn how vaccination helps prevent resistant pneumococcal infections.
A computer-generated image of Streptococcus pneumoniae based on scanning electron microscopic imagery.

## Trends
Today, _S. pneumoniae_ that is non-susceptible to at least one antibiotic causes **about 2 in 5** infections. New pneumococcal vaccines will be critical to reduce the remaining burden of antibiotic-resistant _S. pneumoniae_ infections.

### Threats report
CDC's _Antibiotic Resistance Threats in the United States, 2019_ identifies antibiotic-resistant _S. pneumoniae_ as a **serious threat** . The report includes the latest national death and infection estimates that underscore the continued threat of antibiotic resistance.

...

## Outbreaks
State and local health departments have reported outbreaks of antibiotic-resistant _S. pneumoniae_ in long-term care settings and childcare centers.",2026-02-24,1943.89,results/parallel/q04_run1.json
parallel,q04,1,8,Epidemiological characteristics and antibiotic resistance mechanisms of Streptococcus pneumoniae: An updated review - ScienceDirect,https://www.sciencedirect.com/science/article/pii/S0944501322002610,www.sciencedirect.com,"* • _S. pneumoniae_ is a leading bacterial pathogen causing otitis media, community-acquired pneumonia, sepsis and meningitis.
* • The introduction of the PCV vaccines induced serotype replacements and changes in antibiotic resistance.
* • The serotype distribution, antibiotic resistance profile and mechanisms of _S. pneumoniae_ in the vaccine era were reviewed.
* • Antibiotic target mutation, target modification and efflux transporters are common resistance mechanisms in _S.

# Epidemiological characteristics and antibiotic resistance mechanisms of _Streptococcus pneumoniae_ : An updated review
## 1. Introduction
These diseases include the noninvasive otitis media and nasosinusitis, invasive community-acquired pneumonia, bacteremia and meningitis ( Cools, Delputte et al., 2021 ). Pneumonia is the leading cause of death for children under 5 years old.

...

## 3. Epidemiology of pneumococcal resistance
### 3.1. Prevalence of penicillin and other β-lactam resistance in pneumococcus
| Year | Country | No. | Susceptibility rates | References |
| 2004–2020 | Spain | 3017 | penicillin (< 6.5%), cefditoren (< 0.4%) and cefotaxime (< 5%); |  |
| erythromycin resistance rate 50.4% in 2016 and 62.8% in 2012 for PNSP; |  |  |  |  |
| levofloxacin resistance rate 6.8% in 2012 and 1.7% in 2020; | ( Sempere et al., 2022 ) |  |  |  |
| 2006–2019 | Argentina | 2798 | PNSP rate was 33.2%; |  |
| post-PCV13, PRSP: 5.9% | ( Dabaja-Younis et al., 2021 ) |  |  |  |
| 2011–2019 | Japan | 71 | nonencapsulated _S. pneumoniae:_ |  |
| PISP: 33.8%, PRSP: 33.8% |  |  |  |  |
| erythromycin non-susceptibility rate: 94.3%; |  |  |  |  |
| SXT resistance rate 94.4%; |  |  |  |  |
| MDR: 88.7%; | ( Kawaguchiya et al., 2021 ) |  |  |  |

...

# Epidemiological characteristics and antibiotic resistance mechanisms of _Streptococcus pneumoniae_ : An updated review
## 3. Epidemiology of pneumococcal resistance
### 3.5. Prevalence of multidrug resistance
The multidrug resistant strains accounted for 81.2% (147/181) of all the isolates causing paediatric invasive pneumococcal disease in Beijing, China from 2012 to 2017, and the most common resistances were towards erythromycin, clindamycin, and tetracycline (",2023-01-01,1943.89,results/parallel/q04_run1.json
parallel,q04,1,9,Updated Clinical Practice Guidelines for Community-Acquired ...,https://www.uspharmacist.com/article/updated-clinical-practice-guidelines-for-communityacquired-pneumonia,www.uspharmacist.com,"# Updated Clinical Practice Guidelines for Community-Acquired Pneumonia
## In 2019, in order to foster timely and accurate treatment, the IDSA and the ATS jointly published guidelines for the management of immunocompetent adults with community-acquired pneumonia.
The recommended duration of antimicrobial treatment for patients with CAP is a minimum of 5 days.
Although viral pathogens are becoming an increasingly common cause of CAP, the new guidelines recommend that all patients with CAP be treated empirically for bacterial infection.

...

Notably, the guidelines have eliminated the term _healthcare-associated pneumonia_ , instead emphasizing the use of local epidemiology and risk factors to determine the need for coverage of drug-resistant pathogens, such as methicillin-resistant _S aureus_ (MRSA) and _Pseudomonas aeruginosa_ .

...

In the inpatient setting, it is recommended that pretreatment sputum Gram stain with culture and blood cultures be obtained only in patients with severe CAP (as defined in **TABLE 1** ), those being empirically treated for MRSA or _P aeruginosa_ , and those with strong risk factors for these",2020-04-17,1943.89,results/parallel/q04_run1.json
parallel,q04,1,10,Infectious Diseases Society of America 2026 Guidance ... - IDSA,https://www.idsociety.org/globalassets/idsa/practice-guidelines/amr-guidance/5.0/amr-guidance-update.pdf,www.idsociety.org,"mutations in genes expanding their resistance to a broad range of antibiotics.
Any gram-negative organism has the potential to carry ESBL genes; however, they are
most prevalent in _Escherichia coli_ , _Klebsiella pneumoniae_ , and _Klebsiella oxytoca_ [14-16]. CTX-

...

_ampC_ induction hydrolyze these antibiotics even at basal _ampC_ expression levels. Therefore,
AmpC-E isolates, regardless of _ampC_ induction status, will generally test as resistant to these
drugs.
Imipenem is also a potent _ampC_ inducer but it generally remains stable to AmpC-E

...

influenced by host factors and severity of illness, complicating attribution to antibiotic therapy
alone.
A defining feature of _A. baumannii_ is its extraordinary capacity to accumulate resistance
mechanisms, which rapidly eliminates most antibiotic options once carbapenem resistance

...

396. Titov I, Wunderink RG, Roquilly A, et al. A Randomized, Double-blind, Multicenter Trial Comparing Efficacy and Safety of Imipenem/Cilastatin/Relebactam Versus Piperacillin/Tazobactam in Adults With Hospital-acquired or Ventilator-associated Bacterial Pneumonia (RESTORE-IMI 2 Study). Clin Infect Dis **2021** ; 73(11): e4539–e48.",2026-07-30,1943.89,results/parallel/q04_run1.json
parallel,q04,2,1,Antimicrobial Resistance Among Streptococcus pneumoniae,https://pmc.ncbi.nlm.nih.gov/articles/PMC7122384/,pmc.ncbi.nlm.nih.gov,"# Antimicrobial Resistance Among _Streptococcus pneumoniae_
## Abstract
Antibiotic resistance in _Streptococcus pneumoniae_ (pneumococcus), the main pathogen responsible for community-acquired pneumonia (CAP), meningitis, bacteremia, and otitis media, is a major concern for clinicians. This pathogen is associated with high rates of morbidity and mortality, especially among children under 2 years old, immunocompromised persons, and the elderly population.

## Introduction
_Streptococcus pneumoniae_ (pneumococcus) is the leading cause of community-acquired pneumonia and is considered to be a major cause of death of children under 5 years old worldwide. In a recent report on global antibiotic resistance, published by the World Health Organization (WHO) in 2014, pneumococcus was considered to be one of the nine bacteria of international concern  [7 ].

...

## Basis of Antimicrobial Resistance in _Streptococcus pneumoniae_
### Macrolide Resistance in _Streptococcus pneumoniae_
Worldwide resistance to macrolides in pneumococcus has increased recently and is associated with the extensive global use of macrolides, principally for community-acquired respiratory tract infections.

### Resistance to Other Antibiotics
On the other hand, the American Thoracic Society (ATS)/Infectious Disease Society of America (IDSA)  [46 ] recommends doxycycline for healthy patients with pneumococcal community-acquired pneumonia with low risk of drug-resistant pneumococcus and for patients with penicillin allergy  [46 ].

## Global Resistance Trends
A recent Spanish study of 643 patients with community-acquired pneumonia found that 22% had macrolide-resistant pneumococcus and 98% of those showed high-level resistance  [117 ].",,3494.12,results/parallel/q04_run2.json
parallel,q04,2,2,CAP CLINICAL PATHWAY - IDSA,https://www.idsociety.org/globalassets/idsa/practice-guidelines/community-acquired-pneumonia-in-adults/cap-clinical-pathway-final-online.pdf,www.idsociety.org,"# **CAP CLINICAL PATHWAY**
**TABLE 4:** **Initial Treatment for Hospitalized Patients with Community-Acquired Pneumonia (CAP) Stratified by Disease Severity and Risk for Antibiotic Resistant Pathogens** ¹
**(Note: Modify per hospital formulary and/or preferred antibiotics)**
**Standard Regimen**
**Recent hospitalization and**
**parenteral antibiotics**
**in the last 90 days**
**History of MRSA**
**colonization or infection at any site**
**within 1 year**
**OR**
**MRSA nasal PCR positive**

...

**Severe CAP with allergy to** **β** **-lactams:** Consider levofloxacin 750mg IV/PO q24h ± aztreonam 2g IV q8h +/- MRSA coverage
* Azithromycin 500mg q24 hours x 3 doses for 1500mg total to treat atypical pneumonia ¹³ , ¹⁴

...

» Levofloxacin 750mg PO q24h » If Legionella-negative or alternative etiology identified, discontinue
azithromycin after 1500mg total.

...

## **References**
1 Metlay JP, Waterer GW, Long AC, et al. Diagnosis and Treatment of Adults with Community-acquired Pneumonia. An Official Clinical Practice Guideline of the American Thoracic Society and Infectious Diseases Society of America. _Am J Respir Crit Care Med_ . 2019;200(7):e45-e67.

...

4 Dangerfield B, Chung A, et al. Predictive value of Methicillin-Resistant Staphylococcus aureus (MRSA) Nasal Swab PCR Assay
for MRSA Pneumonia. Antimicrob Agents Chemother. 2014 Feb; 58(2): 859–864.",2023-10-30,3494.12,results/parallel/q04_run2.json
parallel,q04,2,3,DRUG-RESISTANT STREPTOCOCCUS PNEUMONIAE,https://www.cdc.gov/antimicrobial-resistance/media/pdfs/strep-pneumoniae-508.pdf,www.cdc.gov,"# 3,600
## VACCINE: AN EFFECTIVE TOOL
Beginning in 2010, use of PCV13 expanded that protection to 13 strains, one of which—serotype 19A— accounted for more than 30% of resistant infections prior to PCV13 introduction. Since PCV introduction among U.S. children in 2000, the rates of antibiotic-resistant invasive pneumococcal infections caused by vaccine strains decreased by 97% among children younger than 5 years old and by more than 60% among adults.
Achieving high vaccination coverage and encouraging appropriate antibiotic use will slow the spread of pneumococcal resistance.

## INFECTIONS OVER TIME BY ANTIBIOTIC
Antibiotic-resistant invasive pneumococcal infections have decreased in the United States since PCVs were introduced.
0
3
0–4 years 5–17 years 18–49 years
Inf
Invasive infections per 100,000 people
PCV7 introduced
50–64 years
Any antibiotic* Penicillin Erythromycin
65+ years
2005
1998 2000 2002 2004 2006 2008 2010 2012 2014 2016
2007 2009 2011 2013 2015 2017
0
1
2
3
4
5
6
7
8 PCV13 introduced
*Any antibiotic includes germs not susceptible (not sensitive) to at least one of the following antibiotics: penicillin, amoxicillin, erythromycin, cefotaxime, ceftriaxone, cefuroxime, tetracycline, vancomycin, or levofloxacin.",2019-11-01,3494.12,results/parallel/q04_run2.json
parallel,q04,2,4,Guideline for the Management of Community-Acquired Pneumonia,https://www.unmc.edu/intmed/_documents/id/asp/clinicpath-cap-guidance-2020-revision-final-updated.pdf,www.unmc.edu,"# **Guideline for the Management of Community-Acquired Pneumonia**
## **Diagnostic Testing**
### **Microbiologic Testing**
If history of sputum MRSA or Resistant GNR OR recent hospitalization with IV antibiotic use >5 days
Yes (coupled with Pneumonia Panel)
Yes Yes
Urine Antigens (Legionella and Pneumococcus)
No + If Pneumonia Panel not obtained
If Pneumonia Panel not obtained

## **Management**
**Risk Factors for Resistant Pathogens:** Colonization with resistant pathogens in CAP is much less likely compared to HAP/VAP. Most CAP patients should be treated with agents targeting typical respiratory pathogens (beta-lactam + macrolide). Certain CAP patients are at increased risk of MDRO infection, but management varies based on the severity of illness.
Risk factors for the isolation of resistant pathogens include history of respiratory colonization with MDROs (MRSA, Pseudomonas, gram negatives resistant to typical CAP agents, etc.) and those who have recently been hospitalized and been treated with broad spectrum antibiotics for at least 5 days (both antibiotic and hospital stay required).
Examples of broad- spectrum antibiotics include third or higher generation cephalosporins, quinolones, and carbapenems.

# **Guideline for the Management of Community-Acquired Pneumonia**
## **Management**
Additionally, antibiotic therapy, particularly broad-spectrum antibiotics selects for resistance and patients exposed to this, particularly while in the hospital are at increased risk of pneumonia due to a variety of resistant pathogens including both MRSA and resistant GNR. Finally, _S. aureus_ , including MRSA, is a cause of post-influenza bacterial pneumonia and severe cavitary pneumonia.",2026-03-18,3494.12,results/parallel/q04_run2.json
parallel,q04,2,5,Antimicrobial Resistance in Streptococcus pneumoniae: Implications for Patients With Community-Acquired Pneumonia - Mayo Clinic Proceedings,https://www.mayoclinicproceedings.org/article/S0025-6196(11)64973-2/fulltext,www.mayoclinicproceedings.org,"# Antimicrobial Resistance in _Streptococcus pneumoniae:_ Implications for Patients With Community-Acquired Pneumonia
## Abstract
_Streptococcus pneumoniae_ is the leading cause of community-acquired pneumonia. During the past decade, the prevalence of penicillin resistance in S _pneumoniae_ has increased dramatically, with resistance rates approaching 45% in some areas of the United States.

...

While vancomycin and the newer quinolones are currently highly active against most strains of S _pneumoniae,_ reduced susceptibilities to these agents have been identified in some strains. Prior use of antimicrobial agents is the major risk factor for colonization and infection with antibiotic-resistant strains.
p-Lactam antibiotics remain the treatment of choice for infections caused by susceptible S _pneumoniae._ The optimum therapy for penicillin-resistant strains remains unclear. Appropriate empirical therapy for patients with community-acquired pneumonia depends in part on the community-specific resistance patterns of S _pneumoniae_ to various antibiotics.
9–12 By 1997, about one third of pneumococci were resistant to penicillin.” Unfortunately, penicillin-resistant strains are also often resistant to non—β-lactam antibiotics, including macrolides, clindamycin, tetracyclines, chloramphenicol, and trimethoprim-sulfamethoxazole (TMP-SMX).

...

## THERAPY
For highly resistant pneumococci, vancomycin may be used for treatment of pneumonia, as all strains of pneumococci (both penicillin-susceptible and penicillin-resistant) remain susceptible to vancomycin.",,3494.12,results/parallel/q04_run2.json
parallel,q04,2,6,Checking your browser - reCAPTCHA,https://pubmed.ncbi.nlm.nih.gov/39917810/,pubmed.ncbi.nlm.nih.gov,"Isolates from pneumococcal pneumonia have higher resistance rates than those from invasive pneumococcal disease. New antibiotics have been approved for treatment of community-acquired pneumonia, and are active against multidrug-resistant S. pneumoniae .",,3494.12,results/parallel/q04_run2.json
parallel,q04,2,7,Overview of community-acquired pneumonia in adults - UpToDate,https://www.uptodate.com/contents/overview-of-community-acquired-pneumonia-in-adults,www.uptodate.com,"● **Community-acquired pneumonia** (CAP) refers to an acute infection of the pulmonary parenchyma acquired outside of the hospital.

...

Antimicrobial resistance — Knowledge of antimicrobial resistance patterns and risk factors for infection with antimicrobial-resistant pathogens help inform the selection of antibiotics for empiric CAP treatment ( [table 4](https://www.uptodate.com/contents/image?imageKey=ID%2F118967&topicKey=ID%2F117561&source=see_link) ).
● **_S. pneumoniae_** may be resistant to one or more antibiotics commonly used for the empiric treatment of CAP.

...

• Beta-lactam resistance rates also vary regionally but to a lesser extent than macrolide and [doxycycline](https://www.uptodate.com/contents/doxycycline-drug-information?topicRef=117561&source=see_link) resistance. In the United States, <20 percent of isolates are resistant to penicillin and <1 percent to cephalosporins.
(See [""Resistance of _Streptococcus pneumoniae_ to beta-lactam antibiotics""](https://www.uptodate.com/contents/resistance-of-streptococcus-pneumoniae-to-beta-lactam-antibiotics?topicRef=117561&source=see_link) .)

...

● **Methicillin-resistant** **_S. aureus_** **(MRSA)** is an uncommon cause of CAP. Historically, health care-associated and community-associated MRSA differed with respect to clinical and molecular epidemiology, though the distinctions between the two strains may be blurring.",2026-04-10,3494.12,results/parallel/q04_run2.json
parallel,q04,2,8,Updated Clinical Practice Guidelines for Community-Acquired ...,https://www.uspharmacist.com/article/updated-clinical-practice-guidelines-for-communityacquired-pneumonia,www.uspharmacist.com,"# Updated Clinical Practice Guidelines for Community-Acquired Pneumonia
## In 2019, in order to foster timely and accurate treatment, the IDSA and the ATS jointly published guidelines for the management of immunocompetent adults with community-acquired pneumonia.
The recommended duration of antimicrobial treatment for patients with CAP is a minimum of 5 days.
Although viral pathogens are becoming an increasingly common cause of CAP, the new guidelines recommend that all patients with CAP be treated empirically for bacterial infection.

...

Notably, the guidelines have eliminated the term _healthcare-associated pneumonia_ , instead emphasizing the use of local epidemiology and risk factors to determine the need for coverage of drug-resistant pathogens, such as methicillin-resistant _S aureus_ (MRSA) and _Pseudomonas aeruginosa_ .

...

In the inpatient setting, it is recommended that pretreatment sputum Gram stain with culture and blood cultures be obtained only in patients with severe CAP (as defined in **TABLE 1** ), those being empirically treated for MRSA or _P aeruginosa_ , and those with strong risk factors for these",2020-04-17,3494.12,results/parallel/q04_run2.json
parallel,q04,2,9,Community acquired pneumonia due to antibiotic resistant-,https://www.ovid.com/jnls/co-pulmonarymedicine/fulltext/10.1097/mcp.0000000000001153~community-acquired-pneumonia-due-to-antibiotic,www.ovid.com,"# Community acquired pneumonia due to antibiotic resistant- _Streptococcus pneumoniae_ : diagnosis, management and prevention
## Purpose of review
A resurgence of pneumococcal pneumonia has been observed after a marked reduction in the early COVID-19 pandemic. Penicillin-nonsusceptible _Streptococcus pneumoniae_ is regarded as a WHO priority pathogen.

## Recent findings
Overall antibiotic resistance rates in _S. pneumoniae_ have increased due to increase in antibiotic consumption and changes in serotype distribution, partly driven by the rollout of pneumococcal vaccination. Isolates from pneumococcal pneumonia have higher resistance rates than those from invasive pneumococcal disease.
New antibiotics have been approved for treatment of community-acquired pneumonia, and are active against multidrug-resistant _S. pneumoniae_ .

...

# Community acquired pneumonia due to antibiotic resistant- _Streptococcus pneumoniae_ : diagnosis, management and prevention
## Summary
Continual surveillance of serotype and resistance patterns of _S. pneumoniae_ causing pneumonia in adult populations is important after the introduction of new pneumococcal vaccines. Novel pneumococcal vaccine platforms are needed to overcome the threats of serotype replacement and antibiotic resistance.",,3494.12,results/parallel/q04_run2.json
parallel,q04,2,10,Epidemiological characteristics and antibiotic resistance mechanisms of Streptococcus pneumoniae: An updated review - ScienceDirect,https://www.sciencedirect.com/science/article/pii/S0944501322002610,www.sciencedirect.com,"* • _S. pneumoniae_ is a leading bacterial pathogen causing otitis media, community-acquired pneumonia, sepsis and meningitis.
* • The introduction of the PCV vaccines induced serotype replacements and changes in antibiotic resistance.
* • The serotype distribution, antibiotic resistance profile and mechanisms of _S. pneumoniae_ in the vaccine era were reviewed.
* • Antibiotic target mutation, target modification and efflux transporters are common resistance mechanisms in _S.

# Epidemiological characteristics and antibiotic resistance mechanisms of _Streptococcus pneumoniae_ : An updated review
## 1. Introduction
These diseases include the noninvasive otitis media and nasosinusitis, invasive community-acquired pneumonia, bacteremia and meningitis ( Cools, Delputte et al., 2021 ). Pneumonia is the leading cause of death for children under 5 years old.

...

| levofloxacin resistance rate 6.8% in 2012 and 1.7% in 2020; | ( Sempere et al., 2022 ) |  |  |  |
| 2006–2019 | Argentina | 2798 | PNSP rate was 33.2%; |  |
| post-PCV13, PRSP: 5.9% | ( Dabaja-Younis et al., 2021 ) |  |  |  |
| 2011–2019 | Japan | 71 | nonencapsulated _S. pneumoniae:_ |  |
| PISP: 33.8%, PRSP: 33.8% |  |  |  |  |
| erythromycin non-susceptibility rate: 94.3%; |  |  |  |  |
| SXT resistance rate 94.4%; |  |  |  |  |
| MDR: 88.7%; | ( Kawaguchiya et al., 2021 ) |  |  |  |

...

# Epidemiological characteristics and antibiotic resistance mechanisms of _Streptococcus pneumoniae_ : An updated review
## 3. Epidemiology of pneumococcal resistance
### 3.5. Prevalence of multidrug resistance
The multidrug resistant strains accounted for 81.2% (147/181) of all the isolates causing paediatric invasive pneumococcal disease in Beijing, China from 2012 to 2017, and the most common resistances were towards erythromycin, clindamycin, and tetracycline (",2023-01-01,3494.12,results/parallel/q04_run2.json
parallel,q04,3,1,Antimicrobial Resistance Among Streptococcus pneumoniae,https://pmc.ncbi.nlm.nih.gov/articles/PMC7122384/,pmc.ncbi.nlm.nih.gov,"# Antimicrobial Resistance Among _Streptococcus pneumoniae_
## Abstract
Antibiotic resistance in _Streptococcus pneumoniae_ (pneumococcus), the main pathogen responsible for community-acquired pneumonia (CAP), meningitis, bacteremia, and otitis media, is a major concern for clinicians. This pathogen is associated with high rates of morbidity and mortality, especially among children under 2 years old, immunocompromised persons, and the elderly population.

## Introduction
_Streptococcus pneumoniae_ (pneumococcus) is the leading cause of community-acquired pneumonia and is considered to be a major cause of death of children under 5 years old worldwide. In a recent report on global antibiotic resistance, published by the World Health Organization (WHO) in 2014, pneumococcus was considered to be one of the nine bacteria of international concern  [7 ].

...

## Basis of Antimicrobial Resistance in _Streptococcus pneumoniae_
### Macrolide Resistance in _Streptococcus pneumoniae_
Worldwide resistance to macrolides in pneumococcus has increased recently and is associated with the extensive global use of macrolides, principally for community-acquired respiratory tract infections.

### Resistance to Other Antibiotics
On the other hand, the American Thoracic Society (ATS)/Infectious Disease Society of America (IDSA)  [46 ] recommends doxycycline for healthy patients with pneumococcal community-acquired pneumonia with low risk of drug-resistant pneumococcus and for patients with penicillin allergy  [46 ].

## Global Resistance Trends
A recent Spanish study of 643 patients with community-acquired pneumonia found that 22% had macrolide-resistant pneumococcus and 98% of those showed high-level resistance  [117 ].",,1932.26,results/parallel/q04_run3.json
parallel,q04,3,2,CAP CLINICAL PATHWAY - IDSA,https://www.idsociety.org/globalassets/idsa/practice-guidelines/community-acquired-pneumonia-in-adults/cap-clinical-pathway-final-online.pdf,www.idsociety.org,"# **CAP CLINICAL PATHWAY**
**TABLE 4:** **Initial Treatment for Hospitalized Patients with Community-Acquired Pneumonia (CAP) Stratified by Disease Severity and Risk for Antibiotic Resistant Pathogens** ¹
**(Note: Modify per hospital formulary and/or preferred antibiotics)**
**Standard Regimen**
**Recent hospitalization and**
**parenteral antibiotics**
**in the last 90 days**
**History of MRSA**
**colonization or infection at any site**
**within 1 year**
**OR**
**MRSA nasal PCR positive**

...

» Levofloxacin 750mg PO q24h » If Legionella-negative or alternative etiology identified, discontinue
azithromycin after 1500mg total.

...

## **References**
1 Metlay JP, Waterer GW, Long AC, et al. Diagnosis and Treatment of Adults with Community-acquired Pneumonia. An Official Clinical Practice Guideline of the American Thoracic Society and Infectious Diseases Society of America. _Am J Respir Crit Care Med_ . 2019;200(7):e45-e67.

...

4 Dangerfield B, Chung A, et al. Predictive value of Methicillin-Resistant Staphylococcus aureus (MRSA) Nasal Swab PCR Assay
for MRSA Pneumonia. Antimicrob Agents Chemother. 2014 Feb; 58(2): 859–864.",2023-10-30,1932.26,results/parallel/q04_run3.json
parallel,q04,3,3,Guideline for the Management of Community-Acquired Pneumonia,https://www.unmc.edu/intmed/_documents/id/asp/clinicpath-cap-guidance-2020-revision-final-updated.pdf,www.unmc.edu,"# **Guideline for the Management of Community-Acquired Pneumonia**
## **Diagnostic Testing**
### **Microbiologic Testing**
If history of sputum MRSA or Resistant GNR OR recent hospitalization with IV antibiotic use >5 days
Yes (coupled with Pneumonia Panel)
Yes Yes
Urine Antigens (Legionella and Pneumococcus)
No + If Pneumonia Panel not obtained
If Pneumonia Panel not obtained

## **Management**
**Risk Factors for Resistant Pathogens:** Colonization with resistant pathogens in CAP is much less likely compared to HAP/VAP. Most CAP patients should be treated with agents targeting typical respiratory pathogens (beta-lactam + macrolide). Certain CAP patients are at increased risk of MDRO infection, but management varies based on the severity of illness.
Risk factors for the isolation of resistant pathogens include history of respiratory colonization with MDROs (MRSA, Pseudomonas, gram negatives resistant to typical CAP agents, etc.) and those who have recently been hospitalized and been treated with broad spectrum antibiotics for at least 5 days (both antibiotic and hospital stay required).
Examples of broad- spectrum antibiotics include third or higher generation cephalosporins, quinolones, and carbapenems.

# **Guideline for the Management of Community-Acquired Pneumonia**
## **Management**
Additionally, antibiotic therapy, particularly broad-spectrum antibiotics selects for resistance and patients exposed to this, particularly while in the hospital are at increased risk of pneumonia due to a variety of resistant pathogens including both MRSA and resistant GNR. Finally, _S. aureus_ , including MRSA, is a cause of post-influenza bacterial pneumonia and severe cavitary pneumonia.",2026-03-18,1932.26,results/parallel/q04_run3.json
parallel,q04,3,4,Checking your browser - reCAPTCHA,https://pubmed.ncbi.nlm.nih.gov/39917810/,pubmed.ncbi.nlm.nih.gov,"Isolates from pneumococcal pneumonia have higher resistance rates than those from invasive pneumococcal disease. New antibiotics have been approved for treatment of community-acquired pneumonia, and are active against multidrug-resistant S. pneumoniae .",,1932.26,results/parallel/q04_run3.json
parallel,q04,3,5,DRUG-RESISTANT STREPTOCOCCUS PNEUMONIAE,https://www.cdc.gov/antimicrobial-resistance/media/pdfs/strep-pneumoniae-508.pdf,www.cdc.gov,"# 3,600
## VACCINE: AN EFFECTIVE TOOL
Beginning in 2010, use of PCV13 expanded that protection to 13 strains, one of which—serotype 19A— accounted for more than 30% of resistant infections prior to PCV13 introduction. Since PCV introduction among U.S. children in 2000, the rates of antibiotic-resistant invasive pneumococcal infections caused by vaccine strains decreased by 97% among children younger than 5 years old and by more than 60% among adults.
Achieving high vaccination coverage and encouraging appropriate antibiotic use will slow the spread of pneumococcal resistance.

## INFECTIONS OVER TIME BY ANTIBIOTIC
Antibiotic-resistant invasive pneumococcal infections have decreased in the United States since PCVs were introduced.
0
3
0–4 years 5–17 years 18–49 years
Inf
Invasive infections per 100,000 people
PCV7 introduced
50–64 years
Any antibiotic* Penicillin Erythromycin
65+ years
2005
1998 2000 2002 2004 2006 2008 2010 2012 2014 2016
2007 2009 2011 2013 2015 2017
0
1
2
3
4
5
6
7
8 PCV13 introduced
*Any antibiotic includes germs not susceptible (not sensitive) to at least one of the following antibiotics: penicillin, amoxicillin, erythromycin, cefotaxime, ceftriaxone, cefuroxime, tetracycline, vancomycin, or levofloxacin.",2019-11-01,1932.26,results/parallel/q04_run3.json
parallel,q04,3,6,Antibiotic-resistant Streptococcus pneumoniae | Pneumococcal | CDC,https://www.cdc.gov/pneumococcal/php/drug-resistance/index.html,www.cdc.gov,"# Antibiotic-resistant _Streptococcus pneumoniae_
## Key points
* Some _Streptococcus pneumoniae_ isolates are resistant to one or more antibiotics.
* _S. pneumoniae_ resistance can lead to treatment failures.
* Learn how vaccination helps prevent resistant pneumococcal infections.
A computer-generated image of Streptococcus pneumoniae based on scanning electron microscopic imagery.

## Trends
Today, _S. pneumoniae_ that is non-susceptible to at least one antibiotic causes **about 2 in 5** infections. New pneumococcal vaccines will be critical to reduce the remaining burden of antibiotic-resistant _S. pneumoniae_ infections.

### Threats report
CDC's _Antibiotic Resistance Threats in the United States, 2019_ identifies antibiotic-resistant _S. pneumoniae_ as a **serious threat** . The report includes the latest national death and infection estimates that underscore the continued threat of antibiotic resistance.

...

## Outbreaks
State and local health departments have reported outbreaks of antibiotic-resistant _S. pneumoniae_ in long-term care settings and childcare centers.",2026-02-24,1932.26,results/parallel/q04_run3.json
parallel,q04,3,7,Antimicrobial Resistance in Streptococcus pneumoniae: Implications for Patients With Community-Acquired Pneumonia - Mayo Clinic Proceedings,https://www.mayoclinicproceedings.org/article/S0025-6196(11)64973-2/fulltext,www.mayoclinicproceedings.org,"# Antimicrobial Resistance in _Streptococcus pneumoniae:_ Implications for Patients With Community-Acquired Pneumonia
## Abstract
_Streptococcus pneumoniae_ is the leading cause of community-acquired pneumonia. During the past decade, the prevalence of penicillin resistance in S _pneumoniae_ has increased dramatically, with resistance rates approaching 45% in some areas of the United States.

...

While vancomycin and the newer quinolones are currently highly active against most strains of S _pneumoniae,_ reduced susceptibilities to these agents have been identified in some strains. Prior use of antimicrobial agents is the major risk factor for colonization and infection with antibiotic-resistant strains.
p-Lactam antibiotics remain the treatment of choice for infections caused by susceptible S _pneumoniae._ The optimum therapy for penicillin-resistant strains remains unclear. Appropriate empirical therapy for patients with community-acquired pneumonia depends in part on the community-specific resistance patterns of S _pneumoniae_ to various antibiotics.
9–12 By 1997, about one third of pneumococci were resistant to penicillin.” Unfortunately, penicillin-resistant strains are also often resistant to non—β-lactam antibiotics, including macrolides, clindamycin, tetracyclines, chloramphenicol, and trimethoprim-sulfamethoxazole (TMP-SMX).

...

## THERAPY
For highly resistant pneumococci, vancomycin may be used for treatment of pneumonia, as all strains of pneumococci (both penicillin-susceptible and penicillin-resistant) remain susceptible to vancomycin.",2000-11-01,1932.26,results/parallel/q04_run3.json
parallel,q04,3,8,Epidemiological characteristics and antibiotic resistance mechanisms of Streptococcus pneumoniae: An updated review - ScienceDirect,https://www.sciencedirect.com/science/article/pii/S0944501322002610,www.sciencedirect.com,"* • _S. pneumoniae_ is a leading bacterial pathogen causing otitis media, community-acquired pneumonia, sepsis and meningitis.
* • The introduction of the PCV vaccines induced serotype replacements and changes in antibiotic resistance.
* • The serotype distribution, antibiotic resistance profile and mechanisms of _S. pneumoniae_ in the vaccine era were reviewed.
* • Antibiotic target mutation, target modification and efflux transporters are common resistance mechanisms in _S.

# Epidemiological characteristics and antibiotic resistance mechanisms of _Streptococcus pneumoniae_ : An updated review
## 1. Introduction
These diseases include the noninvasive otitis media and nasosinusitis, invasive community-acquired pneumonia, bacteremia and meningitis ( Cools, Delputte et al., 2021 ). Pneumonia is the leading cause of death for children under 5 years old.

...

## 3. Epidemiology of pneumococcal resistance
### 3.1. Prevalence of penicillin and other β-lactam resistance in pneumococcus
| Year | Country | No. | Susceptibility rates | References |
| 2004–2020 | Spain | 3017 | penicillin (< 6.5%), cefditoren (< 0.4%) and cefotaxime (< 5%); |  |
| erythromycin resistance rate 50.4% in 2016 and 62.8% in 2012 for PNSP; |  |  |  |  |
| levofloxacin resistance rate 6.8% in 2012 and 1.7% in 2020; | ( Sempere et al., 2022 ) |  |  |  |
| 2006–2019 | Argentina | 2798 | PNSP rate was 33.2%; |  |
| post-PCV13, PRSP: 5.9% | ( Dabaja-Younis et al., 2021 ) |  |  |  |
| 2011–2019 | Japan | 71 | nonencapsulated _S. pneumoniae:_ |  |
| PISP: 33.8%, PRSP: 33.8% |  |  |  |  |
| erythromycin non-susceptibility rate: 94.3%; |  |  |  |  |
| SXT resistance rate 94.4%; |  |  |  |  |
| MDR: 88.7%; | ( Kawaguchiya et al., 2021 ) |  |  |  |

...

# Epidemiological characteristics and antibiotic resistance mechanisms of _Streptococcus pneumoniae_ : An updated review
## 3. Epidemiology of pneumococcal resistance
### 3.5. Prevalence of multidrug resistance
The multidrug resistant strains accounted for 81.2% (147/181) of all the isolates causing paediatric invasive pneumococcal disease in Beijing, China from 2012 to 2017, and the most common resistances were towards erythromycin, clindamycin, and tetracycline (",2023-01-01,1932.26,results/parallel/q04_run3.json
parallel,q04,3,9,Updated Clinical Practice Guidelines for Community-Acquired ...,https://www.uspharmacist.com/article/updated-clinical-practice-guidelines-for-communityacquired-pneumonia,www.uspharmacist.com,"# Updated Clinical Practice Guidelines for Community-Acquired Pneumonia
## In 2019, in order to foster timely and accurate treatment, the IDSA and the ATS jointly published guidelines for the management of immunocompetent adults with community-acquired pneumonia.
The recommended duration of antimicrobial treatment for patients with CAP is a minimum of 5 days.
Although viral pathogens are becoming an increasingly common cause of CAP, the new guidelines recommend that all patients with CAP be treated empirically for bacterial infection.

...

Notably, the guidelines have eliminated the term _healthcare-associated pneumonia_ , instead emphasizing the use of local epidemiology and risk factors to determine the need for coverage of drug-resistant pathogens, such as methicillin-resistant _S aureus_ (MRSA) and _Pseudomonas aeruginosa_ .

...

In the inpatient setting, it is recommended that pretreatment sputum Gram stain with culture and blood cultures be obtained only in patients with severe CAP (as defined in **TABLE 1** ), those being empirically treated for MRSA or _P aeruginosa_ , and those with strong risk factors for these",2020-04-17,1932.26,results/parallel/q04_run3.json
parallel,q04,3,10,Infectious Diseases Society of America 2026 Guidance ... - IDSA,https://www.idsociety.org/globalassets/idsa/practice-guidelines/amr-guidance/5.0/amr-guidance-update.pdf,www.idsociety.org,"mutations in genes expanding their resistance to a broad range of antibiotics.
Any gram-negative organism has the potential to carry ESBL genes; however, they are
most prevalent in _Escherichia coli_ , _Klebsiella pneumoniae_ , and _Klebsiella oxytoca_ [14-16]. CTX-

...

_ampC_ induction hydrolyze these antibiotics even at basal _ampC_ expression levels. Therefore,
AmpC-E isolates, regardless of _ampC_ induction status, will generally test as resistant to these
drugs.
Imipenem is also a potent _ampC_ inducer but it generally remains stable to AmpC-E

...

influenced by host factors and severity of illness, complicating attribution to antibiotic therapy
alone.
A defining feature of _A. baumannii_ is its extraordinary capacity to accumulate resistance
mechanisms, which rapidly eliminates most antibiotic options once carbapenem resistance

...

396. Titov I, Wunderink RG, Roquilly A, et al. A Randomized, Double-blind, Multicenter Trial Comparing Efficacy and Safety of Imipenem/Cilastatin/Relebactam Versus Piperacillin/Tazobactam in Adults With Hospital-acquired or Ventilator-associated Bacterial Pneumonia (RESTORE-IMI 2 Study). Clin Infect Dis **2021** ; 73(11): e4539–e48.",2026-07-30,1932.26,results/parallel/q04_run3.json
parallel,q05,1,1,Telemedicine Practice Guidelines - Ministry of Health and ...,https://esanjeevani.mohfw.gov.in/assets/guidelines/Telemedicine_Practice_Guidelines.pdf,esanjeevani.mohfw.gov.in,"# **Telemedicine Practice Guidelines**
## 3. Guidelines for Telemedicine in India
**3.2 IDENTIFICATION OF THE REGISTERED MEDICAL PRACTITIONER AND THE PATIENT IS REQUIRED .**
**3.2.1** Telemedicine consultation is should not be anonymous: both patient and the RMP need to know each other’s identity.
**3.3.2** _Primarily there are 3 modes: Video, Audio or Text (chat, images, messaging, email, fax etc.)_ . Their strengths, limitations and appropriateness as detailed in Section 2 need to be considered by the RMP.

...

_2._ _This list includes usually prescribed medications for which diagnosis is possible only by video consultation such as antifungal medications for Tinea Cruris, Ciprofloxacillin eye drops for Conjunctivitis etc. and Re-fill medications for chronic diseases such as Diabetes, Hypertension, Asthma etc_
It is specifically noted that in addition to all general requirements under the MCI Act for professional conduct, ethics etc, while using telemedicine all actions that wilfully compromise patient care or privacy and confidentiality, or violate any prevailing law are explicitly not permissible.

...

**3.7.2.1** Log or record of Telemedicine interaction (e.g. Phone logs, email records, chat/ text record,
video interaction logs etc.).
**3.7.2.2** Patient records, reports, documents, images, diagnostics, data etc. (Digital or non-Digital)
utilized in the telemedicine consultation should be retained by the RMP.
**3.7.2.3** Specifically, in case a prescription is shared with the patient, the RMP is required to maintain
the prescription records as required for in-person consultations.",2020-03-25,2395.71,results/parallel/q05_run1.json
parallel,q05,1,2,Ministry of Health and Family Welfare | GOI RSS,https://www.mohfw.gov.in/pdf/Telemedicine.pdf,www.mohfw.gov.in,"# This site can’t be reached
**www.mohfw.gov.in** unexpectedly closed the connection.
Try:
* Checking the connection
* Checking the proxy and the firewall
  ERR_CONNECTION_CLOSED
  Reload
  Details
  Check your Internet connection

...

If it is already listed as a program allowed to access the network, try
removing it from the list and adding it again.
If you use a proxy server…",,2395.71,results/parallel/q05_run1.json
parallel,q05,1,3,"Telemedicine Rules India 2026: Updated Regulations, Penalties & Compliance Checklist",https://www.adrine.in/blog/telemedicine-regulations-india,www.adrine.in,"# Telemedicine Regulations India 2026: Complete Compliance Guide
February 1, 2026 14 min read
Telemedicine has become mainstream in India since COVID-19. But with growth comes regulation. This guide covers all compliance requirements for telemedicine practice in India as of 2026.

...

* **Telemedicine Practice Guidelines (TPG) 2020:** Issued by MCI/NMC
* **Digital Personal Data Protection Act 2023:** Data privacy requirements
* **ABDM Integration:** National health ID compliance
* **State Medical Council Rules:** State-specific requirements
* **Drug & Cosmetics Act:** E-prescription of medications

# Telemedicine Regulations India 2026: Complete Compliance Guide
## Who Can Practice Telemedicine?
Only registered medical practitioners (RMPs) can provide telemedicine services:
**India telemedicine market to reach $5.5 billion by 2027.**
**Teleconsultation adoption grew 500% since COVID-19.**
* Valid registration with State Medical Council
* Must display registration number
* Must have completed telemedicine orientation (recommended)
* Cannot delegate consultation to non-RMPs

...

* Explicit consent required before consultation
* Written/electronic consent must be documented
* Patient must be informed about limitations of telemedicine
* Right to refuse teleconsultation and seek in-person visit
* Consent for recording (if applicable)

...

* Patient identification (name, age, address, ABHA ID)
* Mode of consultation (video/audio/text)
* Date and time of consultation
* Chief complaint and history
* Examination findings (if any)
* Provisional diagnosis
* Treatment plan and prescription
* Advice for in-person consultation (if needed)
* Doctor's signature and registration number",2026-02-01,2395.71,results/parallel/q05_run1.json
parallel,q05,1,4,Telemedicine Guidelines and Regulations in India Updated for 2026 - Doccure,https://doccure.io/telemedicine-guidelines-and-regulations-in-india-updated-for-2026/,doccure.io,"# Telemedicine Guidelines and Regulations in India Updated for 2026
The core framework remains the **Telemedicine Practice Guidelines issued in March 2020** by the Board of Governors in supersession of the Medical Council of India, now overseen by the National Medical Commission (NMC).

...

## **The Foundation: Telemedicine Practice Guidelines 2020**
The 2020 guidelines legalized and structured telemedicine in India, addressing long-standing ambiguities. They define telemedicine as the delivery of healthcare services using information and communication technologies when distance separates the patient and doctor.

...

* Only **Registered Medical Practitioners (RMPs)** enrolled with the NMC or state medical councils can provide teleconsultations.
* Consultations must follow the same professional standards as in-person visits, including patient identification, informed consent, and maintenance of records.
* Modes of consultation: Video (preferred), audio, or text-based, depending on the case suitability.

...

# Telemedicine Guidelines and Regulations in India Updated for 2026
## **The Foundation: Telemedicine Practice Guidelines 2020**
### **Key Rules for Conducting Teleconsultations in 2026**
Doctors must adhere to strict protocols:

...

1. **Patient Identification and Consent:** Verify patient identity (preferably with photo ID or ABHA ID). Obtain explicit consent for telemedicine, preferably recorded.
2. **Scope of Practice:**
+ First consultations can be via telemedicine for most conditions.
+ Prescriptions are categorized:

...

Section: Telemedicine Guidelines and Regulations in India Updated for 2026 > **The Foundation: Telemedicine Practice Guidelines 2020** > **Key Rules for Conducting Teleconsultations in 2026**",2026-01-06,2395.71,results/parallel/q05_run1.json
parallel,q05,1,5,Telemedicine Practice Guidelines | NRCeS,https://www.nrces.in/standards/telemedicine-practice-guidelines,www.nrces.in,"* Background
+ Telemedicine
+ Purpose
* Definitions and Applications
+ Definitions
+ Scope
+ Registered Medical Practitioner
+ Telemedicine Applications
* Technology Used & Mode of Communications
* Guidelines for Telemedicine in India
+ Introduction
+ Appropriate And Sufficient As Per Context
+ Identification of the Registered Medical Practitioner
+ Mode of Telemedicine
+ Patient Consent
+ Information for Patient Evaluation
+ Types of Consultation
+ Patient Management

# Background
## Telemedicine: An Enabler of Healthcare Access and Affordability
In India, providing In-person healthcare is challenging, particularly given the large geographical distances and limited resources. One of the major advantages of telemedicine can be for saving of cost and effort especially of rural patients, as they need not travel long distances for obtaining consultation and treatment.

...

In India, till now there was no legislation or guidelines on the practice of telemedicine, through video, phone, Internet based platforms (web/chat/apps etc).",2026-03-30,2395.71,results/parallel/q05_run1.json
parallel,q05,1,6,Guidelines for Practice of Telemedicine in India,https://ruraltelemedicine.in/wp-content/uploads/2024/03/DOC-20240319-WA0004.-pages-2-1.pdf,ruraltelemedicine.in,"# 2022
## **(3)** **Guidelines for Telemedicine in India**
**7 Key Elements of Telemedicine Consultations**
**1** **Context**
**2** **Identification of RMP and Patient**
**3** **Mode of Communication**
**4** **Consent**
**5** **Type of Consultation**
**6** **Patient Evaluation**
**1.** The RMPs should exercise professional judgment to ascertain whether a telemedicine consultation would be appropriate in a given situation or would an in-person consultation be a better option keeping the patient’s best interest in mind.
**2.** RMPs should consider the mode of communication and technologies available based on their strength and limitations to ascertain adequacy for a proper working diagnosis before proceeding with any sort of intervention - health education, and/or counseling and/or medication.
**2.** Primarily there are three modes: 1) Video, 2) Audio, and 3) Text. The RMP should consider their strengths, limitations, and appropriateness as detailed in Section 2 before utilizing them for a consultation. Invariably, the combination of the above mode occurs to complete a telemedicine consultation.

...

### that the drugs being prescribed are optimal for the patient’s medical condition in any type of consultation be it for the First-consultation or a Follow-up consultation which might require an add-on drug or a re-
14. Only Qualified and licensed RMPs only should practice telemedicine.

## **6.** **Special responsibilities of EMRB/NMC**
**6.1.** The **drug-lists** contained in Guidelines for Practice of Telemedicine in India may be modified
by the EMRB/NMC from time to time, as required. A formal mechanism for the same may be
created.",,2395.71,results/parallel/q05_run1.json
parallel,q05,1,7,"Teleconsultation Rules in India: The NMC Guidelines, Plainly",https://patientsquare.com/in/blog/teleconsultation-guidelines-india-nmc,patientsquare.com,"# Teleconsultation Rules in India: The NMC Guidelines, Plainly
The Telemedicine Practice Guidelines, issued on 25 March 2020 by the Board of Governors of the Medical Council of India with NITI Aayog, set out what a registered medical practitioner must do on a remote consult: confirm who the patient is, take and record consent, document the consultation like an in-person visit, and prescribe only within defined medicine lists.

...

25 Mar 2020
Date the Telemedicine Practice Guidelines were issued
Appendix V
Where they sit in the 2002 Professional Conduct Regulations
4 lists
Medicine categories: O, A, B, and prohibited

...

## Which medicines can you prescribe remotely?
| List | What it covers | Telemedicine rule |
| **List O** | Over-the-counter (paracetamol, antacids) | Generally prescribable |
| **List A** | Relatively safe, low abuse potential (eye drops, skin creams, some oral agents) | First prescription on a video consult; refills permitted |
| **List B** | Add-on medicines optimising an existing regimen | Prescribable for an established condition |
| **Prohibited** | Schedule X drugs; narcotic and psychotropic substances | Cannot be prescribed over telemedicine |

# Teleconsultation Rules in India: The NMC Guidelines, Plainly
## Which medicines can you prescribe remotely?
Beyond the lists, the prescribing standard is judgment-based. The guidelines let you prescribe over telemedicine only after a provisional diagnosis and when you’re reasonably satisfied with the information gathered, and they require confirming the patient’s age before prescribing.",2026-06-30,2395.71,results/parallel/q05_run1.json
parallel,q05,1,8,Telemedicine Practice Guidelines,https://lms.thsti.in/wp-content/uploads/2024/04/Telemedicine-Practice-guidelines.pdf,lms.thsti.in,"# **Telemedicine Practice Guidelines**
## 3. Guidelines for Telemedicine in India
**3.2 IDENTIFICATION OF THE REGISTERED MEDICAL PRACTITIONER AND THE PATIENT IS REQUIRED .**
**3.2.1** Telemedicine consultation is should not be anonymous: both patient and the RMP need to know each other’s identity.
**3.4.1** If, the patient initiates the telemedicine consultation, then the consent is **implied** **2** **.**
**3.4.2** An **Explicit patient** consent is needed if:
A **Health worker, RMP or a Caregiver** initiates a Telemedicine consultation.

...

**3.7.1 MEDICAL ETHICS, DATA PRIVACY & CONFIDENTIAILITY** **3** **3.7.1.1** Principles of medical ethics, including professional norms for protecting patient privacy and
confidentiality as per IMC Act shall be binding and must be upheld and practiced.
It is specifically noted that in addition to all general requirements under the MCI Act for professional conduct, ethics etc, while using telemedicine all actions that wilfully compromise patient care or privacy and confidentiality, or violate any prevailing law are explicitly not permissible.

...

**3.7.2.1** Log or record of Telemedicine interaction (e.g. Phone logs, email records, chat/ text record,
video interaction logs etc.).
**3.7.2.2** Patient records, reports, documents, images, diagnostics, data etc. (Digital or non-Digital)
utilized in the telemedicine consultation should be retained by the RMP.
**3.7.2.3** Specifically, in case a prescription is shared with the patient, the RMP is required to maintain
the prescription records as required for in-person consultations.",2020-03-25,2395.71,results/parallel/q05_run1.json
parallel,q05,1,9,"Telemedicine practice guidelines of India, 2020 - PMC - NIH",https://pmc.ncbi.nlm.nih.gov/articles/PMC8106416,pmc.ncbi.nlm.nih.gov,"# Telemedicine practice guidelines of India, 2020: Implications and challenges
## SCOPE OF THE GUIDELINES
The guidelines include all the channels of communications (text, audio, video, etc.) and provide norms and standards for RMPs registered under the Indian Medical Council Act, 1956 (i.e., allopathic practitioners). The guidelines specifically exclude teleconsultations outside the jurisdiction of India.

...

The guidelines also exclude the specifications for hardware/software, infrastructure, and data management system standards. Seven elements are emphasized as cardinal while considering telemedicine consultations, namely, context, identification of RMP/patient, mode of communication, consent, type of consultation, patient evaluation, and management.

...

## GUIDELINES FROM THE PSYCHIATRISTS' PERSPECTIVE
### Table 1.
| Mandatorily prescribed in the guidelines |
| Psychiatrists should abide by the provisions of the existing laws during telepsychiatric consultations |
| Psychiatrists should uphold the clinical standards, existing protocols, and policies similar to in-person consultations |
| Psychiatrists intending to practice telepsychiatry are mandated to complete the online training program within 3 years of government notification |
| Psychiatrists should ensure verification of patient identification and consent for consultation through caregiver if needed |
| Lack of clarity in the guidelines |
| Psychotropic medications are not clearly categorized in the guidelines |

...

# Telemedicine practice guidelines of India, 2020: Implications and challenges
## CONCLUSION
This initial attempt by the authorities in regulating the telemedicine services is appreciated by all the stakeholders as an easy and cost-effective strategy to provide equitable access to healthcare. This is a simple, provider-friendly, and user-friendly guideline that lays important foundation to initiate the telemedicine services across the nation.",2015-02-21,2395.71,results/parallel/q05_run1.json
parallel,q05,1,10,Telemedicine Guidelines for Doctors in India : Rules ...,https://www.digitalhealthnews.com/telemedicine-regulations-in-india-what-doctors-need-to-know,www.digitalhealthnews.com,"The Telemedicine Practice Guidelines provide a regulatory framework for teleconsultation in India, outlining responsibilities of Registered Medical Practitioners. They emphasize clinical judgment, patient identification, consent, appropriate communication modes, and documentation. The guidelines define prescribing limits, ensure data privacy, and require adherence to ethical standards",,2395.71,results/parallel/q05_run1.json
parallel,q05,2,1,Telemedicine Practice Guidelines - Ministry of Health and ...,https://esanjeevani.mohfw.gov.in/assets/guidelines/Telemedicine_Practice_Guidelines.pdf,esanjeevani.mohfw.gov.in,"# **Telemedicine Practice Guidelines**
## 3. Guidelines for Telemedicine in India
**3.2 IDENTIFICATION OF THE REGISTERED MEDICAL PRACTITIONER AND THE PATIENT IS REQUIRED .**
**3.2.1** Telemedicine consultation is should not be anonymous: both patient and the RMP need to know each other’s identity.
**3.3.2** _Primarily there are 3 modes: Video, Audio or Text (chat, images, messaging, email, fax etc.)_ . Their strengths, limitations and appropriateness as detailed in Section 2 need to be considered by the RMP.

...

_2._ _This list includes usually prescribed medications for which diagnosis is possible only by video consultation such as antifungal medications for Tinea Cruris, Ciprofloxacillin eye drops for Conjunctivitis etc. and Re-fill medications for chronic diseases such as Diabetes, Hypertension, Asthma etc_
It is specifically noted that in addition to all general requirements under the MCI Act for professional conduct, ethics etc, while using telemedicine all actions that wilfully compromise patient care or privacy and confidentiality, or violate any prevailing law are explicitly not permissible.

...

**3.7.2.1** Log or record of Telemedicine interaction (e.g. Phone logs, email records, chat/ text record,
video interaction logs etc.).
**3.7.2.2** Patient records, reports, documents, images, diagnostics, data etc. (Digital or non-Digital)
utilized in the telemedicine consultation should be retained by the RMP.
**3.7.2.3** Specifically, in case a prescription is shared with the patient, the RMP is required to maintain
the prescription records as required for in-person consultations.",,1864.94,results/parallel/q05_run2.json
parallel,q05,2,2,Ministry of Health and Family Welfare | GOI RSS,https://www.mohfw.gov.in/pdf/Telemedicine.pdf,www.mohfw.gov.in,"# This site can’t be reached
**www.mohfw.gov.in** unexpectedly closed the connection.
Try:
* Checking the connection
* Checking the proxy and the firewall
  ERR_CONNECTION_CLOSED
  Reload
  Details
  Check your Internet connection

...

If it is already listed as a program allowed to access the network, try
removing it from the list and adding it again.
If you use a proxy server…",,1864.94,results/parallel/q05_run2.json
parallel,q05,2,3,Telemedicine Guidelines and Regulations in India Updated for 2026 - Doccure,https://doccure.io/telemedicine-guidelines-and-regulations-in-india-updated-for-2026/,doccure.io,"# Telemedicine Guidelines and Regulations in India Updated for 2026
The core framework remains the **Telemedicine Practice Guidelines issued in March 2020** by the Board of Governors in supersession of the Medical Council of India, now overseen by the National Medical Commission (NMC).

...

## **The Foundation: Telemedicine Practice Guidelines 2020**
The 2020 guidelines legalized and structured telemedicine in India, addressing long-standing ambiguities. They define telemedicine as the delivery of healthcare services using information and communication technologies when distance separates the patient and doctor.

...

* Only **Registered Medical Practitioners (RMPs)** enrolled with the NMC or state medical councils can provide teleconsultations.
* Consultations must follow the same professional standards as in-person visits, including patient identification, informed consent, and maintenance of records.
* Modes of consultation: Video (preferred), audio, or text-based, depending on the case suitability.

...

# Telemedicine Guidelines and Regulations in India Updated for 2026
## **The Foundation: Telemedicine Practice Guidelines 2020**
### **Key Rules for Conducting Teleconsultations in 2026**
Doctors must adhere to strict protocols:

...

1. **Patient Identification and Consent:** Verify patient identity (preferably with photo ID or ABHA ID). Obtain explicit consent for telemedicine, preferably recorded.
2. **Scope of Practice:**
+ First consultations can be via telemedicine for most conditions.
+ Prescriptions are categorized:

...

Section: Telemedicine Guidelines and Regulations in India Updated for 2026 > **The Foundation: Telemedicine Practice Guidelines 2020** > **Key Rules for Conducting Teleconsultations in 2026**",2026-01-06,1864.94,results/parallel/q05_run2.json
parallel,q05,2,4,"
            Telemedicine practice guidelines in India: Global implications in the wake of the COVID‐19 pandemic - PMC
        ",https://pmc.ncbi.nlm.nih.gov/articles/PMC9111269,pmc.ncbi.nlm.nih.gov,"For the first time, the government of India released telemedicine practice guidelines for Registered Medical Practitioners on March 25, 2020, amid the COVID‐19 outbreak.

# Telemedicine practice guidelines in India: Global implications in the wake of the COVID‐19 pandemic
## GUIDELINE CREATION PROCESS
The Indian Medical Council code (Professional Conduct, Etiquette and Ethics Regulation, 2002 ) was amended by introducing clause 3.8 in 2020 by permitting telemedicine consultations by RMPs under the telemedicine practice 2020 guidelines in Appendix 5.

...

## SCOPE OF THE GUIDELINES
Hence, the guidelines' title could have been “Teleconsultation Practice Guidelines” as it aptly reflects the scope of the guideline rather than the “Telemedicine Practice Guideline.” It also specifies the jurisdiction of the guidelines as applicable only for services provided in India.

...

## LEGAL STATUS OF THE GUIDELINE
Telemedicine has been given legal status in India (The gazette of india: extraordinary, 2020 ). On May 12, 2020, the government published the guidelines in the gazette (The Gazette of India: Extraordinary, 2020 ).
The “Telemedicine Practice Guidelines” are included as “Appendix 5” to the Indian Medical Council (Professional Conduct, Etiquette and Ethics) Regulations, 2002’.

...

# Telemedicine practice guidelines in India: Global implications in the wake of the COVID‐19 pandemic
## NATIONAL PORTABILITY AND THE JURISDICTIONAL ISSUES
The guideline allows an RMP to practice teleconsultation all over India, that is, national portability (Board of Governors in supersession of the Medical Council of India, 2021 ). This breaks the boundaries by enabling doctors to provide services and patients to avail themselves of services in states other than their residential ones.",2021-02-22,1864.94,results/parallel/q05_run2.json
parallel,q05,2,5,Telemedicine Practice Guidelines | NRCeS,https://www.nrces.in/standards/telemedicine-practice-guidelines,www.nrces.in,"* Background
+ Telemedicine
+ Purpose
* Definitions and Applications
+ Definitions
+ Scope
+ Registered Medical Practitioner
+ Telemedicine Applications
* Technology Used & Mode of Communications
* Guidelines for Telemedicine in India
+ Introduction
+ Appropriate And Sufficient As Per Context
+ Identification of the Registered Medical Practitioner
+ Mode of Telemedicine
+ Patient Consent
+ Information for Patient Evaluation
+ Types of Consultation
+ Patient Management

# Background
## Telemedicine: An Enabler of Healthcare Access and Affordability
In India, providing In-person healthcare is challenging, particularly given the large geographical distances and limited resources. One of the major advantages of telemedicine can be for saving of cost and effort especially of rural patients, as they need not travel long distances for obtaining consultation and treatment.

...

In India, till now there was no legislation or guidelines on the practice of telemedicine, through video, phone, Internet based platforms (web/chat/apps etc).",2026-03-30,1864.94,results/parallel/q05_run2.json
parallel,q05,2,6,[PDF] Telemedicine Practice Guidelines - AIIMS,https://www.aiims.edu/images/pdf/notice/Telemedicine_GOI.pdf,www.aiims.edu,"# **Telemedicine Practice Guidelines**
## 3. Guidelines for Telemedicine in India
**3.2 IDENTIFICATION OF THE REGISTERED MEDICAL PRACTITIONER AND THE PATIENT IS REQUIRED .**
**3.2.1** Telemedicine consultation is should not be anonymous: both patient and the RMP need to know each other’s identity.
**3.3.2** _Primarily there are 3 modes: Video, Audio or Text (chat, images, messaging, email, fax etc.)_ . Their strengths, limitations and appropriateness as detailed in Section 2 need to be considered by the RMP.
_2._ _This list includes usually prescribed medications for which diagnosis is possible only by video consultation such as antifungal medications for Tinea Cruris, Ciprofloxacillin eye drops for Conjunctivitis etc. and Re-fill medications for chronic diseases such as Diabetes, Hypertension, Asthma etc_

...

**3.7.2.1** Log or record of Telemedicine interaction (e.g. Phone logs, email records, chat/ text record,
video interaction logs etc.).
**3.7.2.2** Patient records, reports, documents, images, diagnostics, data etc. (Digital or non-Digital)
utilized in the telemedicine consultation should be retained by the RMP.
**3.7.2.3** Specifically, in case a prescription is shared with the patient, the RMP is required to maintain
the prescription records as required for in-person consultations.",2020-03-25,1864.94,results/parallel/q05_run2.json
parallel,q05,2,7,"Telemedicine practice guidelines of India, 2020 - PMC - NIH",https://pmc.ncbi.nlm.nih.gov/articles/PMC8106416,pmc.ncbi.nlm.nih.gov,"# Telemedicine practice guidelines of India, 2020: Implications and challenges
## SCOPE OF THE GUIDELINES
The guidelines include all the channels of communications (text, audio, video, etc.) and provide norms and standards for RMPs registered under the Indian Medical Council Act, 1956 (i.e., allopathic practitioners). The guidelines specifically exclude teleconsultations outside the jurisdiction of India.

...

The guidelines also exclude the specifications for hardware/software, infrastructure, and data management system standards. Seven elements are emphasized as cardinal while considering telemedicine consultations, namely, context, identification of RMP/patient, mode of communication, consent, type of consultation, patient evaluation, and management.

...

## GUIDELINES FROM THE PSYCHIATRISTS' PERSPECTIVE
### Table 1.
| Mandatorily prescribed in the guidelines |
| Psychiatrists should abide by the provisions of the existing laws during telepsychiatric consultations |
| Psychiatrists should uphold the clinical standards, existing protocols, and policies similar to in-person consultations |
| Psychiatrists intending to practice telepsychiatry are mandated to complete the online training program within 3 years of government notification |
| Psychiatrists should ensure verification of patient identification and consent for consultation through caregiver if needed |
| Lack of clarity in the guidelines |
| Psychotropic medications are not clearly categorized in the guidelines |

...

# Telemedicine practice guidelines of India, 2020: Implications and challenges
## CONCLUSION
This initial attempt by the authorities in regulating the telemedicine services is appreciated by all the stakeholders as an easy and cost-effective strategy to provide equitable access to healthcare. This is a simple, provider-friendly, and user-friendly guideline that lays important foundation to initiate the telemedicine services across the nation.",2015-02-21,1864.94,results/parallel/q05_run2.json
parallel,q05,2,8,Telemedicine Practice Guidelines,https://lms.thsti.in/wp-content/uploads/2024/04/Telemedicine-Practice-guidelines.pdf,lms.thsti.in,"# **Telemedicine Practice Guidelines**
## 3. Guidelines for Telemedicine in India
**3.2 IDENTIFICATION OF THE REGISTERED MEDICAL PRACTITIONER AND THE PATIENT IS REQUIRED .**
**3.2.1** Telemedicine consultation is should not be anonymous: both patient and the RMP need to know each other’s identity.
**3.4.1** If, the patient initiates the telemedicine consultation, then the consent is **implied** **2** **.**
**3.4.2** An **Explicit patient** consent is needed if:
A **Health worker, RMP or a Caregiver** initiates a Telemedicine consultation.

...

**3.7.1 MEDICAL ETHICS, DATA PRIVACY & CONFIDENTIAILITY** **3** **3.7.1.1** Principles of medical ethics, including professional norms for protecting patient privacy and
confidentiality as per IMC Act shall be binding and must be upheld and practiced.

...

**3.7.2.1** Log or record of Telemedicine interaction (e.g. Phone logs, email records, chat/ text record,
video interaction logs etc.).
**3.7.2.2** Patient records, reports, documents, images, diagnostics, data etc. (Digital or non-Digital)
utilized in the telemedicine consultation should be retained by the RMP.
**3.7.2.3** Specifically, in case a prescription is shared with the patient, the RMP is required to maintain
the prescription records as required for in-person consultations.",2020-03-25,1864.94,results/parallel/q05_run2.json
parallel,q05,2,9,Telemedicine Guidelines for Doctors in India : Rules ...,https://www.digitalhealthnews.com/telemedicine-regulations-in-india-what-doctors-need-to-know,www.digitalhealthnews.com,"The Telemedicine Practice Guidelines provide a regulatory framework for teleconsultation in India, outlining responsibilities of Registered Medical Practitioners. They emphasize clinical judgment, patient identification, consent, appropriate communication modes, and documentation. The guidelines define prescribing limits, ensure data privacy, and require adherence to ethical standards",,1864.94,results/parallel/q05_run2.json
parallel,q05,2,10,"(PDF) Telemedicine practice guidelines of India, 2020: Implications and challenges",https://www.researchgate.net/publication/349314210_Telemedicine_practice_guidelines_of_India_2020_Implications_and_challenges,www.researchgate.net,"# Telemedicine practice guidelines of India, 2020: Implications and challenges
## Abstract
Telemedicine Guidelines of India, 2020 promises to pave a road map for regularization and diversification of teleconsultation services across the country. This guideline is the need of the hour, especially during the current coronavirus disease pandemic. All modes of communications (text, audio, video, etc.) between the service provider and user are included in the broad rubric of the guidelines.
the mental healthcare service delivery perspective.
SCOPE OF THE GUIDELINES
The guidelines include all the channels of
communications (text, audio, video, etc.) and provide
norms and standards for RMPs registered under the Indian
Medical Council Act, 1956 (i.e., allopathic practitioners). The
guidelines specifically exclude teleconsultations outside
the jurisdiction of India. Tele-assisted/remote surgeries,
INTRODUCTION
On March 25, 2020, the Ministry of Health and Family Welfare,

...

## Recommended publications
### Telepsychiatry Operational Guidelines 2020
It is joint guidelines from National Institute of Mental Health and Neurosciences, Bengaluru, India, Indian Psychiatric Society and Telemedicine Society of India
It provide an operational guidelines for psychiatrists to practice tele consultations in compliance with Telemedicine Practice Guidelines 2020 of Government of India

### Telemedicine Practice Guidelines and Telepsychiatry Operational Guidelines, India—A Commentary
The Telemedicine practice guidelines released in March, 2020, and Telepsychiatry operational guidelines released in May, 2020, appear to remove these barriers and promote equitable access to health care. In this article, the authors discuss the scope of these guidelines.",2018-09-01,1864.94,results/parallel/q05_run2.json
parallel,q05,3,1,Telemedicine Practice Guidelines - Ministry of Health and ...,https://esanjeevani.mohfw.gov.in/assets/guidelines/Telemedicine_Practice_Guidelines.pdf,esanjeevani.mohfw.gov.in,"# **Telemedicine Practice Guidelines**
## 3. Guidelines for Telemedicine in India
**3.2 IDENTIFICATION OF THE REGISTERED MEDICAL PRACTITIONER AND THE PATIENT IS REQUIRED .**
**3.2.1** Telemedicine consultation is should not be anonymous: both patient and the RMP need to know each other’s identity.
**3.3.2** _Primarily there are 3 modes: Video, Audio or Text (chat, images, messaging, email, fax etc.)_ . Their strengths, limitations and appropriateness as detailed in Section 2 need to be considered by the RMP.

...

_2._ _This list includes usually prescribed medications for which diagnosis is possible only by video consultation such as antifungal medications for Tinea Cruris, Ciprofloxacillin eye drops for Conjunctivitis etc. and Re-fill medications for chronic diseases such as Diabetes, Hypertension, Asthma etc_
It is specifically noted that in addition to all general requirements under the MCI Act for professional conduct, ethics etc, while using telemedicine all actions that wilfully compromise patient care or privacy and confidentiality, or violate any prevailing law are explicitly not permissible.

...

**3.7.2.1** Log or record of Telemedicine interaction (e.g. Phone logs, email records, chat/ text record,
video interaction logs etc.).
**3.7.2.2** Patient records, reports, documents, images, diagnostics, data etc. (Digital or non-Digital)
utilized in the telemedicine consultation should be retained by the RMP.
**3.7.2.3** Specifically, in case a prescription is shared with the patient, the RMP is required to maintain
the prescription records as required for in-person consultations.",2020-03-25,3181.24,results/parallel/q05_run3.json
parallel,q05,3,2,Ministry of Health and Family Welfare | GOI RSS,https://www.mohfw.gov.in/pdf/Telemedicine.pdf,www.mohfw.gov.in,"# This site can’t be reached
**www.mohfw.gov.in** unexpectedly closed the connection.
Try:
* Checking the connection
* Checking the proxy and the firewall
  ERR_CONNECTION_CLOSED
  Reload
  Details
  Check your Internet connection

...

If it is already listed as a program allowed to access the network, try
removing it from the list and adding it again.
If you use a proxy server…",,3181.24,results/parallel/q05_run3.json
parallel,q05,3,3,Telemedicine Guidelines and Regulations in India Updated for 2026 - Doccure,https://doccure.io/telemedicine-guidelines-and-regulations-in-india-updated-for-2026/,doccure.io,"# Telemedicine Guidelines and Regulations in India Updated for 2026
The core framework remains the **Telemedicine Practice Guidelines issued in March 2020** by the Board of Governors in supersession of the Medical Council of India, now overseen by the National Medical Commission (NMC).

...

## **The Foundation: Telemedicine Practice Guidelines 2020**
The 2020 guidelines legalized and structured telemedicine in India, addressing long-standing ambiguities. They define telemedicine as the delivery of healthcare services using information and communication technologies when distance separates the patient and doctor.

...

* Only **Registered Medical Practitioners (RMPs)** enrolled with the NMC or state medical councils can provide teleconsultations.
* Consultations must follow the same professional standards as in-person visits, including patient identification, informed consent, and maintenance of records.
* Modes of consultation: Video (preferred), audio, or text-based, depending on the case suitability.

...

# Telemedicine Guidelines and Regulations in India Updated for 2026
## **The Foundation: Telemedicine Practice Guidelines 2020**
### **Key Rules for Conducting Teleconsultations in 2026**
Doctors must adhere to strict protocols:

...

1. **Patient Identification and Consent:** Verify patient identity (preferably with photo ID or ABHA ID). Obtain explicit consent for telemedicine, preferably recorded.
2. **Scope of Practice:**
+ First consultations can be via telemedicine for most conditions.
+ Prescriptions are categorized:

...

Section: Telemedicine Guidelines and Regulations in India Updated for 2026 > **The Foundation: Telemedicine Practice Guidelines 2020** > **Key Rules for Conducting Teleconsultations in 2026**",2026-01-06,3181.24,results/parallel/q05_run3.json
parallel,q05,3,4,"
            Telemedicine practice guidelines in India: Global implications in the wake of the COVID‐19 pandemic - PMC
        ",https://pmc.ncbi.nlm.nih.gov/articles/PMC9111269,pmc.ncbi.nlm.nih.gov,"For the first time, the government of India released telemedicine practice guidelines for Registered Medical Practitioners on March 25, 2020, amid the COVID‐19 outbreak.

# Telemedicine practice guidelines in India: Global implications in the wake of the COVID‐19 pandemic
## GUIDELINE CREATION PROCESS
The Indian Medical Council code (Professional Conduct, Etiquette and Ethics Regulation, 2002 ) was amended by introducing clause 3.8 in 2020 by permitting telemedicine consultations by RMPs under the telemedicine practice 2020 guidelines in Appendix 5.

...

## SCOPE OF THE GUIDELINES
Hence, the guidelines' title could have been “Teleconsultation Practice Guidelines” as it aptly reflects the scope of the guideline rather than the “Telemedicine Practice Guideline.” It also specifies the jurisdiction of the guidelines as applicable only for services provided in India.

...

## LEGAL STATUS OF THE GUIDELINE
Telemedicine has been given legal status in India (The gazette of india: extraordinary, 2020 ). On May 12, 2020, the government published the guidelines in the gazette (The Gazette of India: Extraordinary, 2020 ).
The “Telemedicine Practice Guidelines” are included as “Appendix 5” to the Indian Medical Council (Professional Conduct, Etiquette and Ethics) Regulations, 2002’.

...

# Telemedicine practice guidelines in India: Global implications in the wake of the COVID‐19 pandemic
## NATIONAL PORTABILITY AND THE JURISDICTIONAL ISSUES
The guideline allows an RMP to practice teleconsultation all over India, that is, national portability (Board of Governors in supersession of the Medical Council of India, 2021 ). This breaks the boundaries by enabling doctors to provide services and patients to avail themselves of services in states other than their residential ones.",2021-02-22,3181.24,results/parallel/q05_run3.json
parallel,q05,3,5,Telemedicine Practice Guidelines | NRCeS,https://www.nrces.in/standards/telemedicine-practice-guidelines,www.nrces.in,"* Background
+ Telemedicine
+ Purpose
* Definitions and Applications
+ Definitions
+ Scope
+ Registered Medical Practitioner
+ Telemedicine Applications
* Technology Used & Mode of Communications
* Guidelines for Telemedicine in India
+ Introduction
+ Appropriate And Sufficient As Per Context
+ Identification of the Registered Medical Practitioner
+ Mode of Telemedicine
+ Patient Consent
+ Information for Patient Evaluation
+ Types of Consultation
+ Patient Management

# Background
## Telemedicine: An Enabler of Healthcare Access and Affordability
In India, providing In-person healthcare is challenging, particularly given the large geographical distances and limited resources. One of the major advantages of telemedicine can be for saving of cost and effort especially of rural patients, as they need not travel long distances for obtaining consultation and treatment.

...

In India, till now there was no legislation or guidelines on the practice of telemedicine, through video, phone, Internet based platforms (web/chat/apps etc).",2026-03-30,3181.24,results/parallel/q05_run3.json
parallel,q05,3,6,[PDF] Telemedicine Practice Guidelines - AIIMS,https://www.aiims.edu/images/pdf/notice/Telemedicine_GOI.pdf,www.aiims.edu,"# **Telemedicine Practice Guidelines**
## 3. Guidelines for Telemedicine in India
**3.2 IDENTIFICATION OF THE REGISTERED MEDICAL PRACTITIONER AND THE PATIENT IS REQUIRED .**
**3.2.1** Telemedicine consultation is should not be anonymous: both patient and the RMP need to know each other’s identity.
**3.3.2** _Primarily there are 3 modes: Video, Audio or Text (chat, images, messaging, email, fax etc.)_ . Their strengths, limitations and appropriateness as detailed in Section 2 need to be considered by the RMP.
_2._ _This list includes usually prescribed medications for which diagnosis is possible only by video consultation such as antifungal medications for Tinea Cruris, Ciprofloxacillin eye drops for Conjunctivitis etc. and Re-fill medications for chronic diseases such as Diabetes, Hypertension, Asthma etc_

...

**3.7.2.1** Log or record of Telemedicine interaction (e.g. Phone logs, email records, chat/ text record,
video interaction logs etc.).
**3.7.2.2** Patient records, reports, documents, images, diagnostics, data etc. (Digital or non-Digital)
utilized in the telemedicine consultation should be retained by the RMP.
**3.7.2.3** Specifically, in case a prescription is shared with the patient, the RMP is required to maintain
the prescription records as required for in-person consultations.",2020-03-25,3181.24,results/parallel/q05_run3.json
parallel,q05,3,7,"Telemedicine practice guidelines of India, 2020 - PMC - NIH",https://pmc.ncbi.nlm.nih.gov/articles/PMC8106416,pmc.ncbi.nlm.nih.gov,"# Telemedicine practice guidelines of India, 2020: Implications and challenges
## SCOPE OF THE GUIDELINES
The guidelines include all the channels of communications (text, audio, video, etc.) and provide norms and standards for RMPs registered under the Indian Medical Council Act, 1956 (i.e., allopathic practitioners). The guidelines specifically exclude teleconsultations outside the jurisdiction of India.

...

The guidelines also exclude the specifications for hardware/software, infrastructure, and data management system standards. Seven elements are emphasized as cardinal while considering telemedicine consultations, namely, context, identification of RMP/patient, mode of communication, consent, type of consultation, patient evaluation, and management.

...

## GUIDELINES FROM THE PSYCHIATRISTS' PERSPECTIVE
### Table 1.
| Mandatorily prescribed in the guidelines |
| Psychiatrists should abide by the provisions of the existing laws during telepsychiatric consultations |
| Psychiatrists should uphold the clinical standards, existing protocols, and policies similar to in-person consultations |
| Psychiatrists intending to practice telepsychiatry are mandated to complete the online training program within 3 years of government notification |
| Psychiatrists should ensure verification of patient identification and consent for consultation through caregiver if needed |
| Lack of clarity in the guidelines |
| Psychotropic medications are not clearly categorized in the guidelines |

...

# Telemedicine practice guidelines of India, 2020: Implications and challenges
## CONCLUSION
This initial attempt by the authorities in regulating the telemedicine services is appreciated by all the stakeholders as an easy and cost-effective strategy to provide equitable access to healthcare. This is a simple, provider-friendly, and user-friendly guideline that lays important foundation to initiate the telemedicine services across the nation.",2015-02-21,3181.24,results/parallel/q05_run3.json
parallel,q05,3,8,Telemedicine Practice Guidelines,https://lms.thsti.in/wp-content/uploads/2024/04/Telemedicine-Practice-guidelines.pdf,lms.thsti.in,"# **Telemedicine Practice Guidelines**
## 3. Guidelines for Telemedicine in India
**3.2 IDENTIFICATION OF THE REGISTERED MEDICAL PRACTITIONER AND THE PATIENT IS REQUIRED .**
**3.2.1** Telemedicine consultation is should not be anonymous: both patient and the RMP need to know each other’s identity.
**3.4.1** If, the patient initiates the telemedicine consultation, then the consent is **implied** **2** **.**
**3.4.2** An **Explicit patient** consent is needed if:
A **Health worker, RMP or a Caregiver** initiates a Telemedicine consultation.

...

**3.7.1 MEDICAL ETHICS, DATA PRIVACY & CONFIDENTIAILITY** **3** **3.7.1.1** Principles of medical ethics, including professional norms for protecting patient privacy and
confidentiality as per IMC Act shall be binding and must be upheld and practiced.

...

**3.7.2.1** Log or record of Telemedicine interaction (e.g. Phone logs, email records, chat/ text record,
video interaction logs etc.).
**3.7.2.2** Patient records, reports, documents, images, diagnostics, data etc. (Digital or non-Digital)
utilized in the telemedicine consultation should be retained by the RMP.
**3.7.2.3** Specifically, in case a prescription is shared with the patient, the RMP is required to maintain
the prescription records as required for in-person consultations.",2020-03-25,3181.24,results/parallel/q05_run3.json
parallel,q05,3,9,Telemedicine Guidelines for Doctors in India : Rules ...,https://www.digitalhealthnews.com/telemedicine-regulations-in-india-what-doctors-need-to-know,www.digitalhealthnews.com,"The Telemedicine Practice Guidelines provide a regulatory framework for teleconsultation in India, outlining responsibilities of Registered Medical Practitioners. They emphasize clinical judgment, patient identification, consent, appropriate communication modes, and documentation. The guidelines define prescribing limits, ensure data privacy, and require adherence to ethical standards",,3181.24,results/parallel/q05_run3.json
parallel,q05,3,10,"(PDF) Telemedicine practice guidelines of India, 2020: Implications and challenges",https://www.researchgate.net/publication/349314210_Telemedicine_practice_guidelines_of_India_2020_Implications_and_challenges,www.researchgate.net,"# Telemedicine practice guidelines of India, 2020: Implications and challenges
## Abstract
Telemedicine Guidelines of India, 2020 promises to pave a road map for regularization and diversification of teleconsultation services across the country. This guideline is the need of the hour, especially during the current coronavirus disease pandemic. All modes of communications (text, audio, video, etc.) between the service provider and user are included in the broad rubric of the guidelines.
the mental healthcare service delivery perspective.
SCOPE OF THE GUIDELINES
The guidelines include all the channels of
communications (text, audio, video, etc.) and provide
norms and standards for RMPs registered under the Indian
Medical Council Act, 1956 (i.e., allopathic practitioners). The
guidelines specifically exclude teleconsultations outside
the jurisdiction of India. Tele-assisted/remote surgeries,
INTRODUCTION
On March 25, 2020, the Ministry of Health and Family Welfare,

...

## Recommended publications
### Telepsychiatry Operational Guidelines 2020
It is joint guidelines from National Institute of Mental Health and Neurosciences, Bengaluru, India, Indian Psychiatric Society and Telemedicine Society of India
It provide an operational guidelines for psychiatrists to practice tele consultations in compliance with Telemedicine Practice Guidelines 2020 of Government of India

### Telemedicine Practice Guidelines and Telepsychiatry Operational Guidelines, India—A Commentary
The Telemedicine practice guidelines released in March, 2020, and Telepsychiatry operational guidelines released in May, 2020, appear to remove these barriers and promote equitable access to health care. In this article, the authors discuss the scope of these guidelines.",2018-09-01,3181.24,results/parallel/q05_run3.json
parallel,q06,1,1,Gazette Notifications,https://cdsco.gov.in/opencms/opencms/en/Notifications/Gazette-Notifications,cdsco.gov.in,"4996(E)_ Prohibition of manufacture, import, sale and distribution of Carboxypenicillins and Phosphonic acid derivatives for animal use. | 2026-Sep-03 | [](https://www.cdsco.gov.in/opencms/opencms/system/modules/CDSCO.WEB/elements/download_file_division.jsp?num_id=MTQ2NzM=) | 578 KB |
| 48 | 2025.12.04_ G.S.R.
883(E)_Draft Notification for amendment in Medical Device Rules, 2017 | 2025-Dec-15 | [](https://www.cdsco.gov.in/opencms/opencms/system/modules/CDSCO.WEB/elements/download_file_division.jsp?num_id=MTM2OTY=) | 1343 KB |",,3330.06,results/parallel/q06_run1.json
parallel,q06,1,2,Medical Devices Rules Amendment 2025: Key Changes ...,https://www.corpseed.com/knowledge-centre/draft-medical-devices-rules-amendment-2025,www.corpseed.com,"Explore Corpseed resources
Search ☰
Company Logo
Loading...
Medical Devices Rules Amendment 2025: Key Changes, Registration, Labels & Validity Explained",,3330.06,results/parallel/q06_run1.json
parallel,q06,1,3,"Medical Devices Rules, 2017",https://cdsco.gov.in/opencms/opencms/en/Acts-and-rules/Medical-Devices-Rules/,cdsco.gov.in,"450(E) dt_15.06.2022_To amend Fourth Schedule wrt TSE or BSE certificate under MDR | 2022-Jun-15 | [](https://cdsco.gov.in/opencms/opencms/system/modules/CDSCO.WEB/elements/download_file_division.jsp?num_id=OTI3Mg==) | 1385 KB |

...

* Central Drugs Standard Control Organization, Ministry of Health and Family Welfare, Directorate General of Health Services, Government of India FDA Bhavan, ITO, Kotla Road, New Delhi -110002
* dci[at]nic[dot]in
* 91-11-23236973
* PRO Toll Free No. 1800 11 1454",,3330.06,results/parallel/q06_run1.json
parallel,q06,1,4,Drug & Medical Device Litigation Laws and Regulations Report 2026 India,https://iclg.com/practice-areas/drug-and-medical-device-litigation/india/,iclg.com,"At Union level, the Central Drugs Standard Control Organisation (“ **CDSCO** ”), headed by the Drugs Controller General of India (“ **DCGI** ”) under the Ministry of Health and Family Welfare (“ **MoHFW** ”), is the principal regulator, exercising powers under the Drugs and Cosmetics Act, 1940 (“ **DCA** ”), the Drugs and Cosmetics Rules, 1945 (“ **DCR** ”), and Medical Devices Rules 2017 (“ **MDR** ”) for approval of new drugs and high‑risk medical devices (Class

# India - Drug & Medical Device Litigation 2026
## Read online FREE
### Jurisdiction chapters
At the state level, State Licensing Authorities (“ **SLAs** ”) grant manufacturing and sale licences for drugs, cosmetics and lower‑risk medical devices (Class A&B), conduct inspections and enforce compliance under the DCR and the Cosmetics (Amendment) Rules, 2025.

...

* The Ministry of Ayush oversees Ayurveda, Yoga, Unani, Siddha and Homoeopathy products, with certain overlaps in safety and quality oversight.
* Cosmetics are regulated under the Cosmetics Rules 2020 (as amended). Import registration is handled by CDSCO, while domestic manufacture is licensed by SLAs, with specified products required to comply with Bureau of Indian Standards (“ **BIS** ”) norms.

...

Key instruments include the DPDP Act and DPDP Rules 2025 (covering personal data in electronic health records and telemedicine, with heightened duties for Data Fiduciaries), the Telemedicine Practice Guidelines, 2020 (issued by the MoHFW), the Ayushman Bharat Digital Mission (“ **ABDM** ”), Section 43A of the Information Technology Act, 2000 (“ **IT Act** ”), the Sensitive Personal Data or Information (“ **SPDI** ”) Rules, 2011, and the Electronic Health Record (“",2026-04-16,3330.06,results/parallel/q06_run1.json
parallel,q06,1,5,Public Notices - Central Drugs Standard Control Organisation,https://cdsco.gov.in/opencms/opencms/en/Notifications/Public-Notices/,cdsco.gov.in,"| 82 | Regulatory requirements for outsourcing sterilization activity of medical devices by a manufacturer under Medical Device Rules 2017 | 2025-Jun-24 | [](https://cdsco.gov.in/opencms/opencms/system/modules/CDSCO.WEB/elements/download_file_division.jsp?num_id=MTI4NDk=) | 713 KB |

...

| 94 | Provision for system auto-generated Neutral code by the manufacturer for the export purpose under Medical Devices Rules, 2017 | 2025-Apr-09 | [](https://cdsco.gov.in/opencms/opencms/system/modules/CDSCO.WEB/elements/download_file_division.jsp?num_id=MTI2NDc=) | 338 KB |

...

| 95 | Provision for system auto-generated Neutral Code by the manufacturer for the export purpose under Medical Devices Rules 2017 | 2025-Apr-09 | [](https://cdsco.gov.in/opencms/opencms/system/modules/CDSCO.WEB/elements/download_file_division.jsp?num_id=MTQ1MDU=) | 404 KB |

...

| 509 | Proposal invited for designation of Central Medical Device testing lab for Medical devices including In-Vitro Diagnostic medical Device under Medical Devices Rules, 2017 | 2018-Mar-01 | [](https://cdsco.gov.in/opencms/opencms/system/modules/CDSCO.WEB/elements/download_file_division.jsp?num_id=MTY4MQ==) | 638KB |",,3330.06,results/parallel/q06_run1.json
parallel,q06,1,6,File no. MED-13/87/2025-eoffice Government of India ...,https://cdsco.gov.in/opencms/resources/UploadCDSCOWeb/2018/UploadCircularFile/Circular-17-11-2025.pdf,cdsco.gov.in,"File no. MED-13/87/2025-eoffice
Government of India
Directorate General of Health Services
Central Drugs Standard Control Organization
(Medical Device Division)
FDA Bhawan, Kotla Road,
New Delhi - 110002,
Dated
Circular l ] NCY 2025

...

Kind attention is invited that, the Ministry of Health and Family Welfare has come up
with Medical Devices Rule,2017 under the Drugs and Cosmetics Act,1940 for regulation
of Medical Devices in the country to ensure its quality, safety and performance.
Currently, all the Medical Devices are regulated under said Rule and license is a
mandatory requirement for its import, manufacturing, sale and distribution in the country.
No Medical Devices can be sold in India without valid license obtained from Licensing
Authorities. Based on the risk, Medical devices are classified into four categories viz. low
risk Class A, low to moderate risk Class B, Moderate to high risk Class C and high risk
Class D.
The manufacturing license for risk Class A & risk Class B medical devices and sale
license for all risk class of Medical devices are issued by the concerned State/UT
Licensing Authorities (SLAs). The Import license for all risk class of Medical devices and
manufacturing license for risk Class C & risk Class D are issued by the Central Licensing
Authority i.e. Central Drugs Standard Control Organization(CDSCO) based on the
detailed technical review & conformance of Quality Management System in
manufacturing of Medical Devices. The applicant shall obtain relevant license from the
Concerned Licensing Authorities for sale and distribution of Medical Devices in the
country. .
In light of the above, all the procurement agencies including Hospitals, Health
Institutions, etc., are requested that the CDSCO license or the license issued by the
State/UTs Licensing Authority under the Medical Devices Rules, 2017, shall be made
mandatory as a part of the requirements for procurement of Medical Devices, without
which the medical device cannot be sold in the country. Any other certifications which is
required by the procurement agency should be over and above of CDSCO or SLA
Licensing Authority approval, under the said rules.",2025-11-17,3330.06,results/parallel/q06_run1.json
parallel,q06,1,7,India’s Medical Devices Sector: PLI Progress & 2026 Outlook,https://www.india-briefing.com/news/indias-medical-devices-sector-pli-progress-2026-outlook-41453.html/,www.india-briefing.com,"* The Medical Devices Rules, 2017 now function as a standalone regulatory regime with risk-based classification.
* Digital licensing systems and published timelines have improved transparency, though execution quality remains dependent on application readiness.",2025-12-17,3330.06,results/parallel/q06_run1.json
parallel,q06,1,8,CDSCO,https://cdscoonline.gov.in/CDSCO/NotificationPage,cdscoonline.gov.in,"**Applicants can apply online on SUGAM Portal for Permission to Manufacture , Import or to conduct Clinical Trials as per new Clinical Trial rules of Drugs & Cosmetics Act.** Online process for Biologicals(Vaccines & r-DNA) is available on SUGAM. Manufacturers can add their Formulations Data on SUGAM Portal. New drugs approved by CDSCO is published under drugs@ CDSCO section.

# [Central Drugs Standard Control Organisation](https://cdsco.gov.in/opencms/opencms/en/Home/)
## Directorate General Of Health Services
### Enter Your
Registered Email Id
E-mail: *
Submit
New Drugs
Fixed Dose Combinations
Biological rDNA
Blood Bank
Dual Use NOC
About State FDA
Biological Division
GCT Division
About CDSCO Slide2
Payment Slide
Registration open for BA/BE
Test License Slide
Medical Device & Diagnostic Division

...

The Drugs & Cosmetics Act,1940 and rules
1945 have entrusted various responsibilities to central & state
regulators for regulation of drugs & cosmetics.It envisages uniform
implementation of the provisions of the Act & Rules made there under
for ensuring the safety, rights and well being of the patients by
regulating the drugs and cosmetics.

...

services in order to ensure safety, efficacy and quality of the
medical product manufactured, imported and distributed in the
country.

### Important
#### PATIENTS
Learn about drug/device approvals

### FEATURES
Uptime
Timely alerts & Notifications
Workflow Enabled System
Anywhere, Any Device",,3330.06,results/parallel/q06_run1.json
parallel,q06,1,9,CDSCO Medical Devices Rules-2017: Updated FAQs 2025,https://www.compliancecalendar.in/learn/cdsco-medical-devices-rules-2017-updated-faqs-2025,www.compliancecalendar.in,"# CDSCO Medical Devices Rules-2017: Updated FAQs 2025
These rules were designed to provide a robust regulatory framework to enhance the quality, safety, and efficacy of medical devices, creating a conducive environment for manufacturers, importers, and distributors. On April 3, 2025, the Central Drugs Standard Control Organization (CDSCO) published an addendum to its FAQs (Frequently Asked Questions) document, which clarifies various issues related to these regulations.

## What is the Medical Device Rules 2017?
The Medical Devices Rules, 2017 (MD Rules, 2017), notified by the [Central Drugs Standard Control Organization (CDSCO)](https://www.compliancecalendar.in/cdsco-registration) , came into effect on January 1, 2018. These rules were a long-awaited legislative framework to regulate the manufacture, import, sale, and distribution of medical devices in India.

...

## What Do the Medical Device Rules Cover?
A License to [CDSCO Manufacture](https://www.compliancecalendar.in/learn/cdsco-manufacturing-license-for-medical-devices-in-india) and [CDSCO Import License](https://www.compliancecalendar.in/learn/cdsco-form-md-26-and-md-27-for-medical-device-import-in-india) must be secured as part of the compliance process.

## Recent Update: Addendum No. 01 to CDSCO FAQs
On April 3, 2025, CDSCO released an important update to its Frequently Asked Questions (FAQs) document regarding the Medical Devices Rules, 2017.

...

The updated document, CDSCO/FAQ/MD/01 | Addendum No. 01, addresses common queries related to the registration, classification, and approval of medical devices in India, providing detailed guidance on compliance matters and regulatory processes.

## Key FAQs from CDSCO Update 2025
### ISO 13485 Compliance – Is It Mandatory for Manufacturers in India?
**Answer:** While ISO 13485 is not legally mandatory under the Medical Device Rules, 2017, it is strongly recommended and is a widely recognized international standard for quality management systems (QMS) in the medical device industry.

...

## Conclusion
The Medical Devices Rules, 2017 were introduced to regulate the medical device sector in India and ensure the safety, quality, and effectiveness of medical devices. The recent update from CDSCO, in the form of the FAQ Addendum dated April 3, 2025, provides much-needed clarity on the implementation and compliance aspects of these rules.",,3330.06,results/parallel/q06_run1.json
parallel,q06,1,10,"Medical Device Regulation in India: Key Updates on Gloves, IVDs & CDSCO Latest Circulars | Legal Service India",https://kngtechlaw.com/medical-device-regulation-india-cdsco-latest-circulars-ivd-updates,kngtechlaw.com,"# Recent Updates in India’s Medical Device Regulation in India and IVD Regulatory Landscape — CDSCO Latest Circulars & Compliance Advisory
## Inclusion of Gloves, Bandages, and Syringes as Notified Medical Devices (Dec 2024) — Update Under Medical Device Regulation in India
By this amendment, these items (various gloves, bandages, anticoagulant solutions, and syringes) are formally notified as medical devices, thereby subjecting them to the Medical Devices Rules, 2017.

...

## CDSCO Latest Circulars: Draft Risk-Based Classification Updates – Stakeholder Feedback Invited (Jan 2025)
On 6 January 2025, the Central Drugs Standard Control Organisation (CDSCO) issued a notice (File No.
MED-16014(12)/1/2024-eOffice, dated 06-01-2025) announcing draft updates to the risk-based classification of medical devices and inviting stakeholder comments.

# Recent Updates in India’s Medical Device Regulation in India and IVD Regulatory Landscape — CDSCO Latest Circulars & Compliance Advisory
## CDSCO Latest Circulars: Draft Risk-Based Classification Updates – Stakeholder Feedback Invited (Jan 2025)
The existing classification lists for four categories of devices were revisited and expanded based on their risk class (as per the First Schedule of the Medical Devices Rules 2017) and international classification practices.

...

## Frequently Asked Questions (FAQs)
Through Gazette Notification S.O. 5330(E) dated 10 December 2024, the Ministry of Health & Family Welfare formally brought Surgical Gloves, Medical Examination Gloves, Cotton Bandages, Anticoagulant Solutions, and Disposable Syringes under the Medical Devices Rules, 2017.

...

The **CDSCO latest circulars** issued on 6 January 2025 propose updated risk-based classifications covering Interventional Radiology Devices (186), Radiotherapy Devices (114), Oncology Devices (75), and Class A Non-sterile, Non-measuring Medical Devices (803).",2026-05-29,3330.06,results/parallel/q06_run1.json
parallel,q06,2,1,Gazette Notifications,https://cdsco.gov.in/opencms/opencms/en/Notifications/Gazette-Notifications,cdsco.gov.in,"4996(E)_ Prohibition of manufacture, import, sale and distribution of Carboxypenicillins and Phosphonic acid derivatives for animal use. | 2026-Sep-03 | [](https://www.cdsco.gov.in/opencms/opencms/system/modules/CDSCO.WEB/elements/download_file_division.jsp?num_id=MTQ2NzM=) | 578 KB |
| 48 | 2025.12.04_ G.S.R.
883(E)_Draft Notification for amendment in Medical Device Rules, 2017 | 2025-Dec-15 | [](https://www.cdsco.gov.in/opencms/opencms/system/modules/CDSCO.WEB/elements/download_file_division.jsp?num_id=MTM2OTY=) | 1343 KB |",,2875.42,results/parallel/q06_run2.json
parallel,q06,2,2,Medical Devices Rules Amendment 2025: Key Changes ...,https://www.corpseed.com/knowledge-centre/draft-medical-devices-rules-amendment-2025,www.corpseed.com,"Explore Corpseed resources
Search ☰
Company Logo
Loading...
Medical Devices Rules Amendment 2025: Key Changes, Registration, Labels & Validity Explained",,2875.42,results/parallel/q06_run2.json
parallel,q06,2,3,"Medical Devices Rules, 2017",https://cdsco.gov.in/opencms/opencms/en/Acts-and-rules/Medical-Devices-Rules/,cdsco.gov.in,"450(E) dt_15.06.2022_To amend Fourth Schedule wrt TSE or BSE certificate under MDR | 2022-Jun-15 | [](https://cdsco.gov.in/opencms/opencms/system/modules/CDSCO.WEB/elements/download_file_division.jsp?num_id=OTI3Mg==) | 1385 KB |

...

* Central Drugs Standard Control Organization, Ministry of Health and Family Welfare, Directorate General of Health Services, Government of India FDA Bhavan, ITO, Kotla Road, New Delhi -110002
* dci[at]nic[dot]in
* 91-11-23236973
* PRO Toll Free No. 1800 11 1454",,2875.42,results/parallel/q06_run2.json
parallel,q06,2,4,Drug & Medical Device Litigation Laws and Regulations Report 2026 India,https://iclg.com/practice-areas/drug-and-medical-device-litigation/india/,iclg.com,"At Union level, the Central Drugs Standard Control Organisation (“ **CDSCO** ”), headed by the Drugs Controller General of India (“ **DCGI** ”) under the Ministry of Health and Family Welfare (“ **MoHFW** ”), is the principal regulator, exercising powers under the Drugs and Cosmetics Act, 1940 (“ **DCA** ”), the Drugs and Cosmetics Rules, 1945 (“ **DCR** ”), and Medical Devices Rules 2017 (“ **MDR** ”) for approval of new drugs and high‑risk medical devices (Class

# India - Drug & Medical Device Litigation 2026
## Read online FREE
### Jurisdiction chapters
At the state level, State Licensing Authorities (“ **SLAs** ”) grant manufacturing and sale licences for drugs, cosmetics and lower‑risk medical devices (Class A&B), conduct inspections and enforce compliance under the DCR and the Cosmetics (Amendment) Rules, 2025.

...

* The Ministry of Ayush oversees Ayurveda, Yoga, Unani, Siddha and Homoeopathy products, with certain overlaps in safety and quality oversight.
* Cosmetics are regulated under the Cosmetics Rules 2020 (as amended). Import registration is handled by CDSCO, while domestic manufacture is licensed by SLAs, with specified products required to comply with Bureau of Indian Standards (“ **BIS** ”) norms.

...

Key instruments include the DPDP Act and DPDP Rules 2025 (covering personal data in electronic health records and telemedicine, with heightened duties for Data Fiduciaries), the Telemedicine Practice Guidelines, 2020 (issued by the MoHFW), the Ayushman Bharat Digital Mission (“ **ABDM** ”), Section 43A of the Information Technology Act, 2000 (“ **IT Act** ”), the Sensitive Personal Data or Information (“ **SPDI** ”) Rules, 2011, and the Electronic Health Record (“",2026-04-16,2875.42,results/parallel/q06_run2.json
parallel,q06,2,5,Public Notices - Central Drugs Standard Control Organisation,https://cdsco.gov.in/opencms/opencms/en/Notifications/Public-Notices/,cdsco.gov.in,"| 82 | Regulatory requirements for outsourcing sterilization activity of medical devices by a manufacturer under Medical Device Rules 2017 | 2025-Jun-24 | [](https://cdsco.gov.in/opencms/opencms/system/modules/CDSCO.WEB/elements/download_file_division.jsp?num_id=MTI4NDk=) | 713 KB |

...

| 94 | Provision for system auto-generated Neutral code by the manufacturer for the export purpose under Medical Devices Rules, 2017 | 2025-Apr-09 | [](https://cdsco.gov.in/opencms/opencms/system/modules/CDSCO.WEB/elements/download_file_division.jsp?num_id=MTI2NDc=) | 338 KB |

...

| 95 | Provision for system auto-generated Neutral Code by the manufacturer for the export purpose under Medical Devices Rules 2017 | 2025-Apr-09 | [](https://cdsco.gov.in/opencms/opencms/system/modules/CDSCO.WEB/elements/download_file_division.jsp?num_id=MTQ1MDU=) | 404 KB |

...

| 509 | Proposal invited for designation of Central Medical Device testing lab for Medical devices including In-Vitro Diagnostic medical Device under Medical Devices Rules, 2017 | 2018-Mar-01 | [](https://cdsco.gov.in/opencms/opencms/system/modules/CDSCO.WEB/elements/download_file_division.jsp?num_id=MTY4MQ==) | 638KB |",,2875.42,results/parallel/q06_run2.json
parallel,q06,2,6,File no. MED-13/87/2025-eoffice Government of India ...,https://cdsco.gov.in/opencms/resources/UploadCDSCOWeb/2018/UploadCircularFile/Circular-17-11-2025.pdf,cdsco.gov.in,"File no. MED-13/87/2025-eoffice
Government of India
Directorate General of Health Services
Central Drugs Standard Control Organization
(Medical Device Division)
FDA Bhawan, Kotla Road,
New Delhi - 110002,
Dated
Circular l ] NCY 2025

...

Kind attention is invited that, the Ministry of Health and Family Welfare has come up
with Medical Devices Rule,2017 under the Drugs and Cosmetics Act,1940 for regulation
of Medical Devices in the country to ensure its quality, safety and performance.
Currently, all the Medical Devices are regulated under said Rule and license is a
mandatory requirement for its import, manufacturing, sale and distribution in the country.
No Medical Devices can be sold in India without valid license obtained from Licensing
Authorities. Based on the risk, Medical devices are classified into four categories viz. low
risk Class A, low to moderate risk Class B, Moderate to high risk Class C and high risk
Class D.
The manufacturing license for risk Class A & risk Class B medical devices and sale
license for all risk class of Medical devices are issued by the concerned State/UT
Licensing Authorities (SLAs). The Import license for all risk class of Medical devices and
manufacturing license for risk Class C & risk Class D are issued by the Central Licensing
Authority i.e. Central Drugs Standard Control Organization(CDSCO) based on the
detailed technical review & conformance of Quality Management System in
manufacturing of Medical Devices. The applicant shall obtain relevant license from the
Concerned Licensing Authorities for sale and distribution of Medical Devices in the
country. .
In light of the above, all the procurement agencies including Hospitals, Health
Institutions, etc., are requested that the CDSCO license or the license issued by the
State/UTs Licensing Authority under the Medical Devices Rules, 2017, shall be made
mandatory as a part of the requirements for procurement of Medical Devices, without
which the medical device cannot be sold in the country. Any other certifications which is
required by the procurement agency should be over and above of CDSCO or SLA
Licensing Authority approval, under the said rules.",2025-11-17,2875.42,results/parallel/q06_run2.json
parallel,q06,2,7,CDSCO Medical Devices Rules-2017: Updated FAQs 2025,https://www.compliancecalendar.in/learn/cdsco-medical-devices-rules-2017-updated-faqs-2025,www.compliancecalendar.in,"# CDSCO Medical Devices Rules-2017: Updated FAQs 2025
These rules were designed to provide a robust regulatory framework to enhance the quality, safety, and efficacy of medical devices, creating a conducive environment for manufacturers, importers, and distributors. On April 3, 2025, the Central Drugs Standard Control Organization (CDSCO) published an addendum to its FAQs (Frequently Asked Questions) document, which clarifies various issues related to these regulations.

## What is the Medical Device Rules 2017?
The Medical Devices Rules, 2017 (MD Rules, 2017), notified by the [Central Drugs Standard Control Organization (CDSCO)](https://www.compliancecalendar.in/cdsco-registration) , came into effect on January 1, 2018. These rules were a long-awaited legislative framework to regulate the manufacture, import, sale, and distribution of medical devices in India.

...

## What Do the Medical Device Rules Cover?
A License to [CDSCO Manufacture](https://www.compliancecalendar.in/learn/cdsco-manufacturing-license-for-medical-devices-in-india) and [CDSCO Import License](https://www.compliancecalendar.in/learn/cdsco-form-md-26-and-md-27-for-medical-device-import-in-india) must be secured as part of the compliance process.

## Recent Update: Addendum No. 01 to CDSCO FAQs
On April 3, 2025, CDSCO released an important update to its Frequently Asked Questions (FAQs) document regarding the Medical Devices Rules, 2017.

...

The updated document, CDSCO/FAQ/MD/01 | Addendum No. 01, addresses common queries related to the registration, classification, and approval of medical devices in India, providing detailed guidance on compliance matters and regulatory processes.

## Key FAQs from CDSCO Update 2025
### ISO 13485 Compliance – Is It Mandatory for Manufacturers in India?
**Answer:** While ISO 13485 is not legally mandatory under the Medical Device Rules, 2017, it is strongly recommended and is a widely recognized international standard for quality management systems (QMS) in the medical device industry.

...

## Conclusion
The Medical Devices Rules, 2017 were introduced to regulate the medical device sector in India and ensure the safety, quality, and effectiveness of medical devices. The recent update from CDSCO, in the form of the FAQ Addendum dated April 3, 2025, provides much-needed clarity on the implementation and compliance aspects of these rules.",,2875.42,results/parallel/q06_run2.json
parallel,q06,2,8,India’s Medical Devices Sector: PLI Progress & 2026 Outlook,https://www.india-briefing.com/news/indias-medical-devices-sector-pli-progress-2026-outlook-41453.html/,www.india-briefing.com,"* The Medical Devices Rules, 2017 now function as a standalone regulatory regime with risk-based classification.
* Digital licensing systems and published timelines have improved transparency, though execution quality remains dependent on application readiness.",2025-12-17,2875.42,results/parallel/q06_run2.json
parallel,q06,2,9,CDSCO,https://cdscoonline.gov.in/CDSCO/NotificationPage,cdscoonline.gov.in,"**Applicants can apply online on SUGAM Portal for Permission to Manufacture , Import or to conduct Clinical Trials as per new Clinical Trial rules of Drugs & Cosmetics Act.** Online process for Biologicals(Vaccines & r-DNA) is available on SUGAM. Manufacturers can add their Formulations Data on SUGAM Portal. New drugs approved by CDSCO is published under drugs@ CDSCO section.

# [Central Drugs Standard Control Organisation](https://cdsco.gov.in/opencms/opencms/en/Home/)
## Directorate General Of Health Services
### Enter Your
Registered Email Id
E-mail: *
Submit
New Drugs
Fixed Dose Combinations
Biological rDNA
Blood Bank
Dual Use NOC
About State FDA
Biological Division
GCT Division
About CDSCO Slide2
Payment Slide
Registration open for BA/BE
Test License Slide
Medical Device & Diagnostic Division

...

The Drugs & Cosmetics Act,1940 and rules
1945 have entrusted various responsibilities to central & state
regulators for regulation of drugs & cosmetics.It envisages uniform
implementation of the provisions of the Act & Rules made there under
for ensuring the safety, rights and well being of the patients by
regulating the drugs and cosmetics.

...

services in order to ensure safety, efficacy and quality of the
medical product manufactured, imported and distributed in the
country.

### Important
#### PATIENTS
Learn about drug/device approvals

### FEATURES
Uptime
Timely alerts & Notifications
Workflow Enabled System
Anywhere, Any Device",,2875.42,results/parallel/q06_run2.json
parallel,q06,2,10,"Medical Device Regulation in India: Key Updates on Gloves, IVDs & CDSCO Latest Circulars | Legal Service India",https://kngtechlaw.com/medical-device-regulation-india-cdsco-latest-circulars-ivd-updates,kngtechlaw.com,"# Recent Updates in India’s Medical Device Regulation in India and IVD Regulatory Landscape — CDSCO Latest Circulars & Compliance Advisory
## Inclusion of Gloves, Bandages, and Syringes as Notified Medical Devices (Dec 2024) — Update Under Medical Device Regulation in India
By this amendment, these items (various gloves, bandages, anticoagulant solutions, and syringes) are formally notified as medical devices, thereby subjecting them to the Medical Devices Rules, 2017.

...

## CDSCO Latest Circulars: Draft Risk-Based Classification Updates – Stakeholder Feedback Invited (Jan 2025)
On 6 January 2025, the Central Drugs Standard Control Organisation (CDSCO) issued a notice (File No.
MED-16014(12)/1/2024-eOffice, dated 06-01-2025) announcing draft updates to the risk-based classification of medical devices and inviting stakeholder comments.

# Recent Updates in India’s Medical Device Regulation in India and IVD Regulatory Landscape — CDSCO Latest Circulars & Compliance Advisory
## CDSCO Latest Circulars: Draft Risk-Based Classification Updates – Stakeholder Feedback Invited (Jan 2025)
The existing classification lists for four categories of devices were revisited and expanded based on their risk class (as per the First Schedule of the Medical Devices Rules 2017) and international classification practices.

...

## Frequently Asked Questions (FAQs)
Through Gazette Notification S.O. 5330(E) dated 10 December 2024, the Ministry of Health & Family Welfare formally brought Surgical Gloves, Medical Examination Gloves, Cotton Bandages, Anticoagulant Solutions, and Disposable Syringes under the Medical Devices Rules, 2017.

...

The **CDSCO latest circulars** issued on 6 January 2025 propose updated risk-based classifications covering Interventional Radiology Devices (186), Radiotherapy Devices (114), Oncology Devices (75), and Class A Non-sterile, Non-measuring Medical Devices (803).",2026-05-29,2875.42,results/parallel/q06_run2.json
parallel,q06,3,1,Gazette Notifications,https://cdsco.gov.in/opencms/opencms/en/Notifications/Gazette-Notifications,cdsco.gov.in,"4996(E)_ Prohibition of manufacture, import, sale and distribution of Carboxypenicillins and Phosphonic acid derivatives for animal use. | 2026-Sep-03 | [](https://www.cdsco.gov.in/opencms/opencms/system/modules/CDSCO.WEB/elements/download_file_division.jsp?num_id=MTQ2NzM=) | 578 KB |
| 48 | 2025.12.04_ G.S.R.
883(E)_Draft Notification for amendment in Medical Device Rules, 2017 | 2025-Dec-15 | [](https://www.cdsco.gov.in/opencms/opencms/system/modules/CDSCO.WEB/elements/download_file_division.jsp?num_id=MTM2OTY=) | 1343 KB |",,4017.38,results/parallel/q06_run3.json
parallel,q06,3,2,Medical Devices Rules Amendment 2025: Key Changes ...,https://www.corpseed.com/knowledge-centre/draft-medical-devices-rules-amendment-2025,www.corpseed.com,"Explore Corpseed resources
Search ☰
Company Logo
Loading...
Medical Devices Rules Amendment 2025: Key Changes, Registration, Labels & Validity Explained",,4017.38,results/parallel/q06_run3.json
parallel,q06,3,3,"Medical Devices Rules, 2017",https://cdsco.gov.in/opencms/opencms/en/Acts-and-rules/Medical-Devices-Rules/,cdsco.gov.in,"450(E) dt_15.06.2022_To amend Fourth Schedule wrt TSE or BSE certificate under MDR | 2022-Jun-15 | [](https://cdsco.gov.in/opencms/opencms/system/modules/CDSCO.WEB/elements/download_file_division.jsp?num_id=OTI3Mg==) | 1385 KB |

...

* Central Drugs Standard Control Organization, Ministry of Health and Family Welfare, Directorate General of Health Services, Government of India FDA Bhavan, ITO, Kotla Road, New Delhi -110002
* dci[at]nic[dot]in
* 91-11-23236973
* PRO Toll Free No. 1800 11 1454",,4017.38,results/parallel/q06_run3.json
parallel,q06,3,4,Drug & Medical Device Litigation Laws and Regulations Report 2026 India,https://iclg.com/practice-areas/drug-and-medical-device-litigation/india/,iclg.com,"At Union level, the Central Drugs Standard Control Organisation (“ **CDSCO** ”), headed by the Drugs Controller General of India (“ **DCGI** ”) under the Ministry of Health and Family Welfare (“ **MoHFW** ”), is the principal regulator, exercising powers under the Drugs and Cosmetics Act, 1940 (“ **DCA** ”), the Drugs and Cosmetics Rules, 1945 (“ **DCR** ”), and Medical Devices Rules 2017 (“ **MDR** ”) for approval of new drugs and high‑risk medical devices (Class

# India - Drug & Medical Device Litigation 2026
## Read online FREE
### Jurisdiction chapters
At the state level, State Licensing Authorities (“ **SLAs** ”) grant manufacturing and sale licences for drugs, cosmetics and lower‑risk medical devices (Class A&B), conduct inspections and enforce compliance under the DCR and the Cosmetics (Amendment) Rules, 2025.

...

* The Ministry of Ayush oversees Ayurveda, Yoga, Unani, Siddha and Homoeopathy products, with certain overlaps in safety and quality oversight.
* Cosmetics are regulated under the Cosmetics Rules 2020 (as amended). Import registration is handled by CDSCO, while domestic manufacture is licensed by SLAs, with specified products required to comply with Bureau of Indian Standards (“ **BIS** ”) norms.

...

Key instruments include the DPDP Act and DPDP Rules 2025 (covering personal data in electronic health records and telemedicine, with heightened duties for Data Fiduciaries), the Telemedicine Practice Guidelines, 2020 (issued by the MoHFW), the Ayushman Bharat Digital Mission (“ **ABDM** ”), Section 43A of the Information Technology Act, 2000 (“ **IT Act** ”), the Sensitive Personal Data or Information (“ **SPDI** ”) Rules, 2011, and the Electronic Health Record (“",2026-04-16,4017.38,results/parallel/q06_run3.json
parallel,q06,3,5,Public Notices - Central Drugs Standard Control Organisation,https://cdsco.gov.in/opencms/opencms/en/Notifications/Public-Notices/,cdsco.gov.in,"| 82 | Regulatory requirements for outsourcing sterilization activity of medical devices by a manufacturer under Medical Device Rules 2017 | 2025-Jun-24 | [](https://cdsco.gov.in/opencms/opencms/system/modules/CDSCO.WEB/elements/download_file_division.jsp?num_id=MTI4NDk=) | 713 KB |

...

| 94 | Provision for system auto-generated Neutral code by the manufacturer for the export purpose under Medical Devices Rules, 2017 | 2025-Apr-09 | [](https://cdsco.gov.in/opencms/opencms/system/modules/CDSCO.WEB/elements/download_file_division.jsp?num_id=MTI2NDc=) | 338 KB |

...

| 95 | Provision for system auto-generated Neutral Code by the manufacturer for the export purpose under Medical Devices Rules 2017 | 2025-Apr-09 | [](https://cdsco.gov.in/opencms/opencms/system/modules/CDSCO.WEB/elements/download_file_division.jsp?num_id=MTQ1MDU=) | 404 KB |

...

| 509 | Proposal invited for designation of Central Medical Device testing lab for Medical devices including In-Vitro Diagnostic medical Device under Medical Devices Rules, 2017 | 2018-Mar-01 | [](https://cdsco.gov.in/opencms/opencms/system/modules/CDSCO.WEB/elements/download_file_division.jsp?num_id=MTY4MQ==) | 638KB |",,4017.38,results/parallel/q06_run3.json
parallel,q06,3,6,File no. MED-13/87/2025-eoffice Government of India ...,https://cdsco.gov.in/opencms/resources/UploadCDSCOWeb/2018/UploadCircularFile/Circular-17-11-2025.pdf,cdsco.gov.in,"File no. MED-13/87/2025-eoffice
Government of India
Directorate General of Health Services
Central Drugs Standard Control Organization
(Medical Device Division)
FDA Bhawan, Kotla Road,
New Delhi - 110002,
Dated
Circular l ] NCY 2025

...

Kind attention is invited that, the Ministry of Health and Family Welfare has come up
with Medical Devices Rule,2017 under the Drugs and Cosmetics Act,1940 for regulation
of Medical Devices in the country to ensure its quality, safety and performance.
Currently, all the Medical Devices are regulated under said Rule and license is a
mandatory requirement for its import, manufacturing, sale and distribution in the country.
No Medical Devices can be sold in India without valid license obtained from Licensing
Authorities. Based on the risk, Medical devices are classified into four categories viz. low
risk Class A, low to moderate risk Class B, Moderate to high risk Class C and high risk
Class D.
The manufacturing license for risk Class A & risk Class B medical devices and sale
license for all risk class of Medical devices are issued by the concerned State/UT
Licensing Authorities (SLAs). The Import license for all risk class of Medical devices and
manufacturing license for risk Class C & risk Class D are issued by the Central Licensing
Authority i.e. Central Drugs Standard Control Organization(CDSCO) based on the
detailed technical review & conformance of Quality Management System in
manufacturing of Medical Devices. The applicant shall obtain relevant license from the
Concerned Licensing Authorities for sale and distribution of Medical Devices in the
country. .
In light of the above, all the procurement agencies including Hospitals, Health
Institutions, etc., are requested that the CDSCO license or the license issued by the
State/UTs Licensing Authority under the Medical Devices Rules, 2017, shall be made
mandatory as a part of the requirements for procurement of Medical Devices, without
which the medical device cannot be sold in the country. Any other certifications which is
required by the procurement agency should be over and above of CDSCO or SLA
Licensing Authority approval, under the said rules.",2025-11-17,4017.38,results/parallel/q06_run3.json
parallel,q06,3,7,The Medical Devices (Amendment) (Great Britain) Regulations 2025,https://www.legislation.gov.uk/uksi/2025/591/made,www.legislation.gov.uk,"Ireland Parliament -------------------------------------------- All Secondary Legislation UK Statutory Instruments Welsh Statutory Instruments Scottish Statutory Instruments Northern Ireland Statutory Rules Church Instruments UK Ministerial Directions UK Ministerial Orders UK Statutory Rules and Orders Northern Ireland Statutory Rules and Orders -------------------------------------------- All Legislation originating from the EU Regulations originating from the EU

...

# 2025 No. 591
MEDICAL DEVICES

# The Medical Devices (Amendment) (Great Britain) Regulations 2025
Made
14th May 2025
Coming into force
24th May 2025
The Secretary of State in exercise of powers conferred by sections 15(1), 16(1)(a), (b), (c), (e), (g) and (i), 17(1)(b) and (c) of the Medicines and Medical Devices Act 2021( 1 ) makes these Regulations.
The Secretary of State has carried out a public consultation in accordance with sections 45(1) of that Act.
In accordance with section 15(2) to (4) of that Act, the Secretary of State’s overarching objective in making these Regulations is safeguarding public health, the Secretary of State has had regard to the matters specified in section 15(3) of that Act, and the Secretary of State considers that, where these Regulations may have an impact on the safety of medical devices, the benefits of making these Regulations outweigh the",2025-05-26,4017.38,results/parallel/q06_run3.json
parallel,q06,3,8,CDSCO,https://cdscoonline.gov.in/CDSCO/NotificationPage,cdscoonline.gov.in,"**Applicants can apply online on SUGAM Portal for Permission to Manufacture , Import or to conduct Clinical Trials as per new Clinical Trial rules of Drugs & Cosmetics Act.** Online process for Biologicals(Vaccines & r-DNA) is available on SUGAM. Manufacturers can add their Formulations Data on SUGAM Portal. New drugs approved by CDSCO is published under drugs@ CDSCO section.

# [Central Drugs Standard Control Organisation](https://cdsco.gov.in/opencms/opencms/en/Home/)
## Directorate General Of Health Services
### Enter Your
Registered Email Id
E-mail: *
Submit
New Drugs
Fixed Dose Combinations
Biological rDNA
Blood Bank
Dual Use NOC
About State FDA
Biological Division
GCT Division
About CDSCO Slide2
Payment Slide
Registration open for BA/BE
Test License Slide
Medical Device & Diagnostic Division

...

The Drugs & Cosmetics Act,1940 and rules
1945 have entrusted various responsibilities to central & state
regulators for regulation of drugs & cosmetics.It envisages uniform
implementation of the provisions of the Act & Rules made there under
for ensuring the safety, rights and well being of the patients by
regulating the drugs and cosmetics.

...

services in order to ensure safety, efficacy and quality of the
medical product manufactured, imported and distributed in the
country.

### Important
#### PATIENTS
Learn about drug/device approvals

### FEATURES
Uptime
Timely alerts & Notifications
Workflow Enabled System
Anywhere, Any Device",,4017.38,results/parallel/q06_run3.json
parallel,q06,3,9,CDSCO Medical Devices Rules-2017: Updated FAQs 2025,https://www.compliancecalendar.in/learn/cdsco-medical-devices-rules-2017-updated-faqs-2025,www.compliancecalendar.in,"# CDSCO Medical Devices Rules-2017: Updated FAQs 2025
These rules were designed to provide a robust regulatory framework to enhance the quality, safety, and efficacy of medical devices, creating a conducive environment for manufacturers, importers, and distributors. On April 3, 2025, the Central Drugs Standard Control Organization (CDSCO) published an addendum to its FAQs (Frequently Asked Questions) document, which clarifies various issues related to these regulations.

## What is the Medical Device Rules 2017?
The Medical Devices Rules, 2017 (MD Rules, 2017), notified by the [Central Drugs Standard Control Organization (CDSCO)](https://www.compliancecalendar.in/cdsco-registration) , came into effect on January 1, 2018. These rules were a long-awaited legislative framework to regulate the manufacture, import, sale, and distribution of medical devices in India.

...

## What Do the Medical Device Rules Cover?
A License to [CDSCO Manufacture](https://www.compliancecalendar.in/learn/cdsco-manufacturing-license-for-medical-devices-in-india) and [CDSCO Import License](https://www.compliancecalendar.in/learn/cdsco-form-md-26-and-md-27-for-medical-device-import-in-india) must be secured as part of the compliance process.

## Recent Update: Addendum No. 01 to CDSCO FAQs
On April 3, 2025, CDSCO released an important update to its Frequently Asked Questions (FAQs) document regarding the Medical Devices Rules, 2017.

...

The updated document, CDSCO/FAQ/MD/01 | Addendum No. 01, addresses common queries related to the registration, classification, and approval of medical devices in India, providing detailed guidance on compliance matters and regulatory processes.

## Key FAQs from CDSCO Update 2025
### ISO 13485 Compliance – Is It Mandatory for Manufacturers in India?
**Answer:** While ISO 13485 is not legally mandatory under the Medical Device Rules, 2017, it is strongly recommended and is a widely recognized international standard for quality management systems (QMS) in the medical device industry.

...

## Conclusion
The Medical Devices Rules, 2017 were introduced to regulate the medical device sector in India and ensure the safety, quality, and effectiveness of medical devices. The recent update from CDSCO, in the form of the FAQ Addendum dated April 3, 2025, provides much-needed clarity on the implementation and compliance aspects of these rules.",,4017.38,results/parallel/q06_run3.json
parallel,q06,3,10,India’s Medical Devices Sector: PLI Progress & 2026 Outlook,https://www.india-briefing.com/news/indias-medical-devices-sector-pli-progress-2026-outlook-41453.html/,www.india-briefing.com,"* The Medical Devices Rules, 2017 now function as a standalone regulatory regime with risk-based classification.
* Digital licensing systems and published timelines have improved transparency, though execution quality remains dependent on application readiness.",2025-12-17,4017.38,results/parallel/q06_run3.json
parallel,q07,1,1,Long COVID Treatment 2026: What Randomized Clinical Trials Actually Show,https://covid19.onedaymd.com/2026/09/long-COVID-treatment.html,covid19.onedaymd.com,"# [Immune Systems Advisor](https://covid19.onedaymd.com/)
## Long COVID Treatment 2026: What Randomized Clinical Trials Actually Show
No specific treatment has been proven to work for Long COVID in general. Randomized
trials have found no benefit from extended Paxlovid (959 adults),
metformin (396) or short-course hyperbaric oxygen (80). Promising but
unconfirmed signals include the SIM01 synbiotic (463 people, Hong Kong)
and physical-activity coaching (50).

...

## Which treatments have been tested in established Long COVID?
### Does Paxlovid (nirmatrelvir–ritonavir) work for established Long COVID?
**No. Extended Paxlovid did not improve established Long COVID in RECOVER-VITAL, the largest antiviral trial so far.** Baden et al. ( [_Lancet Infect Dis_ 2026](https://doi.org/10.1016/S1473-3099(26)00406-8) ) enrolled 959 adults at 69 US sites between July 2023 and early 2025.

...

### What new Long COVID trial results appeared in September 2026?
**Company-reported topline data for bezisterim; no peer-reviewed result yet.** BioVie announced on September 15, 2026 that its phase 2 ADDRESS-LC trial
(203 participants, randomized, double-blind, placebo-controlled,
exploratory) did not reach significance on any of 22 endpoints in the full

...

## Frequently asked questions about Long COVID treatment
### What is the best treatment for Long COVID in 2026?
No treatment has been proven effective for Long COVID in general. Randomized
trials support individualized, symptom-focused care, and a few approaches
show preliminary signals, including the SIM01 synbiotic and
physical-activity coaching. Extended Paxlovid, metformin and short-course

...

## Sources and further reading
No scientific evidence for the claim that nattokinase
can treat long COVID. [Science Feedback](https://science.feedback.org/review/no-scientific-evidence-for-claim-nattokinase-treat-long-covid-detox-covid19-vaccines/)
17. BioVie. Topline results from the phase 2 ADDRESS-LC trial of bezisterim.
Press release, September 15, 2026 (not peer reviewed).",,2205.57,results/parallel/q07_run1.json
parallel,q07,1,2,New Long COVID Treatments in 2026: What's Available,https://www.doctronic.ai/blog/new-long-covid-treatments-2026/,www.doctronic.ai,"# New Treatments for Long COVID in 2026: Latest Medical Breakthroughs
## What Are the New Long COVID Treatments Available in 2026?
The most exciting development in 2026 is the FDA approval of targeted monoclonal antibody therapies specifically designed for [long COVID](https://www.doctronic.ai/conditions/long-covid) . These treatments, including LC-MAB-401 and NeuroRestore, directly target the inflammatory pathways that keep symptoms active long after the initial infection has cleared.

...

Mitochondrial restoration therapies have also emerged as game-changers for patients experiencing severe [fatigue](https://www.doctronic.ai/conditions/fatigue) and exercise intolerance.

...

Clinical trials show that patients receiving these therapies experience significant improvements in energy levels within 8-12 weeks of treatment initiation.

## How These Advanced Treatments Work
The breakthrough treatments of 2026 operate through multiple complementary mechanisms targeting the various pathways involved in long COVID pathogenesis. Targeted anti-inflammatory protocols use precision medicine to identify specific cytokine patterns in each patient, then deploy customized monoclonal antibodies to normalize immune system function.

## Treatment Benefits and Outcomes
Clinical data from 2026 treatment protocols shows remarkable improvement rates across multiple symptom domains. Energy levels improve by 70-80% within 3-6 months for patients receiving mitochondrial restoration therapy combined with anti-inflammatory protocols.",2026-05-17,2205.57,results/parallel/q07_run1.json
parallel,q07,1,3,Long COVID Treatment in 2026: What the RECOVER Trials and New Research Reveal | MDTalks,https://www.mdtalks.com/long-covid-treatment-2026-update/,www.mdtalks.com,"# Long COVID Treatment in 2026: What the RECOVER Trials and New Research Reveal
But 2026 is a pivotal year: the NIH’s RECOVER initiative — the largest Long COVID research program in the world — is publishing clinical trial results, and several promising treatment pathways are emerging from the data.

## The RECOVER Initiative: Where Things Stand
The RECOVER (Researching COVID to Enhance Recovery) initiative represents a $1.15 billion investment by the National Institutes of Health. According to the [March 2026 RECOVER research update](https://recovercovid.org/news/recover-research-update-march-2026) :

...

* **RECOVER-CT (Clinical Trials):** All 8 clinical trials completed enrollment in 2025, testing 13 possible treatments for symptoms including fatigue, exercise intolerance, sleep disturbances, cognitive impairment, and autonomic dysfunction.

...

1. [RECOVER COVID Initiative: March 2026 Research Update](https://recovercovid.org/news/recover-research-update-march-2026) — accessed March 26, 2026
2. [UCSF: Solving Long COVID — How HIV Research Paved the Way](https://www.ucsf.edu/news/2026/01/431346/solving-long-covid-how-decades-hiv-research-paved-way) — accessed March 26, 2026",2026-03-26,2205.57,results/parallel/q07_run1.json
parallel,q07,1,4,Antiviral drug did not improve Long COVID symptoms,https://www.nih.gov/news-events/nih-research-matters/antiviral-drug-did-not-improve-long-covid-symptoms,www.nih.gov,"# Antiviral drug did not improve Long COVID symptoms
September 29, 2026

...

## At a Glance
Within each symptom group, participants were assigned at random to one of three treatment groups. One took the combined antiviral treatment for 25 days. A second took the combined treatment for 15 days, plus 10 days of ritonavir and a placebo pill in place of nirmatrelvir. The third took ritonavir and a placebo pill for 25 days.
The study included in-clinic visits, lab tests, and remote assessments. Participants rated their symptoms for six months to measure the drug treatment’s effectiveness. Results were published in _Lancet Infectious Diseases_ on August 31, 2026.
The symptoms of patients in all three treatment groups improved at the same rate. Taking the antiviral drugs for up to 25 days didn’t improve any of the three groups’ Long COVID symptoms compared with placebo. This is consistent with previous smaller studies that found no benefit from treating Long COVID with the antivirals for 15 days.",,2205.57,results/parallel/q07_run1.json
parallel,q07,1,5,COVID-19 | Compendium | AJMC,https://www.ajmc.com/compendium/covid-19,www.ajmc.com,"# COVID-19
## Latest Videos
[Pulmonary expert Noah Greenspan discusses early COVID-19 uncertainty, long COVID, and the role vaccination plays in reducing risk and severity. ##### Long COVID, Immune Response, and Why COVID-19 Vaccination Still Matters: Noah Greenspan, DPT](https://www.ajmc.com/view/long-covid-immune-response-and-why-covid-19-vaccination-still-matters-noah-greenspan-dpt)
[Noah Greenspan, DPT, explains how oxygen therapy may help regulate autonomic dysfunction in patients with long COVID. ##### Oxygen Therapy and Autonomic Reset to Manage Long COVID: Noah Greenspan, DPT](https://www.ajmc.com/view/managing-long-covid-oxygen-therapy-and-autonomic-reset-noah-greenspan-dpt)
[Treatment and Diagnosis Impact of Potential Standardized Long COVID Definition; Lauren Wisk, PhD ##### Treatment and Diagnosis Impact of Potential Standardized Long COVID Definition; Lauren Wisk, PhD](https://www.ajmc.com/view/treatment-and-diagnosis-impact-of-potential-standardized-long-covid-definition-lauren-wisk-phd)

...

## More News
Jerry A. Krishnan, MD, PhD, discusses NIH RECOVER findings on long COVID, pulmonary complications, and immune dysfunction at ATS 2026.

...

JoAnn Manson, MD, shares findings from the VIVID trial on vitamin D, the timing of use, and its potential to reduce long COVID risk and symptom severity.",2026-10-01,2205.57,results/parallel/q07_run1.json
parallel,q07,1,6,Long COVID in 2026: What We Now Know About Treatment,https://teledirectmd.com/health-guides/long-covid-2026-treatment-update,teledirectmd.com,"* About **8% of US adults** have experienced Long COVID, and the 2024 NASEM consensus definition now requires at least 3 months of post-infection symptoms affecting one or more organ systems. [[1]]() [[2]]()
* The **RECOVER-VITAL trial** published in March 2026 found that 15-day and 25-day courses of Paxlovid did **not** improve Long COVID symptoms versus placebo, ending a major treatment hypothesis. [[3]]()

...

* **Metformin shows strong PREVENTION evidence** — starting it within 3 days of acute COVID reduced Long COVID risk by up to 63% — but the same drug failed when tested as a **treatment** in the RECOVER ENERGIZE trial. [[4]]() [[5]]()
* There are still **no FDA-approved treatments** for Long COVID as of 2026. Management is symptom-targeted and multidisciplinary. [[6]]()

# Long COVID in 2026: What We Now Know About Treatment
## The State of Long COVID in 2026
The harder news is that large randomized trials in 2025 and 2026 have closed the door on several major treatment hypotheses. Long-term Paxlovid did not work. Metformin as a treatment did not work. The data tells us that what helped during acute infection does not necessarily help once Long COVID has set in. [[3]]() [[5]]()

## What the 2025–2026 Trials Showed
### RECOVER-VITAL: Long-term Paxlovid (March 2026)
This trial tested 15-day and 25-day courses of nirmatrelvir–ritonavir (Paxlovid) as a Long COVID treatment, against a 5-day control. The hypothesis was that persistent viral reservoirs might drive ongoing symptoms, and a longer antiviral course could clear them.",2026-05-18,2205.57,results/parallel/q07_run1.json
parallel,q07,1,7,RECOVER Research Update: June 2026 | RECOVER COVID Initiative,https://recovercovid.org/news/recover-research-update-june-2026,recovercovid.org,"# RECOVER Research Update: June 2026
Recent publications from RECOVER describe the unique effects Long COVID can have on children, identify changes in the body that may contribute to Long COVID symptoms, and explain how RECOVER has tested possible treatments for different symptoms of Long COVID.

...

* The main goal of the RECOVER-VITAL trial was to determine whether nirmatrelvir–ritonavir (Paxlovid), an antiviral drug used to treat COVID-19, might also be a safe and effective treatment
Section: RECOVER Research Update: June 2026 > Clinical Trials > [Design and rationale of RECOVER-AUTONOMIC: A randomized platform trial evaluating interventions for Long COVID postural orthostatic tachycardia syndrome](https://recovercovid.org/publications/design-and-rationale-recover-autonomic-randomized-platform-trial-evaluating) ( _American Heart Journal_ , February 2026)
* The possible POTS treatments tested in the RECOVER-AUTONOMIC clinical trials include 2 drugs: ivabradine and Gamunex-C, a form of intravenous immunoglobulin.",,2205.57,results/parallel/q07_run1.json
parallel,q07,1,8,Long COVID Breakthroughs: NIH RECOVER 2026 Findings,https://www.myhsn.co.uk/top-tip/long-covid-breakthroughs-nih-recover-2026-findings/,www.myhsn.co.uk,"# Long COVID Breakthroughs: NIH RECOVER 2026 Findings
## 1. The 2026 Long COVID Pivot: From Symptoms to Solutions
This shift is providing the first real hope for targeted treatments for the millions still suffering from post-acute sequelae of [SARS-CoV-2](https://www.myhsn.co.uk/glossary/sars-cov-2/) (PASC).

## 4. RECOVER-AUTONOMIC: New Data on POTS and Heart Rate
In March 2026, results from the **RECOVER-AUTONOMIC** trial were presented at the American College of Cardiology. The trial focused on **Postural Orthostatic Tachycardia Syndrome (POTS)** , which affects roughly 31% of Long COVID patients.

...

* **The Finding:** While the drug **Ivabradine** successfully lowered heart rates, it did not significantly improve overall symptoms on its own.
* **The Breakthrough:** Patients who received **Coordinated Care** (specialized diet, salt intake, and physical therapy) alongside medication saw the most dramatic improvements, marking a shift toward holistic “protocol-based” treatment.

...

# Long COVID Breakthroughs: NIH RECOVER 2026 Findings
## 10. The Road Ahead: RECOVER-TLC and 2027 Trials
As we move toward the second half of 2026, the NIH has launched **RECOVER-TLC (Treating Long COVID)** . This program is crowdsourcing treatment ideas from patients and clinicians, with over 550 therapies already submitted. The next phase of trials will include:",2026-04-18,2205.57,results/parallel/q07_run1.json
parallel,q07,1,9,Emerging trends in pharmacotherapy for long COVID,https://www.idsociety.org/science-speaks-blog/2026/emerging-trends-in-pharmacotherapy-for-long-covid/,www.idsociety.org,"# Emerging trends in pharmacotherapy for long COVID
## Last Updated
### Authored By
One of the most widely discussed therapeutic hypotheses involves persistent viral reservoirs driving chronic inflammation. This has led to interest in antiviral agents such as nirmatrelvir/ritonavir and remdesivir beyond the acute infection phase.

...

(2) However, evidence supporting antiviral use in established long COVID remains preliminary, and such therapy is currently recommended primarily within clinical trial settings rather than routine practice. (3)
Targeted cytokine inhibition has also been explored. (7) Elevated IL-6 and TNF-a levels in some long COVID cohorts provide a rationale for biologic therapies such as tocilizumab and infliximab, though controlled data remain sparse. Similarly, JAK inhibitors, such as baricitinib, may attenuate chronic cytokine signaling, representing a mechanistically plausible but still investigational option.
Microvascular pathology has gained increasing attention in long COVID research. Studies demonstrating fibrin amyloid microclots and endothelial injury have prompted investigation into anticoagulant and antiplatelet therapies. Direct oral anticoagulants, low-dose aspirin and combination antiplatelet regimens have been used in exploratory protocols.",,2205.57,results/parallel/q07_run1.json
parallel,q07,1,10,"Integrated care pathway in individuals with Long COVID: STIMULATE-ICP, a cluster-randomized, phase 3 trial",https://www.nature.com/articles/s41591-026-04552-x,www.nature.com,"# Integrated care pathway in individuals with Long COVID: STIMULATE-ICP, a cluster-randomized, phase 3 trial
* STIMULATE-ICP Consortium
  _Nature Medicine_ **volume 32** , pages 3040–3047 ( 2026 ) Cite this article

...

## Abstract
### [Physical activity coaching programme for people with Long COVID: a pilot randomised clinical trial](https://www.nature.com/articles/s41598-026-44806-9?fromPaywallRec=false)
Article Open access 24 March 2026

## Discussion
We report that use of the Living With COVID Recovery App was associated with some improvement in fatigue and quality of life at 24 weeks, rather than 12 weeks. This observed difference between treatment groups of 1.14 points on FAS was statistically significant but may not be clinically meaningful.

...

Trajectory, healthcare utilisation and recovery in 3590 individuals with Long COVID: a 4-year prospective cohort analysis. _BMJ Open_ **16** , e103884 (2026).",2026-07-28,2205.57,results/parallel/q07_run1.json
parallel,q07,2,1,Long COVID Treatment 2026: What Randomized Clinical Trials Actually Show,https://covid19.onedaymd.com/2026/09/long-COVID-treatment.html,covid19.onedaymd.com,"# [Immune Systems Advisor](https://covid19.onedaymd.com/)
## Long COVID Treatment 2026: What Randomized Clinical Trials Actually Show
No specific treatment has been proven to work for Long COVID in general. Randomized
trials have found no benefit from extended Paxlovid (959 adults),
metformin (396) or short-course hyperbaric oxygen (80). Promising but
unconfirmed signals include the SIM01 synbiotic (463 people, Hong Kong)
and physical-activity coaching (50).

...

## Which treatments have been tested in established Long COVID?
### Does Paxlovid (nirmatrelvir–ritonavir) work for established Long COVID?
**No. Extended Paxlovid did not improve established Long COVID in RECOVER-VITAL, the largest antiviral trial so far.** Baden et al. ( [_Lancet Infect Dis_ 2026](https://doi.org/10.1016/S1473-3099(26)00406-8) ) enrolled 959 adults at 69 US sites between July 2023 and early 2025.

...

### What new Long COVID trial results appeared in September 2026?
**Company-reported topline data for bezisterim; no peer-reviewed result yet.** BioVie announced on September 15, 2026 that its phase 2 ADDRESS-LC trial
(203 participants, randomized, double-blind, placebo-controlled,
exploratory) did not reach significance on any of 22 endpoints in the full

...

## Frequently asked questions about Long COVID treatment
### What is the best treatment for Long COVID in 2026?
No treatment has been proven effective for Long COVID in general. Randomized
trials support individualized, symptom-focused care, and a few approaches
show preliminary signals, including the SIM01 synbiotic and
physical-activity coaching. Extended Paxlovid, metformin and short-course

...

## Sources and further reading
No scientific evidence for the claim that nattokinase
can treat long COVID. [Science Feedback](https://science.feedback.org/review/no-scientific-evidence-for-claim-nattokinase-treat-long-covid-detox-covid19-vaccines/)
17. BioVie. Topline results from the phase 2 ADDRESS-LC trial of bezisterim.
Press release, September 15, 2026 (not peer reviewed).",,2508.33,results/parallel/q07_run2.json
parallel,q07,2,2,New Long COVID Treatments in 2026: What's Available,https://www.doctronic.ai/blog/new-long-covid-treatments-2026/,www.doctronic.ai,"# New Treatments for Long COVID in 2026: Latest Medical Breakthroughs
## What Are the New Long COVID Treatments Available in 2026?
The most exciting development in 2026 is the FDA approval of targeted monoclonal antibody therapies specifically designed for [long COVID](https://www.doctronic.ai/conditions/long-covid) . These treatments, including LC-MAB-401 and NeuroRestore, directly target the inflammatory pathways that keep symptoms active long after the initial infection has cleared.

...

Mitochondrial restoration therapies have also emerged as game-changers for patients experiencing severe [fatigue](https://www.doctronic.ai/conditions/fatigue) and exercise intolerance.

...

Clinical trials show that patients receiving these therapies experience significant improvements in energy levels within 8-12 weeks of treatment initiation.

## How These Advanced Treatments Work
The breakthrough treatments of 2026 operate through multiple complementary mechanisms targeting the various pathways involved in long COVID pathogenesis. Targeted anti-inflammatory protocols use precision medicine to identify specific cytokine patterns in each patient, then deploy customized monoclonal antibodies to normalize immune system function.

## Treatment Benefits and Outcomes
Clinical data from 2026 treatment protocols shows remarkable improvement rates across multiple symptom domains. Energy levels improve by 70-80% within 3-6 months for patients receiving mitochondrial restoration therapy combined with anti-inflammatory protocols.",2026-05-17,2508.33,results/parallel/q07_run2.json
parallel,q07,2,3,Long COVID Treatment in 2026: What the RECOVER Trials and New Research Reveal | MDTalks,https://www.mdtalks.com/long-covid-treatment-2026-update/,www.mdtalks.com,"# Long COVID Treatment in 2026: What the RECOVER Trials and New Research Reveal
But 2026 is a pivotal year: the NIH’s RECOVER initiative — the largest Long COVID research program in the world — is publishing clinical trial results, and several promising treatment pathways are emerging from the data.

## The RECOVER Initiative: Where Things Stand
The RECOVER (Researching COVID to Enhance Recovery) initiative represents a $1.15 billion investment by the National Institutes of Health. According to the [March 2026 RECOVER research update](https://recovercovid.org/news/recover-research-update-march-2026) :

...

* **RECOVER-CT (Clinical Trials):** All 8 clinical trials completed enrollment in 2025, testing 13 possible treatments for symptoms including fatigue, exercise intolerance, sleep disturbances, cognitive impairment, and autonomic dysfunction.

...

1. [RECOVER COVID Initiative: March 2026 Research Update](https://recovercovid.org/news/recover-research-update-march-2026) — accessed March 26, 2026
2. [UCSF: Solving Long COVID — How HIV Research Paved the Way](https://www.ucsf.edu/news/2026/01/431346/solving-long-covid-how-decades-hiv-research-paved-way) — accessed March 26, 2026",2026-03-26,2508.33,results/parallel/q07_run2.json
parallel,q07,2,4,Antiviral drug did not improve Long COVID symptoms,https://www.nih.gov/news-events/nih-research-matters/antiviral-drug-did-not-improve-long-covid-symptoms,www.nih.gov,"# Antiviral drug did not improve Long COVID symptoms
September 29, 2026

...

## At a Glance
Within each symptom group, participants were assigned at random to one of three treatment groups. One took the combined antiviral treatment for 25 days. A second took the combined treatment for 15 days, plus 10 days of ritonavir and a placebo pill in place of nirmatrelvir. The third took ritonavir and a placebo pill for 25 days.
The study included in-clinic visits, lab tests, and remote assessments. Participants rated their symptoms for six months to measure the drug treatment’s effectiveness. Results were published in _Lancet Infectious Diseases_ on August 31, 2026.
The symptoms of patients in all three treatment groups improved at the same rate. Taking the antiviral drugs for up to 25 days didn’t improve any of the three groups’ Long COVID symptoms compared with placebo. This is consistent with previous smaller studies that found no benefit from treating Long COVID with the antivirals for 15 days.",,2508.33,results/parallel/q07_run2.json
parallel,q07,2,5,COVID-19 | Compendium | AJMC,https://www.ajmc.com/compendium/covid-19,www.ajmc.com,"# COVID-19
## Latest Videos
[Pulmonary expert Noah Greenspan discusses early COVID-19 uncertainty, long COVID, and the role vaccination plays in reducing risk and severity. ##### Long COVID, Immune Response, and Why COVID-19 Vaccination Still Matters: Noah Greenspan, DPT](https://www.ajmc.com/view/long-covid-immune-response-and-why-covid-19-vaccination-still-matters-noah-greenspan-dpt)
[Noah Greenspan, DPT, explains how oxygen therapy may help regulate autonomic dysfunction in patients with long COVID. ##### Oxygen Therapy and Autonomic Reset to Manage Long COVID: Noah Greenspan, DPT](https://www.ajmc.com/view/managing-long-covid-oxygen-therapy-and-autonomic-reset-noah-greenspan-dpt)
[Treatment and Diagnosis Impact of Potential Standardized Long COVID Definition; Lauren Wisk, PhD ##### Treatment and Diagnosis Impact of Potential Standardized Long COVID Definition; Lauren Wisk, PhD](https://www.ajmc.com/view/treatment-and-diagnosis-impact-of-potential-standardized-long-covid-definition-lauren-wisk-phd)

...

## More News
Jerry A. Krishnan, MD, PhD, discusses NIH RECOVER findings on long COVID, pulmonary complications, and immune dysfunction at ATS 2026.

...

JoAnn Manson, MD, shares findings from the VIVID trial on vitamin D, the timing of use, and its potential to reduce long COVID risk and symptom severity.",2026-10-01,2508.33,results/parallel/q07_run2.json
parallel,q07,2,6,RECOVER Research Update: June 2026 | RECOVER COVID Initiative,https://recovercovid.org/news/recover-research-update-june-2026,recovercovid.org,"# RECOVER Research Update: June 2026
Recent publications from RECOVER describe the unique effects Long COVID can have on children, identify changes in the body that may contribute to Long COVID symptoms, and explain how RECOVER has tested possible treatments for different symptoms of Long COVID.

...

* The main goal of the RECOVER-VITAL trial was to determine whether nirmatrelvir–ritonavir (Paxlovid), an antiviral drug used to treat COVID-19, might also be a safe and effective treatment
Section: RECOVER Research Update: June 2026 > Clinical Trials > [Design and rationale of RECOVER-AUTONOMIC: A randomized platform trial evaluating interventions for Long COVID postural orthostatic tachycardia syndrome](https://recovercovid.org/publications/design-and-rationale-recover-autonomic-randomized-platform-trial-evaluating) ( _American Heart Journal_ , February 2026)
* The possible POTS treatments tested in the RECOVER-AUTONOMIC clinical trials include 2 drugs: ivabradine and Gamunex-C, a form of intravenous immunoglobulin.",,2508.33,results/parallel/q07_run2.json
parallel,q07,2,7,Long COVID in 2026: What We Now Know About Treatment,https://teledirectmd.com/health-guides/long-covid-2026-treatment-update,teledirectmd.com,"* About **8% of US adults** have experienced Long COVID, and the 2024 NASEM consensus definition now requires at least 3 months of post-infection symptoms affecting one or more organ systems. [[1]]() [[2]]()
* The **RECOVER-VITAL trial** published in March 2026 found that 15-day and 25-day courses of Paxlovid did **not** improve Long COVID symptoms versus placebo, ending a major treatment hypothesis. [[3]]()

...

* **Metformin shows strong PREVENTION evidence** — starting it within 3 days of acute COVID reduced Long COVID risk by up to 63% — but the same drug failed when tested as a **treatment** in the RECOVER ENERGIZE trial. [[4]]() [[5]]()
* There are still **no FDA-approved treatments** for Long COVID as of 2026. Management is symptom-targeted and multidisciplinary. [[6]]()

# Long COVID in 2026: What We Now Know About Treatment
## The State of Long COVID in 2026
The harder news is that large randomized trials in 2025 and 2026 have closed the door on several major treatment hypotheses. Long-term Paxlovid did not work. Metformin as a treatment did not work. The data tells us that what helped during acute infection does not necessarily help once Long COVID has set in. [[3]]() [[5]]()

## What the 2025–2026 Trials Showed
### RECOVER-VITAL: Long-term Paxlovid (March 2026)
This trial tested 15-day and 25-day courses of nirmatrelvir–ritonavir (Paxlovid) as a Long COVID treatment, against a 5-day control. The hypothesis was that persistent viral reservoirs might drive ongoing symptoms, and a longer antiviral course could clear them.",2026-05-18,2508.33,results/parallel/q07_run2.json
parallel,q07,2,8,Long COVID Breakthroughs: NIH RECOVER 2026 Findings,https://www.myhsn.co.uk/top-tip/long-covid-breakthroughs-nih-recover-2026-findings/,www.myhsn.co.uk,"# Long COVID Breakthroughs: NIH RECOVER 2026 Findings
## 1. The 2026 Long COVID Pivot: From Symptoms to Solutions
This shift is providing the first real hope for targeted treatments for the millions still suffering from post-acute sequelae of [SARS-CoV-2](https://www.myhsn.co.uk/glossary/sars-cov-2/) (PASC).

## 4. RECOVER-AUTONOMIC: New Data on POTS and Heart Rate
In March 2026, results from the **RECOVER-AUTONOMIC** trial were presented at the American College of Cardiology. The trial focused on **Postural Orthostatic Tachycardia Syndrome (POTS)** , which affects roughly 31% of Long COVID patients.

...

* **The Finding:** While the drug **Ivabradine** successfully lowered heart rates, it did not significantly improve overall symptoms on its own.
* **The Breakthrough:** Patients who received **Coordinated Care** (specialized diet, salt intake, and physical therapy) alongside medication saw the most dramatic improvements, marking a shift toward holistic “protocol-based” treatment.

...

# Long COVID Breakthroughs: NIH RECOVER 2026 Findings
## 10. The Road Ahead: RECOVER-TLC and 2027 Trials
As we move toward the second half of 2026, the NIH has launched **RECOVER-TLC (Treating Long COVID)** . This program is crowdsourcing treatment ideas from patients and clinicians, with over 550 therapies already submitted. The next phase of trials will include:",2026-04-18,2508.33,results/parallel/q07_run2.json
parallel,q07,2,9,Emerging trends in pharmacotherapy for long COVID,https://www.idsociety.org/science-speaks-blog/2026/emerging-trends-in-pharmacotherapy-for-long-covid/,www.idsociety.org,"# Emerging trends in pharmacotherapy for long COVID
## Last Updated
### Authored By
One of the most widely discussed therapeutic hypotheses involves persistent viral reservoirs driving chronic inflammation. This has led to interest in antiviral agents such as nirmatrelvir/ritonavir and remdesivir beyond the acute infection phase.

...

(2) However, evidence supporting antiviral use in established long COVID remains preliminary, and such therapy is currently recommended primarily within clinical trial settings rather than routine practice. (3)
Targeted cytokine inhibition has also been explored. (7) Elevated IL-6 and TNF-a levels in some long COVID cohorts provide a rationale for biologic therapies such as tocilizumab and infliximab, though controlled data remain sparse. Similarly, JAK inhibitors, such as baricitinib, may attenuate chronic cytokine signaling, representing a mechanistically plausible but still investigational option.
Microvascular pathology has gained increasing attention in long COVID research. Studies demonstrating fibrin amyloid microclots and endothelial injury have prompted investigation into anticoagulant and antiplatelet therapies. Direct oral anticoagulants, low-dose aspirin and combination antiplatelet regimens have been used in exploratory protocols.",,2508.33,results/parallel/q07_run2.json
parallel,q07,2,10,"Integrated care pathway in individuals with Long COVID: STIMULATE-ICP, a cluster-randomized, phase 3 trial",https://www.nature.com/articles/s41591-026-04552-x,www.nature.com,"# Integrated care pathway in individuals with Long COVID: STIMULATE-ICP, a cluster-randomized, phase 3 trial
* STIMULATE-ICP Consortium
  _Nature Medicine_ **volume 32** , pages 3040–3047 ( 2026 ) Cite this article

...

## Abstract
### [Physical activity coaching programme for people with Long COVID: a pilot randomised clinical trial](https://www.nature.com/articles/s41598-026-44806-9?fromPaywallRec=false)
Article Open access 24 March 2026

## Discussion
We report that use of the Living With COVID Recovery App was associated with some improvement in fatigue and quality of life at 24 weeks, rather than 12 weeks. This observed difference between treatment groups of 1.14 points on FAS was statistically significant but may not be clinically meaningful.

...

Trajectory, healthcare utilisation and recovery in 3590 individuals with Long COVID: a 4-year prospective cohort analysis. _BMJ Open_ **16** , e103884 (2026).",2026-07-28,2508.33,results/parallel/q07_run2.json
parallel,q07,3,1,Long COVID Treatment 2026: What Randomized Clinical Trials Actually Show,https://covid19.onedaymd.com/2026/09/long-COVID-treatment.html,covid19.onedaymd.com,"# [Immune Systems Advisor](https://covid19.onedaymd.com/)
## Long COVID Treatment 2026: What Randomized Clinical Trials Actually Show
No specific treatment has been proven to work for Long COVID in general. Randomized
trials have found no benefit from extended Paxlovid (959 adults),
metformin (396) or short-course hyperbaric oxygen (80). Promising but
unconfirmed signals include the SIM01 synbiotic (463 people, Hong Kong)
and physical-activity coaching (50).

...

## Which treatments have been tested in established Long COVID?
### Does Paxlovid (nirmatrelvir–ritonavir) work for established Long COVID?
**No. Extended Paxlovid did not improve established Long COVID in RECOVER-VITAL, the largest antiviral trial so far.** Baden et al. ( [_Lancet Infect Dis_ 2026](https://doi.org/10.1016/S1473-3099(26)00406-8) ) enrolled 959 adults at 69 US sites between July 2023 and early 2025.

...

### What new Long COVID trial results appeared in September 2026?
**Company-reported topline data for bezisterim; no peer-reviewed result yet.** BioVie announced on September 15, 2026 that its phase 2 ADDRESS-LC trial
(203 participants, randomized, double-blind, placebo-controlled,
exploratory) did not reach significance on any of 22 endpoints in the full

...

## Frequently asked questions about Long COVID treatment
### What is the best treatment for Long COVID in 2026?
No treatment has been proven effective for Long COVID in general. Randomized
trials support individualized, symptom-focused care, and a few approaches
show preliminary signals, including the SIM01 synbiotic and
physical-activity coaching. Extended Paxlovid, metformin and short-course

...

## Sources and further reading
No scientific evidence for the claim that nattokinase
can treat long COVID. [Science Feedback](https://science.feedback.org/review/no-scientific-evidence-for-claim-nattokinase-treat-long-covid-detox-covid19-vaccines/)
17. BioVie. Topline results from the phase 2 ADDRESS-LC trial of bezisterim.
Press release, September 15, 2026 (not peer reviewed).",,2270.95,results/parallel/q07_run3.json
parallel,q07,3,2,New Long COVID Treatments in 2026: What's Available,https://www.doctronic.ai/blog/new-long-covid-treatments-2026/,www.doctronic.ai,"# New Treatments for Long COVID in 2026: Latest Medical Breakthroughs
## What Are the New Long COVID Treatments Available in 2026?
The most exciting development in 2026 is the FDA approval of targeted monoclonal antibody therapies specifically designed for [long COVID](https://www.doctronic.ai/conditions/long-covid) . These treatments, including LC-MAB-401 and NeuroRestore, directly target the inflammatory pathways that keep symptoms active long after the initial infection has cleared.

...

Mitochondrial restoration therapies have also emerged as game-changers for patients experiencing severe [fatigue](https://www.doctronic.ai/conditions/fatigue) and exercise intolerance.

...

Clinical trials show that patients receiving these therapies experience significant improvements in energy levels within 8-12 weeks of treatment initiation.

## How These Advanced Treatments Work
The breakthrough treatments of 2026 operate through multiple complementary mechanisms targeting the various pathways involved in long COVID pathogenesis. Targeted anti-inflammatory protocols use precision medicine to identify specific cytokine patterns in each patient, then deploy customized monoclonal antibodies to normalize immune system function.

## Treatment Benefits and Outcomes
Clinical data from 2026 treatment protocols shows remarkable improvement rates across multiple symptom domains. Energy levels improve by 70-80% within 3-6 months for patients receiving mitochondrial restoration therapy combined with anti-inflammatory protocols.",2026-05-17,2270.95,results/parallel/q07_run3.json
parallel,q07,3,3,Long COVID Treatment in 2026: What the RECOVER Trials and New Research Reveal | MDTalks,https://www.mdtalks.com/long-covid-treatment-2026-update/,www.mdtalks.com,"# Long COVID Treatment in 2026: What the RECOVER Trials and New Research Reveal
But 2026 is a pivotal year: the NIH’s RECOVER initiative — the largest Long COVID research program in the world — is publishing clinical trial results, and several promising treatment pathways are emerging from the data.

## The RECOVER Initiative: Where Things Stand
The RECOVER (Researching COVID to Enhance Recovery) initiative represents a $1.15 billion investment by the National Institutes of Health. According to the [March 2026 RECOVER research update](https://recovercovid.org/news/recover-research-update-march-2026) :

...

* **RECOVER-CT (Clinical Trials):** All 8 clinical trials completed enrollment in 2025, testing 13 possible treatments for symptoms including fatigue, exercise intolerance, sleep disturbances, cognitive impairment, and autonomic dysfunction.

...

1. [RECOVER COVID Initiative: March 2026 Research Update](https://recovercovid.org/news/recover-research-update-march-2026) — accessed March 26, 2026
2. [UCSF: Solving Long COVID — How HIV Research Paved the Way](https://www.ucsf.edu/news/2026/01/431346/solving-long-covid-how-decades-hiv-research-paved-way) — accessed March 26, 2026",2026-03-26,2270.95,results/parallel/q07_run3.json
parallel,q07,3,4,Antiviral drug did not improve Long COVID symptoms,https://www.nih.gov/news-events/nih-research-matters/antiviral-drug-did-not-improve-long-covid-symptoms,www.nih.gov,"# Antiviral drug did not improve Long COVID symptoms
September 29, 2026

...

## At a Glance
Within each symptom group, participants were assigned at random to one of three treatment groups. One took the combined antiviral treatment for 25 days. A second took the combined treatment for 15 days, plus 10 days of ritonavir and a placebo pill in place of nirmatrelvir. The third took ritonavir and a placebo pill for 25 days.
The study included in-clinic visits, lab tests, and remote assessments. Participants rated their symptoms for six months to measure the drug treatment’s effectiveness. Results were published in _Lancet Infectious Diseases_ on August 31, 2026.
The symptoms of patients in all three treatment groups improved at the same rate. Taking the antiviral drugs for up to 25 days didn’t improve any of the three groups’ Long COVID symptoms compared with placebo. This is consistent with previous smaller studies that found no benefit from treating Long COVID with the antivirals for 15 days.",,2270.95,results/parallel/q07_run3.json
parallel,q07,3,5,COVID-19 | Compendium | AJMC,https://www.ajmc.com/compendium/covid-19,www.ajmc.com,"# COVID-19
## Latest Videos
[Pulmonary expert Noah Greenspan discusses early COVID-19 uncertainty, long COVID, and the role vaccination plays in reducing risk and severity. ##### Long COVID, Immune Response, and Why COVID-19 Vaccination Still Matters: Noah Greenspan, DPT](https://www.ajmc.com/view/long-covid-immune-response-and-why-covid-19-vaccination-still-matters-noah-greenspan-dpt)
[Noah Greenspan, DPT, explains how oxygen therapy may help regulate autonomic dysfunction in patients with long COVID. ##### Oxygen Therapy and Autonomic Reset to Manage Long COVID: Noah Greenspan, DPT](https://www.ajmc.com/view/managing-long-covid-oxygen-therapy-and-autonomic-reset-noah-greenspan-dpt)
[Treatment and Diagnosis Impact of Potential Standardized Long COVID Definition; Lauren Wisk, PhD ##### Treatment and Diagnosis Impact of Potential Standardized Long COVID Definition; Lauren Wisk, PhD](https://www.ajmc.com/view/treatment-and-diagnosis-impact-of-potential-standardized-long-covid-definition-lauren-wisk-phd)

...

## More News
Jerry A. Krishnan, MD, PhD, discusses NIH RECOVER findings on long COVID, pulmonary complications, and immune dysfunction at ATS 2026.",2026-10-01,2270.95,results/parallel/q07_run3.json
parallel,q07,3,6,Long COVID in 2026: What We Now Know About Treatment,https://teledirectmd.com/health-guides/long-covid-2026-treatment-update,teledirectmd.com,"* About **8% of US adults** have experienced Long COVID, and the 2024 NASEM consensus definition now requires at least 3 months of post-infection symptoms affecting one or more organ systems. [[1]]() [[2]]()
* The **RECOVER-VITAL trial** published in March 2026 found that 15-day and 25-day courses of Paxlovid did **not** improve Long COVID symptoms versus placebo, ending a major treatment hypothesis. [[3]]()

...

* **Metformin shows strong PREVENTION evidence** — starting it within 3 days of acute COVID reduced Long COVID risk by up to 63% — but the same drug failed when tested as a **treatment** in the RECOVER ENERGIZE trial. [[4]]() [[5]]()
* There are still **no FDA-approved treatments** for Long COVID as of 2026. Management is symptom-targeted and multidisciplinary. [[6]]()

# Long COVID in 2026: What We Now Know About Treatment
## The State of Long COVID in 2026
The harder news is that large randomized trials in 2025 and 2026 have closed the door on several major treatment hypotheses. Long-term Paxlovid did not work. Metformin as a treatment did not work. The data tells us that what helped during acute infection does not necessarily help once Long COVID has set in. [[3]]() [[5]]()

## What the 2025–2026 Trials Showed
### RECOVER-VITAL: Long-term Paxlovid (March 2026)
This trial tested 15-day and 25-day courses of nirmatrelvir–ritonavir (Paxlovid) as a Long COVID treatment, against a 5-day control. The hypothesis was that persistent viral reservoirs might drive ongoing symptoms, and a longer antiviral course could clear them.",2026-05-18,2270.95,results/parallel/q07_run3.json
parallel,q07,3,7,RECOVER Research Update: June 2026 | RECOVER COVID Initiative,https://recovercovid.org/news/recover-research-update-june-2026,recovercovid.org,"# RECOVER Research Update: June 2026
Recent publications from RECOVER describe the unique effects Long COVID can have on children, identify changes in the body that may contribute to Long COVID symptoms, and explain how RECOVER has tested possible treatments for different symptoms of Long COVID.

...

* The main goal of the RECOVER-VITAL trial was to determine whether nirmatrelvir–ritonavir (Paxlovid), an antiviral drug used to treat COVID-19, might also be a safe and effective treatment
Section: RECOVER Research Update: June 2026 > Clinical Trials > [Design and rationale of RECOVER-AUTONOMIC: A randomized platform trial evaluating interventions for Long COVID postural orthostatic tachycardia syndrome](https://recovercovid.org/publications/design-and-rationale-recover-autonomic-randomized-platform-trial-evaluating) ( _American Heart Journal_ , February 2026)
* The possible POTS treatments tested in the RECOVER-AUTONOMIC clinical trials include 2 drugs: ivabradine and Gamunex-C, a form of intravenous immunoglobulin.",,2270.95,results/parallel/q07_run3.json
parallel,q07,3,8,Emerging trends in pharmacotherapy for long COVID - IDSA,https://www.idsociety.org/science-speaks-blog/2026/emerging-trends-in-pharmacotherapy-for-long-covid,www.idsociety.org,"# Emerging trends in pharmacotherapy for long COVID
## Last Updated
### Authored By
One of the most widely discussed therapeutic hypotheses involves persistent viral reservoirs driving chronic inflammation. This has led to interest in antiviral agents such as nirmatrelvir/ritonavir and remdesivir beyond the acute infection phase.

...

(2) However, evidence supporting antiviral use in established long COVID remains preliminary, and such therapy is currently recommended primarily within clinical trial settings rather than routine practice. (3)
Targeted cytokine inhibition has also been explored. (7) Elevated IL-6 and TNF-a levels in some long COVID cohorts provide a rationale for biologic therapies such as tocilizumab and infliximab, though controlled data remain sparse. Similarly, JAK inhibitors, such as baricitinib, may attenuate chronic cytokine signaling, representing a mechanistically plausible but still investigational option.
Microvascular pathology has gained increasing attention in long COVID research. Studies demonstrating fibrin amyloid microclots and endothelial injury have prompted investigation into anticoagulant and antiplatelet therapies. Direct oral anticoagulants, low-dose aspirin and combination antiplatelet regimens have been used in exploratory protocols.",,2270.95,results/parallel/q07_run3.json
parallel,q07,3,9,"Integrated care pathway in individuals with Long COVID: STIMULATE-ICP, a cluster-randomized, phase 3 trial",https://www.nature.com/articles/s41591-026-04552-x,www.nature.com,"# Integrated care pathway in individuals with Long COVID: STIMULATE-ICP, a cluster-randomized, phase 3 trial
* STIMULATE-ICP Consortium
  _Nature Medicine_ **volume 32** , pages 3040–3047 ( 2026 ) Cite this article

...

## Abstract
### [Physical activity coaching programme for people with Long COVID: a pilot randomised clinical trial](https://www.nature.com/articles/s41598-026-44806-9?fromPaywallRec=false)
Article Open access 24 March 2026

## Discussion
We report that use of the Living With COVID Recovery App was associated with some improvement in fatigue and quality of life at 24 weeks, rather than 12 weeks. This observed difference between treatment groups of 1.14 points on FAS was statistically significant but may not be clinically meaningful.

...

Trajectory, healthcare utilisation and recovery in 3590 individuals with Long COVID: a 4-year prospective cohort analysis. _BMJ Open_ **16** , e103884 (2026).",2026-07-28,2270.95,results/parallel/q07_run3.json
parallel,q07,3,10,Brain scans reveal a possible cause of long COVID fatigue and brain fog,https://www.sciencedaily.com/releases/2026/09/260920222412.htm,www.sciencedaily.com,"# Brain scans reveal a possible cause of long COVID fatigue and brain fog
## Brain scans show signs that long COVID may injure dopamine releasing neurons.
Date:
September 21, 2026
Source:
Centre for Addiction and Mental Health
Summary:
Researchers have found evidence that long COVID may damage dopamine releasing neurons in the brain, potentially explaining persistent fatigue, low motivation, slowed movement, and memory difficulties.

...

A new brain imaging study led by scientists at the Centre for Addiction and Mental Health (CAMH) has uncovered what researchers describe as the strongest evidence so far that long COVID is associated with damage to dopamine-releasing neurons in the brain.
Published in _eBioMedicine_ , the findings could help explain persistent problems such as fatigue-related loss of motivation, slower movement, and memory difficulties. They may also point toward new treatment strategies.
Despite how widespread and disruptive long COVID can be, there are currently no evidence-based treatments, in part because scientists still do not fully understand what is happening in the brain.",,2270.95,results/parallel/q07_run3.json
parallel,q08,1,1,Global Antimicrobial Resistance and Use Surveillance System (GLASS),https://www.who.int/initiatives/glass,www.who.int,"# Global Antimicrobial Resistance and Use Surveillance System (GLASS)
## IN FOCUS...
**GLASS-EAR** , the emerging AMR reporting (EAR) module, supports the timely detection, reporting, risk assessment and monitoring of emerging resistance. **GLASS-FUNGI** focuses on the surveillance of invasive fungal bloodstream infections caused by _Candida_ spp.
_Click on the figure above to learn more about the GLASS technical modules_
GLASS Reports
Global antibiotic resistance surveillance report 2025: summary
13 October 2025
This Global Antimicrobial Resistance and Use Surveillance System (GLASS) report describes global progress in GLASS-AMU surveillance and antibiotic use...
[Download](https://iris.who.int/server/api/core/bitstreams/eede4321-72b5-4185-b422-c2ce07f185df/content)

...

GLASS and WHO Collaborating Centres will provide technical support to countries for the development and operation of national reference laboratories, such as external quality assurance, quality management, continuous training for the performance of AMR testing, as well as for the reporting and interpretation of AMR results. Several tools are listed below to support laboratory functions.

...

EARS-Net is based on routine clinical antimicrobial susceptibility data from local and clinical laboratories reported to ECDC by appointed representatives from WHO Member States.

# Global Antimicrobial Resistance and Use Surveillance System (GLASS)
## IN FOCUS...
In 1996, the Pan American Health Organization (PAHO)/WHO launched ReLAVRA, the Latin American Network for AMR Surveillance, which aims at reporting the magnitude and trends of AMR in the region using routine data from microbiology laboratories.",2017-01-01,2226.83,results/parallel/q08_run1.json
parallel,q08,1,2,Global antibiotic resistance surveillance report 2025,https://www.who.int/publications/i/item/9789240116337,www.who.int,"# Global antibiotic resistance surveillance report 2025
13 October 2025
| Global report
Global antibiotic resistance surveillance report 2025
[Download (17.3 MB)](https://iris.who.int/server/api/core/bitstreams/8831cd08-44cc-4741-9e30-5b1293150bda/content)

## Overview
Antimicrobial resistance (AMR) is a growing threat to global health, undermining the effectiveness of life-saving treatments and placing populations at heightened risk, whether from common infections or routine medical interventions.
The WHO Global Antimicrobial Resistance and Use Surveillance System (GLASS) supports countries in building national surveillance systems and generating standardized data to guide public health action.",2025-10-13,2226.83,results/parallel/q08_run1.json
parallel,q08,1,3,Global antibiotic resistance surveillance report 2025: summary,https://www.who.int/publications/i/item/B09585,www.who.int,"# Global antibiotic resistance surveillance report 2025: summary
13 October 2025
| Executive summary
Global antibiotic resistance surveillance report 2025: summary
[Download (1.2 MB)](https://iris.who.int/server/api/core/bitstreams/139d068a-1086-43f7-a47d-575d0118d034/content)

## Overview
Antimicrobial resistance (AMR) is a growing threat to global health, undermining the effectiveness of life-saving treatments and placing populations at heightened risk, whether from common infections or routine medical interventions.
The WHO Global Antimicrobial Resistance and Use Surveillance System (GLASS) supports countries in building national surveillance systems and generating standardized data to guide public health action.",2025-10-13,2226.83,results/parallel/q08_run1.json
parallel,q08,1,4,"
	Antimicrobial resistance
",http://who.int/news-room/fact-sheets/detail/antimicrobial-resistance,who.int,"# Antimicrobial resistance
## What is the present situation?
### Drug resistance in bacteria
[One in six laboratory-confirmed bacterial infections](https://www.who.int/publications/i/item/9789240116337) causing common infections in people worldwide in 2023 were resistant to antibiotic treatments. Between 2018 and 2023, antibiotic resistance rose in over 40% of the pathogen-antibiotic combinations monitored with an average annual increase of 5–15%.
WHO estimates that antibiotic resistance is highest in the WHO South-East Asia and Eastern Mediterranean Regions, where 1 in 3 reported infections were resistant. Resistance is also more common and worsening in places where health systems lack capacity to diagnose or treat bacterial pathogens.

...

The estimated proportion of people with a first episode of TB who had drug-resistant TB was [3.2% in 2024](https://www.who.int/teams/global-programme-on-tuberculosis-and-lung-health/tb-reports/global-tuberculosis-report-2025) , while the proportion among those with a previous history of TB treatment was much higher, at 16%.

...

## WHO response
2. GLG report: Towards specific commitments and action in the response to antimicrobial resistance (2024). https://www.amrleaders.org/resources/m/item/glg-report
Related
News
[New WHO report outlines critical steps to confront fungal disease and antifungal resistance 30 June 2026](https://www.who.int/news/item/30-06-2026-new-who-report-outlines-critical-steps-to-confront-fungal-disease-and-antifungal-resistance)
[The World Health Assembly adopts updated Global Action Plan on Antimicrobial Resistance (2026–2036) 25 May 2026](https://www.who.int/news/item/25-05-2026-the-world-health-assembly-adopts-updated-global-action-plan-on-antimicrobial-resistance-(2026-2036))",2026-07-16,2226.83,results/parallel/q08_run1.json
parallel,q08,1,5,"
	Global Antimicrobial Resistance and Use Surveillance System (GLASS) report
",https://www.who.int/publications/b/78945,www.who.int,"WHO developed global standards and methods for establishing national surveillance systems to monitor antimicrobial use (AMU) in humans and integrated these into the Global Antimicrobial Resistance and Use System (GLASS) in 2020. Since then, countries have been invited to enroll and, when ready, report annual AMU data. National and global surveillance data on AMU are crucial for guiding",,2226.83,results/parallel/q08_run1.json
parallel,q08,1,6,New WHO Report Sounds Alarm on Antimicrobial Resistance,https://www.ajmc.com/view/new-who-reports-sounds-alarm-on-antimicrobial-resistance,www.ajmc.com,"# New WHO Report Sounds Alarm on Antimicrobial Resistance
*By Maggie L. Shaw*
*Published: October 13, 2025*
> WHO's latest report shows alarming trends in antimicrobial resistance, highlighting urgent global challenges and the need to improve surveillance and treatment.

...

## Key Takeaways
The new report covers 93 infection type–pathogen–antibiotic combinations on regional and global bases, national prevalence estimates, regional and global resistance trends; and both progress against and challenges to worldwide surveillance efforts.

...

These types of bacteria are considered more dangerous because of their additional outer protective membrane and their larger concentrations of transport proteins that force drugs out of cells.3 Forty percent of the pathogen–antibiotic combinations monitored between 2018 and 2023 demonstrated increased antimicrobial resistance, while annual rates of this fluctuated between 5% and 15%.",,2226.83,results/parallel/q08_run1.json
parallel,q08,1,7,"
	Global antimicrobial resistance and use surveillance system (GLASS) report: 2022
",https://www.who.int/publications/i/item/9789240062702,www.who.int,"# Global antimicrobial resistance and use surveillance system (‎GLASS)‎ report: 2022
Global Antimicrobial Resistance and Use Surveillance System (GLASS)
9 December 2022
| Global report
Global antimicrobial resistance and use surveillance system (‎GLASS)‎ report: 2022

...

## Overview
The WHO Global Antimicrobial Resistance and Use Surveillance System (GLASS) was launched in 2015 to foster AMR surveillance and inform strategies to contain AMR.

...

The fifth GLASS report, produced in collaboration with Member States, summarizes 2020 data on AMR rates in common bacteria from countries, territories, and areas. The report brings new features, including analyses of population testing coverage or AMR trends. For the first time, the report presents 2020 data on AMC at the national level.

...

In addition to presenting data collected through the latest data call, this report provides a summary of five years of national AMR surveillance data contributed to GLASS from its initiation, presents AMR findings in the context of progress of country participation in GLASS and in global AMR surveillance coverage and laboratory quality assurance systems at (sub)national level.",2022-12-09,2226.83,results/parallel/q08_run1.json
parallel,q08,1,8,"
	WHO warns of widespread resistance to common antibiotics worldwide
",https://www.who.int/news/item/13-10-2025-who-warns-of-widespread-resistance-to-common-antibiotics-worldwide,www.who.int,"# WHO warns of widespread resistance to common antibiotics worldwide
One in six laboratory-confirmed bacterial infections causing common infections in people worldwide in 2023 were resistant to antibiotic treatments, according to a new World Health Organization (WHO) report launched today. Between 2018 and 2023, antibiotic resistance rose in over 40% of the pathogen-antibiotic combinations monitored, with an average annual increase of 5–15%.
Data reported to the WHO Global Antimicrobial Resistance and Use Surveillance System (GLASS) from over 100 countries cautions that increasing resistance to essential antibiotics poses a growing threat to global health.
The new _[Global antibiotic resistance surveillance report 2025](https://www.who.int/publications/i/item/9789240116337)_ presents, for the first time, resistance prevalence estimates across 22 antibiotics used to treat infections of the urinary and gastrointestinal tracts, the bloodstream and those used to treat gonorrhoea.

...

## Welcome progress in AMR surveillance – but more action needed
Fact sheets
[Antimicrobial resistance 16 July 2026](https://www.who.int/news-room/fact-sheets/detail/antimicrobial-resistance)
[Privacy policy](https://www.who.int/about/policies/privacy)",2025-10-13,2226.83,results/parallel/q08_run1.json
parallel,q08,1,9,Global antibiotic resistance surveillance report 2025: WHO Global Antimicrobial Resistance and Use Surveillance System (GLASS): summary,https://iris.who.int/items/f3fbf314-1b0a-4d34-9d22-c0175309dc75,iris.who.int,"1. Home
  1. Headquarters
3. Technical Documents
4. Global antibiotic resistance surveillance report 2025: WHO Global Antimicrobial Resistance and Use Surveillance System (GLASS): summary

# Global antibiotic resistance surveillance report 2025: WHO Global Antimicrobial Resistance and Use Surveillance System (GLASS): summary
Thumbnail Image ##### Files
B09585-eng.pdf (1.16 MB) ##### Rights
[c b n a](https://creativecommons.org/licenses/by-nc-sa/3.0/igo ""CC BY-NC-SA 3.0 IGO"")

## Other Titles ##### Abstract ##### Citation
World Health Organization (2025). Global antibiotic resistance surveillance report 2025: WHO Global Antimicrobial Resistance and Use Surveillance System (GLASS): summary . World Health Organization. https://doi.org/10.2471/B09585 . License: CC BY-NC-SA 3.0 IGO ##### Journal ##### Relation",,2226.83,results/parallel/q08_run1.json
parallel,q08,1,10,Global antibiotic resistance surveillance report 2025,https://iris.who.int/server/api/core/bitstreams/139d068a-1086-43f7-a47d-575d0118d034/content,iris.who.int,"# Summary
## WHO Global Antimicrobial Resistance and Use Surveillance System (GLASS)
**Suggested citation.** Global antibiotic resistance surveillance report 2025: WHO Global Antimicrobial Resistance and Use Surveillance System (GLASS) - Summary. Geneva: World Health Organization; 2025. https://doi. org/10.2471/B09585. Licence: CC BY-NC-SA 3.0 IGO.

## Introduction
Antimicrobial resistance (AMR) is compromising the effectiveness of life-saving treatments, posing a serious, growing threat to global health and undermining the foundations of modern medicine. In response, World Health Organization (WHO) established the Global Antimicrobial Resistance and Use Surveillance System (GLASS) to strengthen evidence on AMR through standardized data collection, analysis, sharing and reporting.

...

## Priorities for action
The 2025 GLASS report presents a comprehensive, data-based assessment of the global AMR landscape. Messages and priorities for action in the control of AMR are summarized below.

...

### Pathogen characteristic AMR and trends
6. Global Antimicrobial Resistance and Use Surveillance System (‎GLASS)‎ report: antibiotic use data for 2022. Geneva: World Health Organization; 2025 (https://iris.who. int/handle/10665/381094). License: CC BY- NC-SA 3.0 IGO.",2025-10-07,2226.83,results/parallel/q08_run1.json
parallel,q08,2,1,Global Antimicrobial Resistance and Use Surveillance System (GLASS),https://www.who.int/initiatives/glass,www.who.int,"# Global Antimicrobial Resistance and Use Surveillance System (GLASS)
## IN FOCUS...
**GLASS-EAR** , the emerging AMR reporting (EAR) module, supports the timely detection, reporting, risk assessment and monitoring of emerging resistance. **GLASS-FUNGI** focuses on the surveillance of invasive fungal bloodstream infections caused by _Candida_ spp.
_Click on the figure above to learn more about the GLASS technical modules_
GLASS Reports
Global antibiotic resistance surveillance report 2025: summary
13 October 2025
This Global Antimicrobial Resistance and Use Surveillance System (GLASS) report describes global progress in GLASS-AMU surveillance and antibiotic use...
[Download](https://iris.who.int/server/api/core/bitstreams/eede4321-72b5-4185-b422-c2ce07f185df/content)

...

GLASS and WHO Collaborating Centres will provide technical support to countries for the development and operation of national reference laboratories, such as external quality assurance, quality management, continuous training for the performance of AMR testing, as well as for the reporting and interpretation of AMR results. Several tools are listed below to support laboratory functions.

...

EARS-Net is based on routine clinical antimicrobial susceptibility data from local and clinical laboratories reported to ECDC by appointed representatives from WHO Member States.

# Global Antimicrobial Resistance and Use Surveillance System (GLASS)
## IN FOCUS...
In 1996, the Pan American Health Organization (PAHO)/WHO launched ReLAVRA, the Latin American Network for AMR Surveillance, which aims at reporting the magnitude and trends of AMR in the region using routine data from microbiology laboratories.",2017-01-01,3475.35,results/parallel/q08_run2.json
parallel,q08,2,2,Global antibiotic resistance surveillance report 2025,https://www.who.int/publications/i/item/9789240116337,www.who.int,"# Global antibiotic resistance surveillance report 2025
13 October 2025
| Global report
Global antibiotic resistance surveillance report 2025
[Download (17.3 MB)](https://iris.who.int/server/api/core/bitstreams/8831cd08-44cc-4741-9e30-5b1293150bda/content)

## Overview
Antimicrobial resistance (AMR) is a growing threat to global health, undermining the effectiveness of life-saving treatments and placing populations at heightened risk, whether from common infections or routine medical interventions.
The WHO Global Antimicrobial Resistance and Use Surveillance System (GLASS) supports countries in building national surveillance systems and generating standardized data to guide public health action.",2025-10-13,3475.35,results/parallel/q08_run2.json
parallel,q08,2,3,Global antibiotic resistance surveillance report 2025: summary,https://www.who.int/publications/i/item/B09585,www.who.int,"# Global antibiotic resistance surveillance report 2025: summary
13 October 2025
| Executive summary
Global antibiotic resistance surveillance report 2025: summary
[Download (1.2 MB)](https://iris.who.int/server/api/core/bitstreams/139d068a-1086-43f7-a47d-575d0118d034/content)

## Overview
Antimicrobial resistance (AMR) is a growing threat to global health, undermining the effectiveness of life-saving treatments and placing populations at heightened risk, whether from common infections or routine medical interventions.
The WHO Global Antimicrobial Resistance and Use Surveillance System (GLASS) supports countries in building national surveillance systems and generating standardized data to guide public health action.",2025-10-13,3475.35,results/parallel/q08_run2.json
parallel,q08,2,4,"
	Antimicrobial resistance
",http://who.int/news-room/fact-sheets/detail/antimicrobial-resistance,who.int,"# Antimicrobial resistance
## What is the present situation?
### Drug resistance in bacteria
[One in six laboratory-confirmed bacterial infections](https://www.who.int/publications/i/item/9789240116337) causing common infections in people worldwide in 2023 were resistant to antibiotic treatments. Between 2018 and 2023, antibiotic resistance rose in over 40% of the pathogen-antibiotic combinations monitored with an average annual increase of 5–15%.
WHO estimates that antibiotic resistance is highest in the WHO South-East Asia and Eastern Mediterranean Regions, where 1 in 3 reported infections were resistant. Resistance is also more common and worsening in places where health systems lack capacity to diagnose or treat bacterial pathogens.

...

The estimated proportion of people with a first episode of TB who had drug-resistant TB was [3.2% in 2024](https://www.who.int/teams/global-programme-on-tuberculosis-and-lung-health/tb-reports/global-tuberculosis-report-2025) , while the proportion among those with a previous history of TB treatment was much higher, at 16%.

...

## WHO response
2. GLG report: Towards specific commitments and action in the response to antimicrobial resistance (2024). https://www.amrleaders.org/resources/m/item/glg-report
Related
News
[New WHO report outlines critical steps to confront fungal disease and antifungal resistance 30 June 2026](https://www.who.int/news/item/30-06-2026-new-who-report-outlines-critical-steps-to-confront-fungal-disease-and-antifungal-resistance)
[The World Health Assembly adopts updated Global Action Plan on Antimicrobial Resistance (2026–2036) 25 May 2026](https://www.who.int/news/item/25-05-2026-the-world-health-assembly-adopts-updated-global-action-plan-on-antimicrobial-resistance-(2026-2036))",2026-07-16,3475.35,results/parallel/q08_run2.json
parallel,q08,2,5,"
	Global Antimicrobial Resistance and Use Surveillance System (GLASS) report
",https://www.who.int/publications/b/78945,www.who.int,"WHO developed global standards and methods for establishing national surveillance systems to monitor antimicrobial use (AMU) in humans and integrated these into the Global Antimicrobial Resistance and Use System (GLASS) in 2020. Since then, countries have been invited to enroll and, when ready, report annual AMU data. National and global surveillance data on AMU are crucial for guiding",,3475.35,results/parallel/q08_run2.json
parallel,q08,2,6,New WHO Report Sounds Alarm on Antimicrobial Resistance,https://www.ajmc.com/view/new-who-reports-sounds-alarm-on-antimicrobial-resistance,www.ajmc.com,"# New WHO Report Sounds Alarm on Antimicrobial Resistance
*By Maggie L. Shaw*
*Published: October 13, 2025*
> WHO's latest report shows alarming trends in antimicrobial resistance, highlighting urgent global challenges and the need to improve surveillance and treatment.

...

## Key Takeaways
The new report covers 93 infection type–pathogen–antibiotic combinations on regional and global bases, national prevalence estimates, regional and global resistance trends; and both progress against and challenges to worldwide surveillance efforts.

...

These types of bacteria are considered more dangerous because of their additional outer protective membrane and their larger concentrations of transport proteins that force drugs out of cells.3 Forty percent of the pathogen–antibiotic combinations monitored between 2018 and 2023 demonstrated increased antimicrobial resistance, while annual rates of this fluctuated between 5% and 15%.",,3475.35,results/parallel/q08_run2.json
parallel,q08,2,7,"
	Global antimicrobial resistance and use surveillance system (GLASS) report: 2022
",https://www.who.int/publications/i/item/9789240062702,www.who.int,"# Global antimicrobial resistance and use surveillance system (‎GLASS)‎ report: 2022
Global Antimicrobial Resistance and Use Surveillance System (GLASS)
9 December 2022
| Global report
Global antimicrobial resistance and use surveillance system (‎GLASS)‎ report: 2022

...

## Overview
The WHO Global Antimicrobial Resistance and Use Surveillance System (GLASS) was launched in 2015 to foster AMR surveillance and inform strategies to contain AMR.

...

The fifth GLASS report, produced in collaboration with Member States, summarizes 2020 data on AMR rates in common bacteria from countries, territories, and areas. The report brings new features, including analyses of population testing coverage or AMR trends. For the first time, the report presents 2020 data on AMC at the national level.

...

In addition to presenting data collected through the latest data call, this report provides a summary of five years of national AMR surveillance data contributed to GLASS from its initiation, presents AMR findings in the context of progress of country participation in GLASS and in global AMR surveillance coverage and laboratory quality assurance systems at (sub)national level.",2022-12-09,3475.35,results/parallel/q08_run2.json
parallel,q08,2,8,Global antibiotic resistance surveillance report 2025: WHO Global Antimicrobial Resistance and Use Surveillance System (GLASS): summary,https://iris.who.int/items/f3fbf314-1b0a-4d34-9d22-c0175309dc75,iris.who.int,"1. Home
  1. Headquarters
3. Technical Documents
4. Global antibiotic resistance surveillance report 2025: WHO Global Antimicrobial Resistance and Use Surveillance System (GLASS): summary

# Global antibiotic resistance surveillance report 2025: WHO Global Antimicrobial Resistance and Use Surveillance System (GLASS): summary
Thumbnail Image ##### Files
B09585-eng.pdf (1.16 MB) ##### Rights
[c b n a](https://creativecommons.org/licenses/by-nc-sa/3.0/igo ""CC BY-NC-SA 3.0 IGO"")

## Other Titles ##### Abstract ##### Citation
World Health Organization (2025). Global antibiotic resistance surveillance report 2025: WHO Global Antimicrobial Resistance and Use Surveillance System (GLASS): summary . World Health Organization. https://doi.org/10.2471/B09585 . License: CC BY-NC-SA 3.0 IGO ##### Journal ##### Relation",,3475.35,results/parallel/q08_run2.json
parallel,q08,2,9,"
	WHO warns of widespread resistance to common antibiotics worldwide
",https://www.who.int/news/item/13-10-2025-who-warns-of-widespread-resistance-to-common-antibiotics-worldwide,www.who.int,"# WHO warns of widespread resistance to common antibiotics worldwide
One in six laboratory-confirmed bacterial infections causing common infections in people worldwide in 2023 were resistant to antibiotic treatments, according to a new World Health Organization (WHO) report launched today. Between 2018 and 2023, antibiotic resistance rose in over 40% of the pathogen-antibiotic combinations monitored, with an average annual increase of 5–15%.
Data reported to the WHO Global Antimicrobial Resistance and Use Surveillance System (GLASS) from over 100 countries cautions that increasing resistance to essential antibiotics poses a growing threat to global health.
The new _[Global antibiotic resistance surveillance report 2025](https://www.who.int/publications/i/item/9789240116337)_ presents, for the first time, resistance prevalence estimates across 22 antibiotics used to treat infections of the urinary and gastrointestinal tracts, the bloodstream and those used to treat gonorrhoea.

...

## Welcome progress in AMR surveillance – but more action needed
Fact sheets
[Antimicrobial resistance 16 July 2026](https://www.who.int/news-room/fact-sheets/detail/antimicrobial-resistance)
[Privacy policy](https://www.who.int/about/policies/privacy)",2025-10-13,3475.35,results/parallel/q08_run2.json
parallel,q08,2,10,Global antibiotic resistance surveillance report 2025,https://iris.who.int/server/api/core/bitstreams/139d068a-1086-43f7-a47d-575d0118d034/content,iris.who.int,"# Summary
## WHO Global Antimicrobial Resistance and Use Surveillance System (GLASS)
**Suggested citation.** Global antibiotic resistance surveillance report 2025: WHO Global Antimicrobial Resistance and Use Surveillance System (GLASS) - Summary. Geneva: World Health Organization; 2025. https://doi. org/10.2471/B09585. Licence: CC BY-NC-SA 3.0 IGO.

## Introduction
Antimicrobial resistance (AMR) is compromising the effectiveness of life-saving treatments, posing a serious, growing threat to global health and undermining the foundations of modern medicine. In response, World Health Organization (WHO) established the Global Antimicrobial Resistance and Use Surveillance System (GLASS) to strengthen evidence on AMR through standardized data collection, analysis, sharing and reporting.

...

## Priorities for action
The 2025 GLASS report presents a comprehensive, data-based assessment of the global AMR landscape. Messages and priorities for action in the control of AMR are summarized below.

...

### Pathogen characteristic AMR and trends
6. Global Antimicrobial Resistance and Use Surveillance System (‎GLASS)‎ report: antibiotic use data for 2022. Geneva: World Health Organization; 2025 (https://iris.who. int/handle/10665/381094). License: CC BY- NC-SA 3.0 IGO.",2025-10-07,3475.35,results/parallel/q08_run2.json
parallel,q08,3,1,Global Antimicrobial Resistance and Use Surveillance System (GLASS),https://www.who.int/initiatives/glass,www.who.int,"# Global Antimicrobial Resistance and Use Surveillance System (GLASS)
## IN FOCUS...
**GLASS-EAR** , the emerging AMR reporting (EAR) module, supports the timely detection, reporting, risk assessment and monitoring of emerging resistance. **GLASS-FUNGI** focuses on the surveillance of invasive fungal bloodstream infections caused by _Candida_ spp.
_Click on the figure above to learn more about the GLASS technical modules_
GLASS Reports
Global antibiotic resistance surveillance report 2025: summary
13 October 2025
This Global Antimicrobial Resistance and Use Surveillance System (GLASS) report describes global progress in GLASS-AMU surveillance and antibiotic use...
[Download](https://iris.who.int/server/api/core/bitstreams/eede4321-72b5-4185-b422-c2ce07f185df/content)

...

GLASS and WHO Collaborating Centres will provide technical support to countries for the development and operation of national reference laboratories, such as external quality assurance, quality management, continuous training for the performance of AMR testing, as well as for the reporting and interpretation of AMR results. Several tools are listed below to support laboratory functions.

...

EARS-Net is based on routine clinical antimicrobial susceptibility data from local and clinical laboratories reported to ECDC by appointed representatives from WHO Member States.

# Global Antimicrobial Resistance and Use Surveillance System (GLASS)
## IN FOCUS...
In 1996, the Pan American Health Organization (PAHO)/WHO launched ReLAVRA, the Latin American Network for AMR Surveillance, which aims at reporting the magnitude and trends of AMR in the region using routine data from microbiology laboratories.",2017-01-01,2386.8,results/parallel/q08_run3.json
parallel,q08,3,2,Global antibiotic resistance surveillance report 2025,https://www.who.int/publications/i/item/9789240116337,www.who.int,"# Global antibiotic resistance surveillance report 2025
13 October 2025
| Global report
Global antibiotic resistance surveillance report 2025
[Download (17.3 MB)](https://iris.who.int/server/api/core/bitstreams/8831cd08-44cc-4741-9e30-5b1293150bda/content)

## Overview
Antimicrobial resistance (AMR) is a growing threat to global health, undermining the effectiveness of life-saving treatments and placing populations at heightened risk, whether from common infections or routine medical interventions.
The WHO Global Antimicrobial Resistance and Use Surveillance System (GLASS) supports countries in building national surveillance systems and generating standardized data to guide public health action.",2025-10-13,2386.8,results/parallel/q08_run3.json
parallel,q08,3,3,Global antibiotic resistance surveillance report 2025: summary,https://www.who.int/publications/i/item/B09585,www.who.int,"# Global antibiotic resistance surveillance report 2025: summary
13 October 2025
| Executive summary
Global antibiotic resistance surveillance report 2025: summary
[Download (1.2 MB)](https://iris.who.int/server/api/core/bitstreams/139d068a-1086-43f7-a47d-575d0118d034/content)

## Overview
Antimicrobial resistance (AMR) is a growing threat to global health, undermining the effectiveness of life-saving treatments and placing populations at heightened risk, whether from common infections or routine medical interventions.
The WHO Global Antimicrobial Resistance and Use Surveillance System (GLASS) supports countries in building national surveillance systems and generating standardized data to guide public health action.",2025-10-13,2386.8,results/parallel/q08_run3.json
parallel,q08,3,4,"
	Global Antimicrobial Resistance and Use Surveillance System (GLASS) report
",https://www.who.int/publications/b/78945,www.who.int,"WHO developed global standards and methods for establishing national surveillance systems to monitor antimicrobial use (AMU) in humans and integrated these into the Global Antimicrobial Resistance and Use System (GLASS) in 2020. Since then, countries have been invited to enroll and, when ready, report annual AMU data. National and global surveillance data on AMU are crucial for guiding",,2386.8,results/parallel/q08_run3.json
parallel,q08,3,5,New WHO Report Sounds Alarm on Antimicrobial Resistance,https://www.ajmc.com/view/new-who-reports-sounds-alarm-on-antimicrobial-resistance,www.ajmc.com,"# New WHO Report Sounds Alarm on Antimicrobial Resistance
*By Maggie L. Shaw*
*Published: October 13, 2025*
> WHO's latest report shows alarming trends in antimicrobial resistance, highlighting urgent global challenges and the need to improve surveillance and treatment.

...

## Key Takeaways
The new report covers 93 infection type–pathogen–antibiotic combinations on regional and global bases, national prevalence estimates, regional and global resistance trends; and both progress against and challenges to worldwide surveillance efforts.

...

These types of bacteria are considered more dangerous because of their additional outer protective membrane and their larger concentrations of transport proteins that force drugs out of cells.3 Forty percent of the pathogen–antibiotic combinations monitored between 2018 and 2023 demonstrated increased antimicrobial resistance, while annual rates of this fluctuated between 5% and 15%.",,2386.8,results/parallel/q08_run3.json
parallel,q08,3,6,"
	Global antimicrobial resistance and use surveillance system (GLASS) report: 2022
",https://www.who.int/publications/i/item/9789240062702,www.who.int,"# Global antimicrobial resistance and use surveillance system (‎GLASS)‎ report: 2022
Global Antimicrobial Resistance and Use Surveillance System (GLASS)
9 December 2022
| Global report
Global antimicrobial resistance and use surveillance system (‎GLASS)‎ report: 2022

...

## Overview
The WHO Global Antimicrobial Resistance and Use Surveillance System (GLASS) was launched in 2015 to foster AMR surveillance and inform strategies to contain AMR.

...

The fifth GLASS report, produced in collaboration with Member States, summarizes 2020 data on AMR rates in common bacteria from countries, territories, and areas. The report brings new features, including analyses of population testing coverage or AMR trends. For the first time, the report presents 2020 data on AMC at the national level.

...

In addition to presenting data collected through the latest data call, this report provides a summary of five years of national AMR surveillance data contributed to GLASS from its initiation, presents AMR findings in the context of progress of country participation in GLASS and in global AMR surveillance coverage and laboratory quality assurance systems at (sub)national level.",2022-12-09,2386.8,results/parallel/q08_run3.json
parallel,q08,3,7,"
	WHO warns of widespread resistance to common antibiotics worldwide
",https://www.who.int/news/item/13-10-2025-who-warns-of-widespread-resistance-to-common-antibiotics-worldwide,www.who.int,"# WHO warns of widespread resistance to common antibiotics worldwide
One in six laboratory-confirmed bacterial infections causing common infections in people worldwide in 2023 were resistant to antibiotic treatments, according to a new World Health Organization (WHO) report launched today. Between 2018 and 2023, antibiotic resistance rose in over 40% of the pathogen-antibiotic combinations monitored, with an average annual increase of 5–15%.
Data reported to the WHO Global Antimicrobial Resistance and Use Surveillance System (GLASS) from over 100 countries cautions that increasing resistance to essential antibiotics poses a growing threat to global health.
The new _[Global antibiotic resistance surveillance report 2025](https://www.who.int/publications/i/item/9789240116337)_ presents, for the first time, resistance prevalence estimates across 22 antibiotics used to treat infections of the urinary and gastrointestinal tracts, the bloodstream and those used to treat gonorrhoea.

...

## Welcome progress in AMR surveillance – but more action needed
Fact sheets
[Antimicrobial resistance 16 July 2026](https://www.who.int/news-room/fact-sheets/detail/antimicrobial-resistance)
[Privacy policy](https://www.who.int/about/policies/privacy)",2025-10-13,2386.8,results/parallel/q08_run3.json
parallel,q08,3,8,Global antibiotic resistance surveillance report 2025,https://iris.who.int/server/api/core/bitstreams/139d068a-1086-43f7-a47d-575d0118d034/content,iris.who.int,"# Summary
## WHO Global Antimicrobial Resistance and Use Surveillance System (GLASS)
**Suggested citation.** Global antibiotic resistance surveillance report 2025: WHO Global Antimicrobial Resistance and Use Surveillance System (GLASS) - Summary. Geneva: World Health Organization; 2025. https://doi. org/10.2471/B09585. Licence: CC BY-NC-SA 3.0 IGO.

## Introduction
Antimicrobial resistance (AMR) is compromising the effectiveness of life-saving treatments, posing a serious, growing threat to global health and undermining the foundations of modern medicine. In response, World Health Organization (WHO) established the Global Antimicrobial Resistance and Use Surveillance System (GLASS) to strengthen evidence on AMR through standardized data collection, analysis, sharing and reporting.

...

## Priorities for action
The 2025 GLASS report presents a comprehensive, data-based assessment of the global AMR landscape. Messages and priorities for action in the control of AMR are summarized below.

...

### Pathogen characteristic AMR and trends
6. Global Antimicrobial Resistance and Use Surveillance System (‎GLASS)‎ report: antibiotic use data for 2022. Geneva: World Health Organization; 2025 (https://iris.who. int/handle/10665/381094). License: CC BY- NC-SA 3.0 IGO.",2025-10-07,2386.8,results/parallel/q08_run3.json
parallel,q08,3,9,Global antibiotic resistance surveillance report 2025: WHO Global Antimicrobial Resistance and Use Surveillance System (GLASS): summary,https://iris.who.int/items/f3fbf314-1b0a-4d34-9d22-c0175309dc75,iris.who.int,"1. Home
  1. Headquarters
3. Technical Documents
4. Global antibiotic resistance surveillance report 2025: WHO Global Antimicrobial Resistance and Use Surveillance System (GLASS): summary

# Global antibiotic resistance surveillance report 2025: WHO Global Antimicrobial Resistance and Use Surveillance System (GLASS): summary
Thumbnail Image ##### Files
B09585-eng.pdf (1.16 MB) ##### Rights
[c b n a](https://creativecommons.org/licenses/by-nc-sa/3.0/igo ""CC BY-NC-SA 3.0 IGO"")

## Other Titles ##### Abstract ##### Citation
World Health Organization (2025). Global antibiotic resistance surveillance report 2025: WHO Global Antimicrobial Resistance and Use Surveillance System (GLASS): summary . World Health Organization. https://doi.org/10.2471/B09585 . License: CC BY-NC-SA 3.0 IGO ##### Journal ##### Relation",2025-10-07,2386.8,results/parallel/q08_run3.json
parallel,q08,3,10,"
	Antimicrobial resistance
",http://who.int/news-room/fact-sheets/detail/antimicrobial-resistance,who.int,"Antimicrobial resistance WHO/Sarah Pabst At the Malbrán Institute in Buenos Aires, Argentina, scientists study bacteria samples from across Latin America to track and control the emergence of antimicrobial resistance (AMR). © Credits Antimicrobial resistance 16 July 2026 Reading time:",,2386.8,results/parallel/q08_run3.json
parallel,q09,1,1,Shingles Vaccine Recommendations,https://www.cdc.gov/shingles/hcp/vaccine-considerations/index.html,www.cdc.gov,"* CDC recommends 2 doses of recombinant zoster vaccine (RZV) to prevent shingles and related complications in adults aged ≥50 years.
* CDC also recommends 2 doses of RZV for adults aged ≥19 years who are or will be immunodeficient or immunosuppressed.

...

# Shingles Vaccine Recommendations
## Introduction
CDC recommends Shingrix (recombinant zoster vaccine or RZV) for the prevention of herpes zoster (shingles) and related complications.
This page summarizes CDC's current shingles vaccine recommendations. Access the official, full text below:

...

## Routine recommendations
### People 50 years old and older
CDC recommends 2 doses of Shingrix separated by 2–6 months for immunocompetent adults aged 50 years and older:

...

Recombinant and adjuvanted vaccines (like Shingrix) can be administered concomitantly at different anatomic sites with other adult vaccines. This includes COVID-19 vaccines. Coadministration of RZV with adjuvanted influenza vaccine (Fluad) and COVID-19 vaccines is being studied.

...

### Immunocompromised adults 19 years and older
CDC recommends 2 doses of RZV to prevent shingles in adults aged ≥19 years who are or will be immunodeficient or immunosuppressed because of disease or therapy. The second dose of RZV should typically be given 2–6 months after the first.",2024-10-22,1965.14,results/parallel/q09_run1.json
parallel,q09,1,2,Shingles Vaccination | Shingles (Herpes Zoster) | CDC,https://www.cdc.gov/shingles/vaccines/index.html,www.cdc.gov,"* Shingles vaccination is the only way to protect yourself against this painful disease.
* Vaccination is over 90% effective at preventing shingles and postherpetic neuralgia in adults 50 years and older with healthy immune systems.
* Adults 19 years and older who have weakened immune systems are at higher risk of complications and should also get vaccinated.

# Shingles Vaccination
## What's available
Recombinant zoster (shingles) vaccine, called Shingrix, can prevent shingles. Shingles vaccine may be given at the same time as other vaccines. If you have questions about Shingrix, talk with your healthcare provider.

## Recommendations
Shingles vaccine is recommended for the following groups:
Adults 50 years and older
**2 doses**
(separated by 2 to 6 months)
Adults 19 years and older with weakened immune systems due to disease or therapy
**2 doses**
(if needed, can get 2nd dose 1 to 2 months after 1st)
Your doctor or pharmacist can give you Shingrix as a shot in your upper arm.

## Who should get vaccinated
Adults 50 years and older should get vaccinated. There is no maximum age for getting Shingrix. You should also get Shingrix even if you have previously:
* Had shingles
* Received Zostavax A
* Received varicella (chickenpox) vaccine

...

* In adults 50 to 69 years old with healthy immune systems—Shingrix was 97% effective in preventing shingles; in adults 70 years and older, Shingrix was 91% effective.
* In adults 50 years and older—Shingrix was 91% effective in preventing PHN; in adults 70 years and older, Shingrix was 89% effective.",2025-08-21,1965.14,results/parallel/q09_run1.json
parallel,q09,1,3,"Shingles Vaccine Recommendations | SHINGRIX (Zoster Vaccine Recombinant, Adjuvanted)",https://shingrixhcp.com/content/dam/brs-pharma-us/shingrix-hcp/en_us/pdf/shingles-vaccine-recommendations.pdf,shingrixhcp.com,"Indication SHINGRIX is a vaccine indicated for prevention of herpes zoster (HZ) (shingles): • in adults aged 50 years and older. • in adults aged 18 years and older who are or will be at increased risk of HZ due to immunodeficiency or immunosuppression caused by known disease or therapy. SHINGRIX is not indicated for prevention of primary varicella infection (chickenpox).

...

# **SHINGLES VACCINE RECOMMENDATIONS**
## THE CENTERS FOR DISEASE CONTROL AND PREVENTION (CDC)
**• CDC recommends 2 doses of SHINGRIX to prevent shingles and related complications in adults aged ≥50 years** **1** *****
**• CDC also recommends 2 doses of SHINGRIX for adults aged ≥19 years who are or will be immunodeficient or immunosuppressed** **1** *****
**SHINGRIX is not indicated for the prevention of herpes zoster-related complications.** **2**

...

## THE AMERICAN DIABETES ASSOCIATION (ADA)
**Healthcare providers should routinely recommend vaccinations for adults with diabetes as indicated by age. This includes zoster vaccination for adults ≥50 years of age.** **3**

...

## THE AMERICAN ASSOCIATION OF CLINICAL ENDOCRINOLOGY (AACE)
**RZV is recommended for adults aged ≥50 years for protection against shingles, according to the CDC/ACIP vaccination schedule** **4**",2026-05-04,1965.14,results/parallel/q09_run1.json
parallel,q09,1,4,Clinical Considerations for Shingrix Use in Immunocompromised Adults Aged ≥19 Years | Shingles (Herpes Zoster) | CDC,https://www.cdc.gov/shingles/hcp/vaccine-considerations/immunocompromised-adults.html,www.cdc.gov,"# Clinical Considerations for Shingrix Use in Immunocompromised Adults Aged ≥19 Years
## At a glance
ACIP recommends 2 doses of recombinant zoster vaccine (RZV, Shingrix) for the prevention of shingles and related complications in adults aged ≥19 years who are or will be immunodeficient or immunosuppressed because of disease or therapy.

## Introduction
Recombinant zoster vaccine (RZV, Shingrix) was licensed in the United States for the prevention of herpes zoster, or shingles, for adults aged ≥50 years by the Food and Drug Administration (FDA) and recommended for immunocompetent adults aged ≥50 years by the ACIP in 2017. 1 This recommendation became official CDC policy in January 2018.
On July 23, 2021, the FDA expanded the indication for RZV to include adults aged ≥18 years who are or will be at increased risk for shingles because of immunodeficiency or immunosuppression caused by known disease or therapy. 2 On October 20, 2021, ACIP recommended 2 doses of RZV in adults aged ≥19 years who are or will be immunodeficient or immunosuppressed.

## Dosing schedule
Two doses of RZV are necessary regardless of previous history of shingles or previous receipt of zoster vaccine live (ZVL, Zostavax). Zoster vaccine live (ZVL, Zostavax) is no longer available for use in the United States, as of November 18, 2020.

## Timing considerations for specific patients
### Keep in mind‎
Currently, patients are recommended to receive a two-dose series of RZV, regardless of age at receipt. Studies on duration of immunity are ongoing and there is no recommendation for booster doses of RZV at this time.",2024-07-15,1965.14,results/parallel/q09_run1.json
parallel,q09,1,5,Recombinant Zoster Vaccine VIS,https://www.cdc.gov/vaccines/hcp/current-vis/shingles.html,www.cdc.gov,"# Recombinant Zoster Vaccine VIS
## Why get vaccinated?
Shingles is caused by varicella-zoster virus, the same virus that causes chickenpox. After you have chickenpox, the virus stays in your body and can cause shingles later in life. Shingles cannot be passed from one person to another, but the virus that causes shingles can spread and cause chickenpox in someone who has never had chickenpox or has never received chickenpox vaccine.

## Recombinant shingles vaccine
Recombinant shingles vaccine provides strong protection against shingles. By preventing shingles, recombinant shingles vaccine also protects against PHN and other complications.
Recombinant shingles vaccine is recommended for:
* **Adults 50 years and older**
* **Adults 19 years and older who have a weakened immune system** because of disease or treatments
Shingles vaccine is given as a two-dose series. For most people, the second dose should be given 2 to 6 months after the first dose. Some people who have or will have a weakened immune system can get the second dose 1 to 2 months after the first dose. Ask your health care provider for guidance.
People who have had shingles in the past and people who have received varicella (chickenpox) vaccine are recommended to get recombinant shingles vaccine. The vaccine is also recommended for people who have already gotten another type of shingles vaccine, the live shingles vaccine. There is no live virus in recombinant shingles vaccine.",2026-06-04,1965.14,results/parallel/q09_run1.json
parallel,q09,1,6,AAFP recommendations for adult immunizations,https://www.aafp.org/assets/image/upload/v1781733891/pdf_adult_immunization_clinical_guidance.pdf,www.aafp.org,"# **Clinical guidance**
Vaccinations for adults 19 years and older are a critical, yet often underutilized, component of preventive care. Primary care clinicians play a central role in improving adult vaccination rates by routinely assessing their patients’ vaccination status, offering vaccines at every appropriate patient encounter and addressing vaccine hesitancy.

...

# **AAFP recommendations for adult immunizations**
**Risk-based:** Adults 19–49 years with certain underlying medical conditions or other risk factors who have not previously received a PCV13, PCV15, PCV20 or PCV21 or whose previous vaccination history is unknown
1 dose PCV15 **or** PCV20 **or** PCV21
- **If PCV15 is used:** 1 dose
  PPSV23 1 year after the PCV15 dose
- **If PCV20 or PCV21 is used:**
  Dose of PPSV23 is not indicated
- Underlying medical conditions or

...

- No specific waiting period is
  required after shingles; generally, vaccinate after rash has resolved. ⁷
- Highly effective in preventing
  shingles and postherpetic neuralgia. 8,9
  Respiratory syncytial virus (RSV)

...

7. Centers for Disease Control and Prevention. Shingles vaccination. August 19, 2025. Accessed April 15, 2026. https://www.cdc.gov/shingles/vaccines/
index.html",2026-04-27,1965.14,results/parallel/q09_run1.json
parallel,q09,1,7,Ask The Experts About Vaccines: Zoster (Shingles),http://www.immunize.org/ask-experts/topic/zoster,www.immunize.org,"# Ask the Experts:
## What zoster vaccine is available in the United States?
It is FDA-approved and recommended by the Advisory Committee on Immunization Practices (ACIP) for all people 50 years and older and for adults age 19 years or older who are or will be immunodeficient or immunosuppressed because of disease or therapy. It has not been evaluated and is not approved for the prevention of primary varicella infection (i.e., chickenpox).

...

## To whom should Shingrix zoster vaccine be given?
Shingrix (recombinant zoster vaccine, RZV) is recommended for the prevention of herpes zoster and related complications for immunocompetent adults 50 years of age and older, including those who previously received the live zoster vaccine, Zostavax.
On October 20, 2021, ACIP recommended 2 doses of RZV for the prevention of herpes zoster and related complications in adults age 19 years or older who are or will be immunodeficient or immunosuppressed because of disease or therapy.

...

## What is the minimum age for administering Shingrix zoster vaccine?
The routinely recommended minimum age for Shingrix among immunocompetent adults is 50 years. However, if a dose is inadvertently administered to an immunocompetent adult 18 through 49 years of age CDC does not recommend repeating the dose. The second Shingrix dose should not be administered until the 50th birthday.

...

## Why do I need to consider evidence of immunity before vaccinating an immunocompromised person with Shingrix zoster vaccine? Won’t Shingrix protect them from chickenpox?
More than 99% of Americans born before 1980 have had chickenpox, even if they don’t remember it, so additional screening is not recommended for immunocompetent people born before 1980 who are due for routine shingles vaccination.",2025-09-03,1965.14,results/parallel/q09_run1.json
parallel,q09,1,8,Recommended Adult Immunization Schedule for ages 19 years or older; 2025 U.S.,https://www.cdc.gov/vaccines/hcp/imz-schedules/downloads/past/2025-adult.pdf,www.cdc.gov,"# **Recommended Adult Immunization Schedule for ages 19 years or older**
**UNITED STATES**

...

# 
y **Unvaccinated:** follow recommendations above for unvaccinated persons ages 19–64 years **and** administer dose 2 of 2024–25 Moderna or Novavax or Pfizer‑BioNTech 6 months later (minimum interval 2 months).

...

# **Notes**
## **WHITE SPACE**
### **LEFT BLANK**
y **Immunocompromising conditions (including persons with HIV regardless of CD4 count)**:** 2‑dose series recombinant zoster vaccine (RZV, Shingrix) 2–6 months apart (minimum interval: 4 weeks; repeat dose if administered too soon). For detailed information, see www.cdc.gov/shingles/hcp/vaccine– considerations/immunocompromised–adults.html

# **Addendum**
**Vaccines Recommendations Effective Date of Recommendation***
No new vaccines or vaccine recommendations to report",2025-02-26,1965.14,results/parallel/q09_run1.json
parallel,q09,1,9,"Shingles (herpes zoster) vaccine | Australian Government ... Australian Government Department of Health, Disability and Ageing https://www.health.gov.au › immunisation › vaccines",https://www.health.gov.au/topics/immunisation/vaccines/shingles-herpes-zoster-immunisation-service?language=en,www.health.gov.au,"# Shingles (herpes zoster) vaccine
Information about the shingles vaccine, who it is recommended for, and how and where to get vaccinated. If you're eligible, you can get the shingles vaccine for free under the National Immunisation Program.

...

## Who should get vaccinated against shingles
Free shingles vaccination under the National Immunisation Program (NIP) is available for eligible people at moderate to high risk of severe illness and complications from shingles.
A 2-dose course of Shingrix ® is available for free for:

...

The Australian Immunisation Handbook recommends shingles vaccination for [specific groups](https://immunisationhandbook.health.gov.au/contents/vaccine-preventable-diseases/zoster-herpes-zoster) including:

...

## How to get vaccinated against shingles
Shingrix ® consists of 2 doses given 2 to 6 months apart in immunocompetent (healthy) people, or 1 to 2 months apart in people who are immunocompromised.",2026-03-16,1965.14,results/parallel/q09_run1.json
parallel,q09,1,10,Vaccination for the prevention of shingles (herpes ... - UpToDate,https://www.uptodate.com/contents/vaccination-for-the-prevention-of-shingles-herpes-zoster-in-adults,www.uptodate.com,"* [SUMMARY AND RECOMMENDATIONS](https://www.uptodate.com/contents/vaccination-for-the-prevention-of-shingles-herpes-zoster-in-adults)
* [INTRODUCTION](https://www.uptodate.com/contents/vaccination-for-the-prevention-of-shingles-herpes-zoster-in-adults)
* [IMPORTANCE OF CELL-MEDIATED IMMUNITY](https://www.uptodate.com/contents/vaccination-for-the-prevention-of-shingles-herpes-zoster-in-adults)

...

- [- Immunocompetent persons ≥50 years of age](https://www.uptodate.com/contents/vaccination-for-the-prevention-of-shingles-herpes-zoster-in-adults)
- [- Immunocompromised adults](https://www.uptodate.com/contents/vaccination-for-the-prevention-of-shingles-herpes-zoster-in-adults)

...

* [INFORMATION FOR PATIENTS](https://www.uptodate.com/contents/vaccination-for-the-prevention-of-shingles-herpes-zoster-in-adults)
* [SUMMARY AND RECOMMENDATIONS](https://www.uptodate.com/contents/vaccination-for-the-prevention-of-shingles-herpes-zoster-in-adults)
* [REFERENCES](https://www.uptodate.com/contents/vaccination-for-the-prevention-of-shingles-herpes-zoster-in-adults)

...

# Outline
## RELATED TOPICS
Approximately 30 to 40 percent of persons over the age of 55 do not have any detectable VZV-specific T-cell responses by some assay methods [ [4](https://www.uptodate.com/contents/vaccination-for-the-prevention-of-shingles-herpes-zoster-in-adults/abstract/4) ].",2026-09-14,1965.14,results/parallel/q09_run1.json
parallel,q09,2,1,Shingles Vaccine Recommendations | Shingles (Herpes Zoster) | CDC,https://www.cdc.gov/shingles/hcp/vaccine-considerations/index.html,www.cdc.gov,"* CDC recommends 2 doses of recombinant zoster vaccine (RZV) to prevent shingles and related complications in adults aged ≥50 years.
* CDC also recommends 2 doses of RZV for adults aged ≥19 years who are or will be immunodeficient or immunosuppressed.

...

# Shingles Vaccine Recommendations
## Introduction
CDC recommends Shingrix (recombinant zoster vaccine or RZV) for the prevention of herpes zoster (shingles) and related complications.
This page summarizes CDC's current shingles vaccine recommendations. Access the official, full text below:

...

## Routine recommendations
### People 50 years old and older
CDC recommends 2 doses of Shingrix separated by 2–6 months for immunocompetent adults aged 50 years and older:

...

Recombinant and adjuvanted vaccines (like Shingrix) can be administered concomitantly at different anatomic sites with other adult vaccines. This includes COVID-19 vaccines. Coadministration of RZV with adjuvanted influenza vaccine (Fluad) and COVID-19 vaccines is being studied.

...

### Immunocompromised adults 19 years and older
CDC recommends 2 doses of RZV to prevent shingles in adults aged ≥19 years who are or will be immunodeficient or immunosuppressed because of disease or therapy. The second dose of RZV should typically be given 2–6 months after the first.",2024-10-22,2481.84,results/parallel/q09_run2.json
parallel,q09,2,2,Shingles Vaccination | Shingles (Herpes Zoster) | CDC,https://www.cdc.gov/shingles/vaccines/index.html,www.cdc.gov,"* Shingles vaccination is the only way to protect yourself against this painful disease.
* Vaccination is over 90% effective at preventing shingles and postherpetic neuralgia in adults 50 years and older with healthy immune systems.
* Adults 19 years and older who have weakened immune systems are at higher risk of complications and should also get vaccinated.

# Shingles Vaccination
## What's available
Recombinant zoster (shingles) vaccine, called Shingrix, can prevent shingles. Shingles vaccine may be given at the same time as other vaccines. If you have questions about Shingrix, talk with your healthcare provider.

## Recommendations
Shingles vaccine is recommended for the following groups:
Adults 50 years and older
**2 doses**
(separated by 2 to 6 months)
Adults 19 years and older with weakened immune systems due to disease or therapy
**2 doses**
(if needed, can get 2nd dose 1 to 2 months after 1st)
Your doctor or pharmacist can give you Shingrix as a shot in your upper arm.

## Who should get vaccinated
Adults 50 years and older should get vaccinated. There is no maximum age for getting Shingrix. You should also get Shingrix even if you have previously:
* Had shingles
* Received Zostavax A
* Received varicella (chickenpox) vaccine

...

* In adults 50 to 69 years old with healthy immune systems—Shingrix was 97% effective in preventing shingles; in adults 70 years and older, Shingrix was 91% effective.
* In adults 50 years and older—Shingrix was 91% effective in preventing PHN; in adults 70 years and older, Shingrix was 89% effective.",2025-08-21,2481.84,results/parallel/q09_run2.json
parallel,q09,2,3,"Shingles Vaccine Recommendations | SHINGRIX (Zoster Vaccine Recombinant, Adjuvanted)",https://shingrixhcp.com/content/dam/brs-pharma-us/shingrix-hcp/en_us/pdf/shingles-vaccine-recommendations.pdf,shingrixhcp.com,"Indication SHINGRIX is a vaccine indicated for prevention of herpes zoster (HZ) (shingles): • in adults aged 50 years and older. • in adults aged 18 years and older who are or will be at increased risk of HZ due to immunodeficiency or immunosuppression caused by known disease or therapy. SHINGRIX is not indicated for prevention of primary varicella infection (chickenpox).

...

# **SHINGLES VACCINE RECOMMENDATIONS**
## THE CENTERS FOR DISEASE CONTROL AND PREVENTION (CDC)
**• CDC recommends 2 doses of SHINGRIX to prevent shingles and related complications in adults aged ≥50 years** **1** *****
**• CDC also recommends 2 doses of SHINGRIX for adults aged ≥19 years who are or will be immunodeficient or immunosuppressed** **1** *****
**SHINGRIX is not indicated for the prevention of herpes zoster-related complications.** **2**

...

## THE AMERICAN DIABETES ASSOCIATION (ADA)
**Healthcare providers should routinely recommend vaccinations for adults with diabetes as indicated by age. This includes zoster vaccination for adults ≥50 years of age.** **3**

...

## THE AMERICAN ASSOCIATION OF CLINICAL ENDOCRINOLOGY (AACE)
**RZV is recommended for adults aged ≥50 years for protection against shingles, according to the CDC/ACIP vaccination schedule** **4**",2026-05-04,2481.84,results/parallel/q09_run2.json
parallel,q09,2,4,Clinical Considerations for Shingrix Use in Immunocompromised Adults Aged ≥19 Years | Shingles (Herpes Zoster) | CDC,https://www.cdc.gov/shingles/hcp/vaccine-considerations/immunocompromised-adults.html,www.cdc.gov,"# Clinical Considerations for Shingrix Use in Immunocompromised Adults Aged ≥19 Years
## At a glance
ACIP recommends 2 doses of recombinant zoster vaccine (RZV, Shingrix) for the prevention of shingles and related complications in adults aged ≥19 years who are or will be immunodeficient or immunosuppressed because of disease or therapy.

## Introduction
Recombinant zoster vaccine (RZV, Shingrix) was licensed in the United States for the prevention of herpes zoster, or shingles, for adults aged ≥50 years by the Food and Drug Administration (FDA) and recommended for immunocompetent adults aged ≥50 years by the ACIP in 2017. 1 This recommendation became official CDC policy in January 2018.
On July 23, 2021, the FDA expanded the indication for RZV to include adults aged ≥18 years who are or will be at increased risk for shingles because of immunodeficiency or immunosuppression caused by known disease or therapy. 2 On October 20, 2021, ACIP recommended 2 doses of RZV in adults aged ≥19 years who are or will be immunodeficient or immunosuppressed.

## Dosing schedule
Two doses of RZV are necessary regardless of previous history of shingles or previous receipt of zoster vaccine live (ZVL, Zostavax). Zoster vaccine live (ZVL, Zostavax) is no longer available for use in the United States, as of November 18, 2020.

## Timing considerations for specific patients
### Keep in mind‎
Currently, patients are recommended to receive a two-dose series of RZV, regardless of age at receipt. Studies on duration of immunity are ongoing and there is no recommendation for booster doses of RZV at this time.",2024-07-15,2481.84,results/parallel/q09_run2.json
parallel,q09,2,5,Recombinant Zoster Vaccine VIS,https://www.cdc.gov/vaccines/hcp/current-vis/shingles.html,www.cdc.gov,"# Recombinant Zoster Vaccine VIS
## Why get vaccinated?
Shingles is caused by varicella-zoster virus, the same virus that causes chickenpox. After you have chickenpox, the virus stays in your body and can cause shingles later in life. Shingles cannot be passed from one person to another, but the virus that causes shingles can spread and cause chickenpox in someone who has never had chickenpox or has never received chickenpox vaccine.

## Recombinant shingles vaccine
Recombinant shingles vaccine provides strong protection against shingles. By preventing shingles, recombinant shingles vaccine also protects against PHN and other complications.
Recombinant shingles vaccine is recommended for:
* **Adults 50 years and older**
* **Adults 19 years and older who have a weakened immune system** because of disease or treatments
Shingles vaccine is given as a two-dose series. For most people, the second dose should be given 2 to 6 months after the first dose. Some people who have or will have a weakened immune system can get the second dose 1 to 2 months after the first dose. Ask your health care provider for guidance.
People who have had shingles in the past and people who have received varicella (chickenpox) vaccine are recommended to get recombinant shingles vaccine. The vaccine is also recommended for people who have already gotten another type of shingles vaccine, the live shingles vaccine. There is no live virus in recombinant shingles vaccine.",2026-06-04,2481.84,results/parallel/q09_run2.json
parallel,q09,2,6,AAFP recommendations for adult immunizations,https://www.aafp.org/assets/image/upload/v1781733891/pdf_adult_immunization_clinical_guidance.pdf,www.aafp.org,"# **Clinical guidance**
Vaccinations for adults 19 years and older are a critical, yet often underutilized, component of preventive care. Primary care clinicians play a central role in improving adult vaccination rates by routinely assessing their patients’ vaccination status, offering vaccines at every appropriate patient encounter and addressing vaccine hesitancy.

...

# **AAFP recommendations for adult immunizations**
**Risk-based:** Adults 19–49 years with certain underlying medical conditions or other risk factors who have not previously received a PCV13, PCV15, PCV20 or PCV21 or whose previous vaccination history is unknown
1 dose PCV15 **or** PCV20 **or** PCV21
- **If PCV15 is used:** 1 dose
  PPSV23 1 year after the PCV15 dose
- **If PCV20 or PCV21 is used:**
  Dose of PPSV23 is not indicated
- Underlying medical conditions or

...

- No specific waiting period is
  required after shingles; generally, vaccinate after rash has resolved. ⁷
- Highly effective in preventing
  shingles and postherpetic neuralgia. 8,9
  Respiratory syncytial virus (RSV)

...

7. Centers for Disease Control and Prevention. Shingles vaccination. August 19, 2025. Accessed April 15, 2026. https://www.cdc.gov/shingles/vaccines/
index.html",2026-04-27,2481.84,results/parallel/q09_run2.json
parallel,q09,2,7,Ask The Experts About Vaccines: Zoster (Shingles),http://www.immunize.org/ask-experts/topic/zoster,www.immunize.org,"# Ask the Experts:
## What zoster vaccine is available in the United States?
It is FDA-approved and recommended by the Advisory Committee on Immunization Practices (ACIP) for all people 50 years and older and for adults age 19 years or older who are or will be immunodeficient or immunosuppressed because of disease or therapy. It has not been evaluated and is not approved for the prevention of primary varicella infection (i.e., chickenpox).

...

## To whom should Shingrix zoster vaccine be given?
Shingrix (recombinant zoster vaccine, RZV) is recommended for the prevention of herpes zoster and related complications for immunocompetent adults 50 years of age and older, including those who previously received the live zoster vaccine, Zostavax.
On October 20, 2021, ACIP recommended 2 doses of RZV for the prevention of herpes zoster and related complications in adults age 19 years or older who are or will be immunodeficient or immunosuppressed because of disease or therapy.

...

## What is the minimum age for administering Shingrix zoster vaccine?
The routinely recommended minimum age for Shingrix among immunocompetent adults is 50 years. However, if a dose is inadvertently administered to an immunocompetent adult 18 through 49 years of age CDC does not recommend repeating the dose. The second Shingrix dose should not be administered until the 50th birthday.

...

## Why do I need to consider evidence of immunity before vaccinating an immunocompromised person with Shingrix zoster vaccine? Won’t Shingrix protect them from chickenpox?
More than 99% of Americans born before 1980 have had chickenpox, even if they don’t remember it, so additional screening is not recommended for immunocompetent people born before 1980 who are due for routine shingles vaccination.",2025-09-03,2481.84,results/parallel/q09_run2.json
parallel,q09,2,8,Vaccination for the prevention of shingles (herpes ... - UpToDate,https://www.uptodate.com/contents/vaccination-for-the-prevention-of-shingles-herpes-zoster-in-adults,www.uptodate.com,"* [SUMMARY AND RECOMMENDATIONS](https://www.uptodate.com/contents/vaccination-for-the-prevention-of-shingles-herpes-zoster-in-adults)
* [INTRODUCTION](https://www.uptodate.com/contents/vaccination-for-the-prevention-of-shingles-herpes-zoster-in-adults)
* [IMPORTANCE OF CELL-MEDIATED IMMUNITY](https://www.uptodate.com/contents/vaccination-for-the-prevention-of-shingles-herpes-zoster-in-adults)

...

- [- Immunocompetent persons ≥50 years of age](https://www.uptodate.com/contents/vaccination-for-the-prevention-of-shingles-herpes-zoster-in-adults)
- [- Immunocompromised adults](https://www.uptodate.com/contents/vaccination-for-the-prevention-of-shingles-herpes-zoster-in-adults)

...

* [INFORMATION FOR PATIENTS](https://www.uptodate.com/contents/vaccination-for-the-prevention-of-shingles-herpes-zoster-in-adults)
* [SUMMARY AND RECOMMENDATIONS](https://www.uptodate.com/contents/vaccination-for-the-prevention-of-shingles-herpes-zoster-in-adults)
* [REFERENCES](https://www.uptodate.com/contents/vaccination-for-the-prevention-of-shingles-herpes-zoster-in-adults)

...

# Outline
## RELATED TOPICS
Approximately 30 to 40 percent of persons over the age of 55 do not have any detectable VZV-specific T-cell responses by some assay methods [ [4](https://www.uptodate.com/contents/vaccination-for-the-prevention-of-shingles-herpes-zoster-in-adults/abstract/4) ].",2026-09-14,2481.84,results/parallel/q09_run2.json
parallel,q09,2,9,Recommended Adult Immunization Schedule for ages 19 years or older; 2025 U.S.,https://www.cdc.gov/vaccines/hcp/imz-schedules/downloads/past/2025-adult.pdf,www.cdc.gov,"# **Recommended Adult Immunization Schedule for ages 19 years or older**
**UNITED STATES**

...

# 
y **Unvaccinated:** follow recommendations above for unvaccinated persons ages 19–64 years **and** administer dose 2 of 2024–25 Moderna or Novavax or Pfizer‑BioNTech 6 months later (minimum interval 2 months).

...

# **Notes**
## **WHITE SPACE**
### **LEFT BLANK**
y **Immunocompromising conditions (including persons with HIV regardless of CD4 count)**:** 2‑dose series recombinant zoster vaccine (RZV, Shingrix) 2–6 months apart (minimum interval: 4 weeks; repeat dose if administered too soon). For detailed information, see www.cdc.gov/shingles/hcp/vaccine– considerations/immunocompromised–adults.html

# **Addendum**
**Vaccines Recommendations Effective Date of Recommendation***
No new vaccines or vaccine recommendations to report",2025-02-26,2481.84,results/parallel/q09_run2.json
parallel,q09,2,10,"Shingles (herpes zoster) vaccine | Australian Government ... Australian Government Department of Health, Disability and Ageing https://www.health.gov.au › immunisation › vaccines",https://www.health.gov.au/topics/immunisation/vaccines/shingles-herpes-zoster-immunisation-service?language=en,www.health.gov.au,"# Shingles (herpes zoster) vaccine
Information about the shingles vaccine, who it is recommended for, and how and where to get vaccinated. If you're eligible, you can get the shingles vaccine for free under the National Immunisation Program.

...

## Who should get vaccinated against shingles
Free shingles vaccination under the National Immunisation Program (NIP) is available for eligible people at moderate to high risk of severe illness and complications from shingles.
A 2-dose course of Shingrix ® is available for free for:

...

The Australian Immunisation Handbook recommends shingles vaccination for [specific groups](https://immunisationhandbook.health.gov.au/contents/vaccine-preventable-diseases/zoster-herpes-zoster) including:

...

## How to get vaccinated against shingles
Shingrix ® consists of 2 doses given 2 to 6 months apart in immunocompetent (healthy) people, or 1 to 2 months apart in people who are immunocompromised.",2026-03-16,2481.84,results/parallel/q09_run2.json
parallel,q09,3,1,Shingles Vaccine Recommendations,https://www.cdc.gov/shingles/hcp/vaccine-considerations/index.html,www.cdc.gov,"* CDC recommends 2 doses of recombinant zoster vaccine (RZV) to prevent shingles and related complications in adults aged ≥50 years.
* CDC also recommends 2 doses of RZV for adults aged ≥19 years who are or will be immunodeficient or immunosuppressed.

...

# Shingles Vaccine Recommendations
## Introduction
CDC recommends Shingrix (recombinant zoster vaccine or RZV) for the prevention of herpes zoster (shingles) and related complications.
This page summarizes CDC's current shingles vaccine recommendations. Access the official, full text below:

...

## Routine recommendations
### People 50 years old and older
CDC recommends 2 doses of Shingrix separated by 2–6 months for immunocompetent adults aged 50 years and older:

...

Recombinant and adjuvanted vaccines (like Shingrix) can be administered concomitantly at different anatomic sites with other adult vaccines. This includes COVID-19 vaccines. Coadministration of RZV with adjuvanted influenza vaccine (Fluad) and COVID-19 vaccines is being studied.

...

### Immunocompromised adults 19 years and older
CDC recommends 2 doses of RZV to prevent shingles in adults aged ≥19 years who are or will be immunodeficient or immunosuppressed because of disease or therapy. The second dose of RZV should typically be given 2–6 months after the first.",2024-10-22,4039.56,results/parallel/q09_run3.json
parallel,q09,3,2,Shingles Vaccination | Shingles (Herpes Zoster) | CDC,https://www.cdc.gov/shingles/vaccines/index.html,www.cdc.gov,"* Shingles vaccination is the only way to protect yourself against this painful disease.
* Vaccination is over 90% effective at preventing shingles and postherpetic neuralgia in adults 50 years and older with healthy immune systems.
* Adults 19 years and older who have weakened immune systems are at higher risk of complications and should also get vaccinated.

# Shingles Vaccination
## What's available
Recombinant zoster (shingles) vaccine, called Shingrix, can prevent shingles. Shingles vaccine may be given at the same time as other vaccines. If you have questions about Shingrix, talk with your healthcare provider.

## Recommendations
Shingles vaccine is recommended for the following groups:
Adults 50 years and older
**2 doses**
(separated by 2 to 6 months)
Adults 19 years and older with weakened immune systems due to disease or therapy
**2 doses**
(if needed, can get 2nd dose 1 to 2 months after 1st)
Your doctor or pharmacist can give you Shingrix as a shot in your upper arm.

## Who should get vaccinated
Adults 50 years and older should get vaccinated. There is no maximum age for getting Shingrix. You should also get Shingrix even if you have previously:
* Had shingles
* Received Zostavax A
* Received varicella (chickenpox) vaccine

...

* In adults 50 to 69 years old with healthy immune systems—Shingrix was 97% effective in preventing shingles; in adults 70 years and older, Shingrix was 91% effective.
* In adults 50 years and older—Shingrix was 91% effective in preventing PHN; in adults 70 years and older, Shingrix was 89% effective.",2025-08-21,4039.56,results/parallel/q09_run3.json
parallel,q09,3,3,"Shingles Vaccine Recommendations | SHINGRIX (Zoster Vaccine Recombinant, Adjuvanted)",https://shingrixhcp.com/content/dam/brs-pharma-us/shingrix-hcp/en_us/pdf/shingles-vaccine-recommendations.pdf,shingrixhcp.com,"Indication SHINGRIX is a vaccine indicated for prevention of herpes zoster (HZ) (shingles): • in adults aged 50 years and older. • in adults aged 18 years and older who are or will be at increased risk of HZ due to immunodeficiency or immunosuppression caused by known disease or therapy. SHINGRIX is not indicated for prevention of primary varicella infection (chickenpox).

...

# **SHINGLES VACCINE RECOMMENDATIONS**
## THE CENTERS FOR DISEASE CONTROL AND PREVENTION (CDC)
**• CDC recommends 2 doses of SHINGRIX to prevent shingles and related complications in adults aged ≥50 years** **1** *****
**• CDC also recommends 2 doses of SHINGRIX for adults aged ≥19 years who are or will be immunodeficient or immunosuppressed** **1** *****
**SHINGRIX is not indicated for the prevention of herpes zoster-related complications.** **2**

...

## THE AMERICAN DIABETES ASSOCIATION (ADA)
**Healthcare providers should routinely recommend vaccinations for adults with diabetes as indicated by age. This includes zoster vaccination for adults ≥50 years of age.** **3**

...

## THE AMERICAN ASSOCIATION OF CLINICAL ENDOCRINOLOGY (AACE)
**RZV is recommended for adults aged ≥50 years for protection against shingles, according to the CDC/ACIP vaccination schedule** **4**",2026-05-04,4039.56,results/parallel/q09_run3.json
parallel,q09,3,4,Clinical Considerations for Shingrix Use in Immunocompromised Adults Aged ≥19 Years | Shingles (Herpes Zoster) | CDC,https://www.cdc.gov/shingles/hcp/vaccine-considerations/immunocompromised-adults.html,www.cdc.gov,"# Clinical Considerations for Shingrix Use in Immunocompromised Adults Aged ≥19 Years
## At a glance
ACIP recommends 2 doses of recombinant zoster vaccine (RZV, Shingrix) for the prevention of shingles and related complications in adults aged ≥19 years who are or will be immunodeficient or immunosuppressed because of disease or therapy.

## Introduction
Recombinant zoster vaccine (RZV, Shingrix) was licensed in the United States for the prevention of herpes zoster, or shingles, for adults aged ≥50 years by the Food and Drug Administration (FDA) and recommended for immunocompetent adults aged ≥50 years by the ACIP in 2017. 1 This recommendation became official CDC policy in January 2018.
On July 23, 2021, the FDA expanded the indication for RZV to include adults aged ≥18 years who are or will be at increased risk for shingles because of immunodeficiency or immunosuppression caused by known disease or therapy. 2 On October 20, 2021, ACIP recommended 2 doses of RZV in adults aged ≥19 years who are or will be immunodeficient or immunosuppressed.

## Dosing schedule
Two doses of RZV are necessary regardless of previous history of shingles or previous receipt of zoster vaccine live (ZVL, Zostavax). Zoster vaccine live (ZVL, Zostavax) is no longer available for use in the United States, as of November 18, 2020.

## Timing considerations for specific patients
### Keep in mind‎
Currently, patients are recommended to receive a two-dose series of RZV, regardless of age at receipt. Studies on duration of immunity are ongoing and there is no recommendation for booster doses of RZV at this time.",2024-07-15,4039.56,results/parallel/q09_run3.json
parallel,q09,3,5,Recombinant Zoster Vaccine VIS,https://www.cdc.gov/vaccines/hcp/current-vis/shingles.html,www.cdc.gov,"# Recombinant Zoster Vaccine VIS
## Why get vaccinated?
Shingles is caused by varicella-zoster virus, the same virus that causes chickenpox. After you have chickenpox, the virus stays in your body and can cause shingles later in life. Shingles cannot be passed from one person to another, but the virus that causes shingles can spread and cause chickenpox in someone who has never had chickenpox or has never received chickenpox vaccine.

## Recombinant shingles vaccine
Recombinant shingles vaccine provides strong protection against shingles. By preventing shingles, recombinant shingles vaccine also protects against PHN and other complications.
Recombinant shingles vaccine is recommended for:
* **Adults 50 years and older**
* **Adults 19 years and older who have a weakened immune system** because of disease or treatments
Shingles vaccine is given as a two-dose series. For most people, the second dose should be given 2 to 6 months after the first dose. Some people who have or will have a weakened immune system can get the second dose 1 to 2 months after the first dose. Ask your health care provider for guidance.
People who have had shingles in the past and people who have received varicella (chickenpox) vaccine are recommended to get recombinant shingles vaccine. The vaccine is also recommended for people who have already gotten another type of shingles vaccine, the live shingles vaccine. There is no live virus in recombinant shingles vaccine.",2026-06-04,4039.56,results/parallel/q09_run3.json
parallel,q09,3,6,AAFP recommendations for adult immunizations,https://www.aafp.org/assets/image/upload/v1781733891/pdf_adult_immunization_clinical_guidance.pdf,www.aafp.org,"# **Clinical guidance**
Vaccinations for adults 19 years and older are a critical, yet often underutilized, component of preventive care. Primary care clinicians play a central role in improving adult vaccination rates by routinely assessing their patients’ vaccination status, offering vaccines at every appropriate patient encounter and addressing vaccine hesitancy.

...

# **AAFP recommendations for adult immunizations**
**Risk-based:** Adults 19–49 years with certain underlying medical conditions or other risk factors who have not previously received a PCV13, PCV15, PCV20 or PCV21 or whose previous vaccination history is unknown
1 dose PCV15 **or** PCV20 **or** PCV21
- **If PCV15 is used:** 1 dose
  PPSV23 1 year after the PCV15 dose
- **If PCV20 or PCV21 is used:**
  Dose of PPSV23 is not indicated
- Underlying medical conditions or

...

- No specific waiting period is
  required after shingles; generally, vaccinate after rash has resolved. ⁷
- Highly effective in preventing
  shingles and postherpetic neuralgia. 8,9
  Respiratory syncytial virus (RSV)

...

7. Centers for Disease Control and Prevention. Shingles vaccination. August 19, 2025. Accessed April 15, 2026. https://www.cdc.gov/shingles/vaccines/
index.html",2026-04-27,4039.56,results/parallel/q09_run3.json
parallel,q09,3,7,Ask The Experts About Vaccines: Zoster (Shingles),http://www.immunize.org/ask-experts/topic/zoster,www.immunize.org,"# Ask the Experts:
## What zoster vaccine is available in the United States?
It is FDA-approved and recommended by the Advisory Committee on Immunization Practices (ACIP) for all people 50 years and older and for adults age 19 years or older who are or will be immunodeficient or immunosuppressed because of disease or therapy. It has not been evaluated and is not approved for the prevention of primary varicella infection (i.e., chickenpox).

...

## To whom should Shingrix zoster vaccine be given?
Shingrix (recombinant zoster vaccine, RZV) is recommended for the prevention of herpes zoster and related complications for immunocompetent adults 50 years of age and older, including those who previously received the live zoster vaccine, Zostavax.
On October 20, 2021, ACIP recommended 2 doses of RZV for the prevention of herpes zoster and related complications in adults age 19 years or older who are or will be immunodeficient or immunosuppressed because of disease or therapy.

...

## Why do I need to consider evidence of immunity before vaccinating an immunocompromised person with Shingrix zoster vaccine? Won’t Shingrix protect them from chickenpox?
More than 99% of Americans born before 1980 have had chickenpox, even if they don’t remember it, so additional screening is not recommended for immunocompetent people born before 1980 who are due for routine shingles vaccination.",2025-09-03,4039.56,results/parallel/q09_run3.json
parallel,q09,3,8,Recommended Adult Immunization Schedule for ages 19 years or older; 2025 U.S.,https://www.cdc.gov/vaccines/hcp/imz-schedules/downloads/past/2025-adult.pdf,www.cdc.gov,"# **Recommended Adult Immunization Schedule for ages 19 years or older**
**UNITED STATES**

...

# 
y **Unvaccinated:** follow recommendations above for unvaccinated persons ages 19–64 years **and** administer dose 2 of 2024–25 Moderna or Novavax or Pfizer‑BioNTech 6 months later (minimum interval 2 months).

...

# **Notes**
## **WHITE SPACE**
### **LEFT BLANK**
y **Immunocompromising conditions (including persons with HIV regardless of CD4 count)**:** 2‑dose series recombinant zoster vaccine (RZV, Shingrix) 2–6 months apart (minimum interval: 4 weeks; repeat dose if administered too soon). For detailed information, see www.cdc.gov/shingles/hcp/vaccine– considerations/immunocompromised–adults.html

# **Addendum**
**Vaccines Recommendations Effective Date of Recommendation***
No new vaccines or vaccine recommendations to report",2025-02-26,4039.56,results/parallel/q09_run3.json
parallel,q09,3,9,Vaccination for the prevention of shingles (herpes ... - UpToDate,https://www.uptodate.com/contents/vaccination-for-the-prevention-of-shingles-herpes-zoster-in-adults,www.uptodate.com,"* [SUMMARY AND RECOMMENDATIONS](https://www.uptodate.com/contents/vaccination-for-the-prevention-of-shingles-herpes-zoster-in-adults)
* [INTRODUCTION](https://www.uptodate.com/contents/vaccination-for-the-prevention-of-shingles-herpes-zoster-in-adults)
* [IMPORTANCE OF CELL-MEDIATED IMMUNITY](https://www.uptodate.com/contents/vaccination-for-the-prevention-of-shingles-herpes-zoster-in-adults)

...

- [- Immunocompetent persons ≥50 years of age](https://www.uptodate.com/contents/vaccination-for-the-prevention-of-shingles-herpes-zoster-in-adults)
- [- Immunocompromised adults](https://www.uptodate.com/contents/vaccination-for-the-prevention-of-shingles-herpes-zoster-in-adults)

...

* [INFORMATION FOR PATIENTS](https://www.uptodate.com/contents/vaccination-for-the-prevention-of-shingles-herpes-zoster-in-adults)
* [SUMMARY AND RECOMMENDATIONS](https://www.uptodate.com/contents/vaccination-for-the-prevention-of-shingles-herpes-zoster-in-adults)
* [REFERENCES](https://www.uptodate.com/contents/vaccination-for-the-prevention-of-shingles-herpes-zoster-in-adults)

...

# Outline
## RELATED TOPICS
Approximately 30 to 40 percent of persons over the age of 55 do not have any detectable VZV-specific T-cell responses by some assay methods [ [4](https://www.uptodate.com/contents/vaccination-for-the-prevention-of-shingles-herpes-zoster-in-adults/abstract/4) ].",2026-09-14,4039.56,results/parallel/q09_run3.json
parallel,q09,3,10,Use of Recombinant Zoster Vaccine in Immunocompromised Adults ...,https://stacks.cdc.gov/view/cdc/114308,stacks.cdc.gov,"# Use of Recombinant Zoster Vaccine in Immunocompromised Adults Aged ≥19 Years: Recommendations of the Advisory Committee on Immunization Practices — U.S. 2022
## Details
Zoster Vaccine Recombinant, Adjuvanted (Shingrix, GlaxoSmithKline GSK) is a 2-dose (0.5 mL each) subunit vaccine containing recombinant glycoprotein E in combination with adjuvant (AS01|) that was licensed in the U.S.
for Prevention of herpes zoster for adults aged ≥50 years by the Food and Drug Administration (FDA) and recommended for immunocompetent adults aged ≥50 years by the Advisory Committee on Immunization Practices (ACIP) in 2017* (1).

# Use of Recombinant Zoster Vaccine in Immunocompromised Adults Aged ≥19 Years: Recommendations of the Advisory Committee on Immunization Practices — U.S. 2022
## Details
On July 23, 2021, the FDA expanded the indication for recombinant zoster vaccine (RZV) to include adults aged ≥18 years who are or will be at increased risk for herpes zoster because of immunodeficiency or immunosuppression caused by known disease or therapy (2).
On October 20, 2021, ACIP recommended 2 doses of RZV for the Prevention of herpes zoster and related Complications in adults aged ≥19 years| who are or will be immunodeficient or immunosuppressed because of disease or therapy. RZV is the first herpes zoster vaccine approved for use in immunocompromised persons.",2022-01-21,4039.56,results/parallel/q09_run3.json
parallel,q10,1,1,2025 High Blood Pressure Guidelines - AHA/ASA Journals,https://www.ahajournals.org/guidelines/high-blood-pressure,www.ahajournals.org,"# 2025 High Blood Pressure Guideline Journal Hub
The 2025 AHA/ACC High Blood Pressure Guideline reflects the latest recommendations and advancements in hypertension research and clinical practice. This curated collection of commentaries and educational resources is designed to support the guideline’s implementation and deepen understanding of its recommendations.

...

Risk-Based Blood Pressure Management: Reflections on 2025 AHA Scientific Statement Use of Risk Assessment to Guide Decision-Making for Blood Pressure Management in the Primary Prevention of Cardiovascular Disease

## 2025 High Blood Pressure Guideline Resources
stat-update [PREVENT™ Risk Calculator](https://professional.heart.org/en/guidelines-and-statements/prevent-risk-calculator)",2025-08-14,1841.67,results/parallel/q10_run1.json
parallel,q10,1,2,AAFP Hypertension Guidelines For Adult Care | AAFP,https://www.aafp.org/clinical-insights/cardiometabolic-health/hypertension,www.aafp.org,"* For primary prevention, LDL-lowering therapy may be considered at a 10-year PREVENT-ASCVD risk of 3% to <5% and should be considered at 5% to <10% after clinician–patient discussion.

...

# Hypertension and cardiovascular disease: clinical guidance and resources
## Guidelines and recommendations
### Hypertension in adults over 60
#### Key recommendations
The AAFP continues its endorsement of the JNC8 guideline for the management of high blood pressure in adults. These recommendations are consistent with JNC8 and should be used to augment its guidance.

...

Section: Hypertension and cardiovascular disease: clinical guidance and resources > Guidelines and recommendations > High blood pressure – AHA/ACC > (Affirmation of Value ***** , October 2025)
* Clinicians should work with community leaders, health systems, and practices to screen all adults and implement guideline-based prevention and management to improve blood pressure control.
* Multidisciplinary team-based care can address medication access and structural barriers to support individual needs and improve hypertension control.
Section: Hypertension and cardiovascular disease: clinical guidance and resources > Guidelines and recommendations > High blood pressure – AHA/ACC > (Affirmation of Value ***** , October 2025)
* Implementation and feasibility concerns regarding the standardized BP measurement protocols and intensive treatment targets used to support key recommendations, which may be difficult to reproduce consistently in routine primary care settings.",,1841.67,results/parallel/q10_run1.json
parallel,q10,1,3,Diagnosis and Management of Hypertension (HTN) in Primary ...,https://www.healthquality.va.gov/guidelines/CD/htn,www.healthquality.va.gov,"Diagnosis and Management of Hypertension (HTN) in Primary ...
The guideline describes the critical decision points in the Diagnosis and Management of Hypertension in Primary Care and provides clear and comprehensive evidence based recommendations incorporating current information and practices for practitioners throughout the DOD and VA Health Care systems.",,1841.67,results/parallel/q10_run1.json
parallel,q10,1,4,2025 ACC/AHA High Blood Pressure Guideline Hub – Resources & Tools | JACC,https://www.jacc.org/guidelines/high-blood-pressure,www.jacc.org,"# 2025 High Blood Pressure Guidelines Resources
## [2025 AHA/ACC Multisociety Guideline for the Prevention, Detection, Evaluation, and Management of High Blood Pressure in Adults](https://www.jacc.org/doi/10.1016/j.jacc.2025.05.007)
August 14, 2025

## 2025 HBP Guideline Overview
The [2025 HBP Guideline](https://www.jacc.org/doi/10.1016/j.jacc.2025.05.007) focuses on preventative care for patients with high blood pressure with the use of risk-based approaches to guide recommendations for initiation of anti-hypertensive therapy at varying BP thresholds.

...

## Related Clinical Policy Resources
[Use of Risk Assessment to Guide Decision-Making for Blood Pressure Management in the Primary Prevention of Cardiovascular Disease](https://www.jacc.org/doi/10.1016/j.jacc.2025.08.001)
[2019 Primary Prevention Guideline](https://www.jacc.org/doi/10.1016/j.jacc.2019.03.010)
[2018 Cholesterol Guideline](https://www.jacc.org/doi/10.1016/j.jacc.2018.11.003)",,1841.67,results/parallel/q10_run1.json
parallel,q10,1,5,Hypertension in adults: Initial management - UpToDate,https://www.uptodate.com/contents/hypertension-in-adults-initial-management,www.uptodate.com,"+ [SBP >180 mmHg and/or DBP >120 mmHg (severe hypertension)](https://www.uptodate.com/contents/hypertension-in-adults-initial-management)

# Outline
+ [SBP 140 to 180 mmHg and/or DBP 90 to 120 mmHg (stage 2 hypertension)](https://www.uptodate.com/contents/hypertension-in-adults-initial-management)
- [- Combination therapy for most patients](https://www.uptodate.com/contents/hypertension-in-adults-initial-management)

...

+ [SBP 130 to 139 mmHg and/or DBP 80 to 89 mmHg (stage 1 hypertension)](https://www.uptodate.com/contents/hypertension-in-adults-initial-management)
- [- Patients at increased cardiovascular risk](https://www.uptodate.com/contents/hypertension-in-adults-initial-management)

...

## RELATED TOPICS
Frail adults — Older adults (age greater than 75 years), particularly those with frailty, warrant a more gradual approach to blood pressure reduction with careful attention to medication interactions and adverse effects. In frail patients, we suggest initial monotherapy at low doses, with frequent follow-up for monitoring and medication titration. This is discussed elsewhere in more detail.
This approach is consistent with published society guidelines [ [4,5](https://www.uptodate.com/contents/hypertension-in-adults-initial-management/abstract/4,5) ]. Patients with severely elevated blood pressure should be re-evaluated sooner, typically within several days to a week.
● **Team-based hypertension care** – Team-based care (including clinicians, nurses, pharmacists, and health educators) has been shown to improve blood pressure and control rates among patients with hypertension.
● **Systolic blood pressure (SBP) >180 mmHg and/or diastolic blood pressure (DBP) >120 mmHg** – Patients with severe hypertension or hypertensive crisis require urgent assessment to exclude acute target-organ damage (eg, hypertensive emergency) and determine the need for observation or inpatient care.",2026-09-03,1841.67,results/parallel/q10_run1.json
parallel,q10,1,6,2025 AHA/ACC/AANP/AAPA/ABC/ACCP/ACPM/AGS/AMA/ ...,https://www.ahajournals.org/doi/10.1161/HYP.0000000000000249,www.ahajournals.org,"# 2025 AHA/ACC/AANP/AAPA/ABC/ACCP/ACPM/AGS/AMA/ASPC/NMA/PCNA/SGIM Guideline for the Prevention, Detection, Evaluation and Management of High Blood Pressure in Adults: A Report of the American College of Cardiology/American Heart Association Joint Committee on Clinical Practice Guidelines
## What Is New
| New or Revised | Section Title | 2017 Recommendation | 2025 Recommendation |
| New terminology | N/A | Hypertensive urgency | Severe hypertension |
| New recommendation | 3.2.3.
Secondary Forms of Hypertension | N/A | COR 1: In adults with resistant hypertension, screening for primary aldosteronism is recommended regardless of whether hypokalemia is present to increase rates of detection, diagnosis, and specific targeted therapy. |
| Revised recommendation | 5.3.9.1. Acute Intracerebral Hemorrhage | COR 2a: In adults with ICH who present with SBP >220 mm Hg, it is reasonable to use continuous intravenous drug infusion and close BP monitoring to lower SBP.

...

# 2025 AHA/ACC/AANP/AAPA/ABC/ACCP/ACPM/AGS/AMA/ASPC/NMA/PCNA/SGIM Guideline for the Prevention, Detection, Evaluation and Management of High Blood Pressure in Adults: A Report of the American College of Cardiology/American Heart Association Joint Committee on Clinical Practice Guidelines
## 5. BP Management
### 5.4. Plan of Care for Hypertension
| Individual Hypertension Team Members | Roles (examples) |
| Primary care physician/cardiologist, physician assistant or associate/nurse practitioner/advanced practice nurse | Routine and complex hypertension care, managing primary care issues |
| Cardiologist/physician assistant or associate/nurse practitioner/advanced practice nurse | Routine and complex hypertension care, especially for patients with cardiac disease or high risk for major cardiovascular events |

...

Section: 2025 AHA/ACC/AANP/AAPA/ABC/ACCP/ACPM/AGS/AMA/ASPC/NMA/PCNA/SGIM Guideline for the Prevention, Detection, Evaluation and Management of High Blood Pressure in Adults: A Report of the American College of Cardiology/American Heart Association Joint Committee on Clinical Practice Guidelines > 5. BP Management > 5.4. Plan of Care for Hypertension
The hypertension care team may include primary care clinicians, specialists, nurses, pharmacists, dieticians, community health workers, or social workers ( Table 19 ). RCTs and meta-analyses of RCTs of team-based hypertension care involving nurse or pharmacist intervention demonstrated reductions in SBP and DBP and/or greater achievement of BP goals when compared with usual care.",2025-10-01,1841.67,results/parallel/q10_run1.json
parallel,q10,1,7,Hypertension Guidelines and Interventions - Primary Care: Clinics in Office Practice,https://www.primarycare.theclinics.com/article/S0095-4543(23)00090-8/fulltext,www.primarycare.theclinics.com,"# Hypertension Guidelines and Interventions
## Share
Download Full Issue
Download started
Ok
Previous article Next article
Nearly half of all adults in the United States have hypertension, making high blood pressure one of the leading causes of office visits and prescription medication use in primary care settings.

## Keywords
[Hypertension guidelines](https://www.primarycare.theclinics.com/action/doSearch?AllField=%22Hypertension+guidelines%22&journalCode=pop)
5. [Antihypertensive interventions](https://www.primarycare.theclinics.com/action/doSearch?AllField=%22Antihypertensive+interventions%22&journalCode=pop)
6. [Primary care](https://www.primarycare.theclinics.com/action/doSearch?AllField=%22Primary+care%22&journalCode=pop)

## References
**2017 ACC/AHA/AAPA/ABC/ACPM/AGS/APHA/ASH/ASPC/NMA/PCNA Guideline for the Prevention, Detection, Evaluation, and Management of High Blood Pressure in Adults: A Report of the American College of Cardiology/American Heart Association Task Force on Clinical Practice Guidelines**

...

**2014 evidence-based guideline for the management of high blood pressure in adults: report from the panel members appointed to the Eighth Joint National Committee (JNC 8)**
_JAMA._ 2014; **311** (5):507-520
[Crossref](https://doi.org/10.1001/jama.2013.284427)
**Systematic Review for the 2017 ACC/AHA/AAPA/ABC/ACPM/AGS/APHA/ASH/ASPC/NMA/PCNA Guideline for the Prevention, Detection, Evaluation, and Management of High Blood Pressure in Adults: A Report of the American College of Cardiology/American Heart Association Task Force on Clinical Practice Guidelines**",2024-03-01,1841.67,results/parallel/q10_run1.json
parallel,q10,1,8,Hypertension Management: An Update - PMC - NIH,https://pmc.ncbi.nlm.nih.gov/articles/PMC4106550,pmc.ncbi.nlm.nih.gov,"# Hypertension Management: An Update
## Abstract
The risk of developing these hypertension-related complications is continuous, starting at a blood pressure level as low as 115/75 mm Hg. Despite the inherent health risks associated with uncontrolled hypertension, elevated blood pressure remains inadequately treated in the majority of patients.

...

## Treatment Strategies
### Pharmacotherapy
In newly diagnosed patients with BP >20/10 mm Hg above goal, 2 antihypertensives or a combination hypertensive may be added immediately. 1 To minimize side effects, a second drug with a complementary mechanism of action should be added before the initial drug is used in the maximum recommended dosing.

#### Table 3.
16 Based on the ALLHAT results showing thiazides' superiority to other classes of antihypertensives in terms of secondary end points and costs, the JNC-7 issued its recommendations for thiazides as first-line therapy for hypertension.

...

## Conclusion
Hypertension is a global epidemic, yet many guidelines and pharmacologic options are available to prevent the morbidity and mortality associated with this disease. Although lifestyle modifications are frequently neglected, they should be started early and continued indefinitely. Some patients will require more than 1 antihypertensive agent to control their BP.

...

# Hypertension Management: Implications to Patients, Providers, and Payers
3 In addition, providers may anticipate a shift within the beta-blockers class in favor of novel beta-blockers with vasodilatory properties. The Eighth Joint National Committee guidelines for hypertension are expected to come out soon and may provide new insights into the management of hypertension.",,1841.67,results/parallel/q10_run1.json
parallel,q10,1,9,2025 AHA/ACC/AANP/AAPA/ABC/ACCP/ACPM/AGS/AMA/ASPC/NMA/PCNA ...,https://www.ahajournals.org/doi/pdf/10.1161/CIR.0000000000001356,www.ahajournals.org,"PCNA/SGIM Guideline for the prevention, detection, evaluation, and management of high blood pressure in adults: a report of the American College of Cardiology/
**CLINICAL PRACTICE GUIDELINES**
2025 AHA/ACC/AANP/AAPA/ABC/ACCP/
ACPM/AGS/AMA/ASPC/NMA/PCNA/
SGIM Guideline for the Prevention, Detection,
Evaluation and Management of High Blood
Pressure in Adults: A Report of the American
College of Cardiology/American Heart
**STRUCTURE:** The focus of this clinical practice guideline is to create a living, working document updating current knowledge
in the field of high blood pressure aimed at all practicing primary care and specialty clinicians who manage patients with
hypertension.

...

Recommendations for Plan of Care for Hypertension
Referenced studies that support the recommendations are
summarized in the Evidence Table .
COR
LOE
Recommendations
**Team-Based Care**
**1**
**A**
1. For adults with uncontrolled hypertension, a
  team-based care approach is recommended to
beneficial in improving BP control, access to care,
and adherence to standards of care and should be
incorporated in the management of hypertension,
including the titration of BP medications. 14–17
**1**
**B-NR**
6. In adults with undiagnosed or uncontrolled",,1841.67,results/parallel/q10_run1.json
parallel,q10,1,10,2024 ESC Guidelines for the management of elevated blood pressure and hypertension | European Heart Journal | Oxford Academic,https://academic.oup.com/eurheartj/article/45/38/3912/7741010,academic.oup.com,"Section: 2024 ESC Guidelines for the management of elevated blood pressure and hypertension: Developed by the task force on the management of elevated blood pressure and hypertension of the European Society of Cardiology (ESC) and _endorsed by the European Society of Endocrinology (ESE) and the European Stroke Organisation (ESO)_ > 7. Diagnosing hypertension and investigating underlying causes > 7.1. Screening for hypertension
Opportunistic BP screening in a primary care setting appears effective, with an estimated 90% of all adults aged >40 years in the UK having a BP check within a 5-year time period, ²³⁴ though these findings may not extrapolate to other countries. When patients provide HBPM recordings, these can also be used as part of an opportunistic screening programme (see _Section 5.2_ ). ²³⁵

...

In most healthcare systems, GPs are typically the ‘gatekeeper’ of access to specialized care and should be involved in screening patients for common causes of secondary hypertension, especially sleep apnoea and primary aldosteronism ( [Supplementary data
Section: 2024 ESC Guidelines for the management of elevated blood pressure and hypertension: Developed by the task force on the management of elevated blood pressure and hypertension of the European Society of Cardiology (ESC) and _endorsed by the European Society of Endocrinology (ESE) and the European Stroke Organisation (ESO)_ > 7. Diagnosing hypertension and investigating underlying causes > 7.6. Secondary hypertension: when to screen/further investigations > 7.6.2. Primary aldosteronism

...

Section: 2024 ESC Guidelines for the management of elevated blood pressure and hypertension: Developed by the task force on the management of elevated blood pressure and hypertension of the European Society of Cardiology (ESC) and _endorsed by the European Society of Endocrinology (ESE) and the European Stroke Organisation (ESO)_ > 9. Managing specific patient groups or circumstances > 9.14. Management of specific causes of secondary hypertension > 9.14.2. Primary aldosteronism",2024-08-30,1841.67,results/parallel/q10_run1.json
parallel,q10,2,1,AAFP Hypertension Guidelines For Adult Care | AAFP,https://www.aafp.org/clinical-insights/cardiometabolic-health/hypertension,www.aafp.org,"* For primary prevention, LDL-lowering therapy may be considered at a 10-year PREVENT-ASCVD risk of 3% to <5% and should be considered at 5% to <10% after clinician–patient discussion.

...

# Hypertension and cardiovascular disease: clinical guidance and resources
## Guidelines and recommendations
### Hypertension in adults over 60
#### Key recommendations
The AAFP continues its endorsement of the JNC8 guideline for the management of high blood pressure in adults. These recommendations are consistent with JNC8 and should be used to augment its guidance.

...

Section: Hypertension and cardiovascular disease: clinical guidance and resources > Guidelines and recommendations > High blood pressure – AHA/ACC > (Affirmation of Value ***** , October 2025)
* Clinicians should work with community leaders, health systems, and practices to screen all adults and implement guideline-based prevention and management to improve blood pressure control.
* Multidisciplinary team-based care can address medication access and structural barriers to support individual needs and improve hypertension control.
Section: Hypertension and cardiovascular disease: clinical guidance and resources > Guidelines and recommendations > High blood pressure – AHA/ACC > (Affirmation of Value ***** , October 2025)
* Implementation and feasibility concerns regarding the standardized BP measurement protocols and intensive treatment targets used to support key recommendations, which may be difficult to reproduce consistently in routine primary care settings.",,3037.66,results/parallel/q10_run2.json
parallel,q10,2,2,2025 High Blood Pressure Guidelines - AHA/ASA Journals,https://www.ahajournals.org/guidelines/high-blood-pressure,www.ahajournals.org,"# 2025 High Blood Pressure Guideline Journal Hub
The 2025 AHA/ACC High Blood Pressure Guideline reflects the latest recommendations and advancements in hypertension research and clinical practice. This curated collection of commentaries and educational resources is designed to support the guideline’s implementation and deepen understanding of its recommendations.

...

Risk-Based Blood Pressure Management: Reflections on 2025 AHA Scientific Statement Use of Risk Assessment to Guide Decision-Making for Blood Pressure Management in the Primary Prevention of Cardiovascular Disease

## 2025 High Blood Pressure Guideline Resources
stat-update [PREVENT™ Risk Calculator](https://professional.heart.org/en/guidelines-and-statements/prevent-risk-calculator)",2025-08-14,3037.66,results/parallel/q10_run2.json
parallel,q10,2,3,Diagnosis and Management of Hypertension (HTN) in Primary ...,https://www.healthquality.va.gov/guidelines/CD/htn,www.healthquality.va.gov,"Diagnosis and Management of Hypertension (HTN) in Primary ...
The guideline describes the critical decision points in the Diagnosis and Management of Hypertension in Primary Care and provides clear and comprehensive evidence based recommendations incorporating current information and practices for practitioners throughout the DOD and VA Health Care systems.",,3037.66,results/parallel/q10_run2.json
parallel,q10,2,4,2025 ACC/AHA High Blood Pressure Guideline Hub – Resources & Tools | JACC,https://www.jacc.org/guidelines/high-blood-pressure,www.jacc.org,"# 2025 High Blood Pressure Guidelines Resources
## [2025 AHA/ACC Multisociety Guideline for the Prevention, Detection, Evaluation, and Management of High Blood Pressure in Adults](https://www.jacc.org/doi/10.1016/j.jacc.2025.05.007)
August 14, 2025

## 2025 HBP Guideline Overview
The [2025 HBP Guideline](https://www.jacc.org/doi/10.1016/j.jacc.2025.05.007) focuses on preventative care for patients with high blood pressure with the use of risk-based approaches to guide recommendations for initiation of anti-hypertensive therapy at varying BP thresholds.

...

## Related Clinical Policy Resources
[Use of Risk Assessment to Guide Decision-Making for Blood Pressure Management in the Primary Prevention of Cardiovascular Disease](https://www.jacc.org/doi/10.1016/j.jacc.2025.08.001)
[2019 Primary Prevention Guideline](https://www.jacc.org/doi/10.1016/j.jacc.2019.03.010)
[2018 Cholesterol Guideline](https://www.jacc.org/doi/10.1016/j.jacc.2018.11.003)",,3037.66,results/parallel/q10_run2.json
parallel,q10,2,5,Hypertension in adults: Initial management - UpToDate,https://www.uptodate.com/contents/hypertension-in-adults-initial-management,www.uptodate.com,"# Outline
+ [SBP 140 to 180 mmHg and/or DBP 90 to 120 mmHg (stage 2 hypertension)](https://www.uptodate.com/contents/hypertension-in-adults-initial-management)
- [- Combination therapy for most patients](https://www.uptodate.com/contents/hypertension-in-adults-initial-management)

...

+ [SBP 130 to 139 mmHg and/or DBP 80 to 89 mmHg (stage 1 hypertension)](https://www.uptodate.com/contents/hypertension-in-adults-initial-management)
- [- Patients at increased cardiovascular risk](https://www.uptodate.com/contents/hypertension-in-adults-initial-management)

...

## RELATED TOPICS
Frail adults — Older adults (age greater than 75 years), particularly those with frailty, warrant a more gradual approach to blood pressure reduction with careful attention to medication interactions and adverse effects. In frail patients, we suggest initial monotherapy at low doses, with frequent follow-up for monitoring and medication titration. This is discussed elsewhere in more detail.
This approach is consistent with published society guidelines [ [4,5](https://www.uptodate.com/contents/hypertension-in-adults-initial-management/abstract/4,5) ]. Patients with severely elevated blood pressure should be re-evaluated sooner, typically within several days to a week.
● **Team-based hypertension care** – Team-based care (including clinicians, nurses, pharmacists, and health educators) has been shown to improve blood pressure and control rates among patients with hypertension.
● **Systolic blood pressure (SBP) >180 mmHg and/or diastolic blood pressure (DBP) >120 mmHg** – Patients with severe hypertension or hypertensive crisis require urgent assessment to exclude acute target-organ damage (eg, hypertensive emergency) and determine the need for observation or inpatient care.",2026-09-03,3037.66,results/parallel/q10_run2.json
parallel,q10,2,6,Hypertension Management: An Update - PMC - NIH,https://pmc.ncbi.nlm.nih.gov/articles/PMC4106550,pmc.ncbi.nlm.nih.gov,"# Hypertension Management: An Update
## Abstract
The risk of developing these hypertension-related complications is continuous, starting at a blood pressure level as low as 115/75 mm Hg. Despite the inherent health risks associated with uncontrolled hypertension, elevated blood pressure remains inadequately treated in the majority of patients.

...

## Treatment Strategies
### Pharmacotherapy
In newly diagnosed patients with BP >20/10 mm Hg above goal, 2 antihypertensives or a combination hypertensive may be added immediately. 1 To minimize side effects, a second drug with a complementary mechanism of action should be added before the initial drug is used in the maximum recommended dosing.

#### Table 3.
16 Based on the ALLHAT results showing thiazides' superiority to other classes of antihypertensives in terms of secondary end points and costs, the JNC-7 issued its recommendations for thiazides as first-line therapy for hypertension.
Recently these recommendations were challenged by the Avoiding Cardiovascular Events Through Combination Therapy in Patients Living with Systolic Hypertension (ACCOMPLISH) trial, which showed that the combination of benazepril and amlodipine was superior to the benazepril and hydrochlorothiazide combination in reducing CV events in high-risk patients with hypertension.

## Conclusion
Hypertension is a global epidemic, yet many guidelines and pharmacologic options are available to prevent the morbidity and mortality associated with this disease. Although lifestyle modifications are frequently neglected, they should be started early and continued indefinitely. Some patients will require more than 1 antihypertensive agent to control their BP.

...

# Hypertension Management: Implications to Patients, Providers, and Payers
3 In addition, providers may anticipate a shift within the beta-blockers class in favor of novel beta-blockers with vasodilatory properties. The Eighth Joint National Committee guidelines for hypertension are expected to come out soon and may provide new insights into the management of hypertension.",,3037.66,results/parallel/q10_run2.json
parallel,q10,2,7,Hypertension Guidelines and Interventions - Primary Care: Clinics in Office Practice,https://www.primarycare.theclinics.com/article/S0095-4543(23)00090-8/fulltext,www.primarycare.theclinics.com,"# Hypertension Guidelines and Interventions
## Share
Download Full Issue
Download started
Ok
Previous article Next article
Nearly half of all adults in the United States have hypertension, making high blood pressure one of the leading causes of office visits and prescription medication use in primary care settings.

## Keywords
[Hypertension guidelines](https://www.primarycare.theclinics.com/action/doSearch?AllField=%22Hypertension+guidelines%22&journalCode=pop)
5. [Antihypertensive interventions](https://www.primarycare.theclinics.com/action/doSearch?AllField=%22Antihypertensive+interventions%22&journalCode=pop)
6. [Primary care](https://www.primarycare.theclinics.com/action/doSearch?AllField=%22Primary+care%22&journalCode=pop)

## References
**2017 ACC/AHA/AAPA/ABC/ACPM/AGS/APHA/ASH/ASPC/NMA/PCNA Guideline for the Prevention, Detection, Evaluation, and Management of High Blood Pressure in Adults: A Report of the American College of Cardiology/American Heart Association Task Force on Clinical Practice Guidelines**

...

**2014 evidence-based guideline for the management of high blood pressure in adults: report from the panel members appointed to the Eighth Joint National Committee (JNC 8)**
_JAMA._ 2014; **311** (5):507-520
[Crossref](https://doi.org/10.1001/jama.2013.284427)
**Systematic Review for the 2017 ACC/AHA/AAPA/ABC/ACPM/AGS/APHA/ASH/ASPC/NMA/PCNA Guideline for the Prevention, Detection, Evaluation, and Management of High Blood Pressure in Adults: A Report of the American College of Cardiology/American Heart Association Task Force on Clinical Practice Guidelines**",2024-03-01,3037.66,results/parallel/q10_run2.json
parallel,q10,2,8,2024 ESC Guidelines for the management of elevated blood pressure and hypertension | European Heart Journal | Oxford Academic,https://academic.oup.com/eurheartj/article/45/38/3912/7741010,academic.oup.com,"Section: 2024 ESC Guidelines for the management of elevated blood pressure and hypertension: Developed by the task force on the management of elevated blood pressure and hypertension of the European Society of Cardiology (ESC) and _endorsed by the European Society of Endocrinology (ESE) and the European Stroke Organisation (ESO)_ > 7. Diagnosing hypertension and investigating underlying causes > 7.1. Screening for hypertension
Opportunistic BP screening in a primary care setting appears effective, with an estimated 90% of all adults aged >40 years in the UK having a BP check within a 5-year time period, ²³⁴ though these findings may not extrapolate to other countries. When patients provide HBPM recordings, these can also be used as part of an opportunistic screening programme (see _Section 5.2_ ). ²³⁵

...

In most healthcare systems, GPs are typically the ‘gatekeeper’ of access to specialized care and should be involved in screening patients for common causes of secondary hypertension, especially sleep apnoea and primary aldosteronism ( [Supplementary data
Section: 2024 ESC Guidelines for the management of elevated blood pressure and hypertension: Developed by the task force on the management of elevated blood pressure and hypertension of the European Society of Cardiology (ESC) and _endorsed by the European Society of Endocrinology (ESE) and the European Stroke Organisation (ESO)_ > 7. Diagnosing hypertension and investigating underlying causes > 7.6. Secondary hypertension: when to screen/further investigations > 7.6.2. Primary aldosteronism

...

Section: 2024 ESC Guidelines for the management of elevated blood pressure and hypertension: Developed by the task force on the management of elevated blood pressure and hypertension of the European Society of Cardiology (ESC) and _endorsed by the European Society of Endocrinology (ESE) and the European Stroke Organisation (ESO)_ > 9. Managing specific patient groups or circumstances > 9.14. Management of specific causes of secondary hypertension > 9.14.2. Primary aldosteronism",2024-08-30,3037.66,results/parallel/q10_run2.json
parallel,q10,2,9,2025 AHA/ACC/AANP/AAPA/ABC/ACCP/ACPM/AGS/AMA/ASPC/NMA/PCNA ...,https://www.ahajournals.org/doi/pdf/10.1161/CIR.0000000000001356,www.ahajournals.org,"PCNA/SGIM Guideline for the prevention, detection, evaluation, and management of high blood pressure in adults: a report of the American College of Cardiology/
**CLINICAL PRACTICE GUIDELINES**
2025 AHA/ACC/AANP/AAPA/ABC/ACCP/
ACPM/AGS/AMA/ASPC/NMA/PCNA/
SGIM Guideline for the Prevention, Detection,
Evaluation and Management of High Blood
Pressure in Adults: A Report of the American
College of Cardiology/American Heart
**STRUCTURE:** The focus of this clinical practice guideline is to create a living, working document updating current knowledge
in the field of high blood pressure aimed at all practicing primary care and specialty clinicians who manage patients with
hypertension.

...

Recommendations for Plan of Care for Hypertension
Referenced studies that support the recommendations are
summarized in the Evidence Table .
COR
LOE
Recommendations
**Team-Based Care**
**1**
**A**
1. For adults with uncontrolled hypertension, a
  team-based care approach is recommended to
beneficial in improving BP control, access to care,
and adherence to standards of care and should be
incorporated in the management of hypertension,
including the titration of BP medications. 14–17
**1**
**B-NR**
6. In adults with undiagnosed or uncontrolled",,3037.66,results/parallel/q10_run2.json
parallel,q10,2,10,2025 AHA/ACC/AANP/AAPA/ABC/ACCP/ACPM/AGS/AMA/ ...,https://www.ahajournals.org/doi/10.1161/HYP.0000000000000249,www.ahajournals.org,"# 2025 AHA/ACC/AANP/AAPA/ABC/ACCP/ACPM/AGS/AMA/ASPC/NMA/PCNA/SGIM Guideline for the Prevention, Detection, Evaluation and Management of High Blood Pressure in Adults: A Report of the American College of Cardiology/American Heart Association Joint Committee on Clinical Practice Guidelines
## What Is New
| New or Revised | Section Title | 2017 Recommendation | 2025 Recommendation |
| New terminology | N/A | Hypertensive urgency | Severe hypertension |
| New recommendation | 3.2.3.
Secondary Forms of Hypertension | N/A | COR 1: In adults with resistant hypertension, screening for primary aldosteronism is recommended regardless of whether hypokalemia is present to increase rates of detection, diagnosis, and specific targeted therapy. |
| Revised recommendation | 5.3.9.1. Acute Intracerebral Hemorrhage | COR 2a: In adults with ICH who present with SBP >220 mm Hg, it is reasonable to use continuous intravenous drug infusion and close BP monitoring to lower SBP.

...

# 2025 AHA/ACC/AANP/AAPA/ABC/ACCP/ACPM/AGS/AMA/ASPC/NMA/PCNA/SGIM Guideline for the Prevention, Detection, Evaluation and Management of High Blood Pressure in Adults: A Report of the American College of Cardiology/American Heart Association Joint Committee on Clinical Practice Guidelines
## 5. BP Management
### 5.4. Plan of Care for Hypertension
| Individual Hypertension Team Members | Roles (examples) |
| Primary care physician/cardiologist, physician assistant or associate/nurse practitioner/advanced practice nurse | Routine and complex hypertension care, managing primary care issues |
| Cardiologist/physician assistant or associate/nurse practitioner/advanced practice nurse | Routine and complex hypertension care, especially for patients with cardiac disease or high risk for major cardiovascular events |

...

The hypertension care team may include primary care clinicians, specialists, nurses, pharmacists, dieticians, community health workers, or social workers ( Table 19 ). RCTs and meta-analyses of RCTs of team-based hypertension care involving nurse or pharmacist intervention demonstrated reductions in SBP and DBP and/or greater achievement of BP goals when compared with usual care.",2025-10-01,3037.66,results/parallel/q10_run2.json
parallel,q10,3,1,2025 High Blood Pressure Guidelines - AHA/ASA Journals,https://www.ahajournals.org/guidelines/high-blood-pressure,www.ahajournals.org,"# 2025 High Blood Pressure Guideline Journal Hub
The 2025 AHA/ACC High Blood Pressure Guideline reflects the latest recommendations and advancements in hypertension research and clinical practice. This curated collection of commentaries and educational resources is designed to support the guideline’s implementation and deepen understanding of its recommendations.

...

Risk-Based Blood Pressure Management: Reflections on 2025 AHA Scientific Statement Use of Risk Assessment to Guide Decision-Making for Blood Pressure Management in the Primary Prevention of Cardiovascular Disease

## 2025 High Blood Pressure Guideline Resources
stat-update [PREVENT™ Risk Calculator](https://professional.heart.org/en/guidelines-and-statements/prevent-risk-calculator)",2025-08-14,4670.6,results/parallel/q10_run3.json
parallel,q10,3,2,AAFP Hypertension Guidelines For Adult Care | AAFP,https://www.aafp.org/clinical-insights/cardiometabolic-health/hypertension,www.aafp.org,"* For primary prevention, LDL-lowering therapy may be considered at a 10-year PREVENT-ASCVD risk of 3% to <5% and should be considered at 5% to <10% after clinician–patient discussion.

...

# Hypertension and cardiovascular disease: clinical guidance and resources
## Guidelines and recommendations
### Hypertension in adults over 60
#### Key recommendations
The AAFP continues its endorsement of the JNC8 guideline for the management of high blood pressure in adults. These recommendations are consistent with JNC8 and should be used to augment its guidance.

...

Section: Hypertension and cardiovascular disease: clinical guidance and resources > Guidelines and recommendations > High blood pressure – AHA/ACC > (Affirmation of Value ***** , October 2025)
* Clinicians should work with community leaders, health systems, and practices to screen all adults and implement guideline-based prevention and management to improve blood pressure control.
* Multidisciplinary team-based care can address medication access and structural barriers to support individual needs and improve hypertension control.
Section: Hypertension and cardiovascular disease: clinical guidance and resources > Guidelines and recommendations > High blood pressure – AHA/ACC > (Affirmation of Value ***** , October 2025)
* Implementation and feasibility concerns regarding the standardized BP measurement protocols and intensive treatment targets used to support key recommendations, which may be difficult to reproduce consistently in routine primary care settings.",,4670.6,results/parallel/q10_run3.json
parallel,q10,3,3,Diagnosis and Management of Hypertension (HTN) in Primary ...,https://www.healthquality.va.gov/guidelines/CD/htn,www.healthquality.va.gov,"Diagnosis and Management of Hypertension (HTN) in Primary ...
The guideline describes the critical decision points in the Diagnosis and Management of Hypertension in Primary Care and provides clear and comprehensive evidence based recommendations incorporating current information and practices for practitioners throughout the DOD and VA Health Care systems.",,4670.6,results/parallel/q10_run3.json
parallel,q10,3,4,2025 ACC/AHA High Blood Pressure Guideline Hub – Resources & Tools | JACC,https://www.jacc.org/guidelines/high-blood-pressure,www.jacc.org,"# 2025 High Blood Pressure Guidelines Resources
## [2025 AHA/ACC Multisociety Guideline for the Prevention, Detection, Evaluation, and Management of High Blood Pressure in Adults](https://www.jacc.org/doi/10.1016/j.jacc.2025.05.007)
August 14, 2025

## 2025 HBP Guideline Overview
The [2025 HBP Guideline](https://www.jacc.org/doi/10.1016/j.jacc.2025.05.007) focuses on preventative care for patients with high blood pressure with the use of risk-based approaches to guide recommendations for initiation of anti-hypertensive therapy at varying BP thresholds.

...

## Related Clinical Policy Resources
[Use of Risk Assessment to Guide Decision-Making for Blood Pressure Management in the Primary Prevention of Cardiovascular Disease](https://www.jacc.org/doi/10.1016/j.jacc.2025.08.001)
[2019 Primary Prevention Guideline](https://www.jacc.org/doi/10.1016/j.jacc.2019.03.010)
[2018 Cholesterol Guideline](https://www.jacc.org/doi/10.1016/j.jacc.2018.11.003)",,4670.6,results/parallel/q10_run3.json
parallel,q10,3,5,Hypertension in adults: Initial management - UpToDate,https://www.uptodate.com/contents/hypertension-in-adults-initial-management,www.uptodate.com,"# Outline
+ [SBP 140 to 180 mmHg and/or DBP 90 to 120 mmHg (stage 2 hypertension)](https://www.uptodate.com/contents/hypertension-in-adults-initial-management)
- [- Combination therapy for most patients](https://www.uptodate.com/contents/hypertension-in-adults-initial-management)

...

+ [SBP 130 to 139 mmHg and/or DBP 80 to 89 mmHg (stage 1 hypertension)](https://www.uptodate.com/contents/hypertension-in-adults-initial-management)
- [- Patients at increased cardiovascular risk](https://www.uptodate.com/contents/hypertension-in-adults-initial-management)

...

## RELATED TOPICS
Frail adults — Older adults (age greater than 75 years), particularly those with frailty, warrant a more gradual approach to blood pressure reduction with careful attention to medication interactions and adverse effects. In frail patients, we suggest initial monotherapy at low doses, with frequent follow-up for monitoring and medication titration. This is discussed elsewhere in more detail.
This approach is consistent with published society guidelines [ [4,5](https://www.uptodate.com/contents/hypertension-in-adults-initial-management/abstract/4,5) ]. Patients with severely elevated blood pressure should be re-evaluated sooner, typically within several days to a week.
● **Team-based hypertension care** – Team-based care (including clinicians, nurses, pharmacists, and health educators) has been shown to improve blood pressure and control rates among patients with hypertension.
● **Systolic blood pressure (SBP) >180 mmHg and/or diastolic blood pressure (DBP) >120 mmHg** – Patients with severe hypertension or hypertensive crisis require urgent assessment to exclude acute target-organ damage (eg, hypertensive emergency) and determine the need for observation or inpatient care.",2026-09-03,4670.6,results/parallel/q10_run3.json
parallel,q10,3,6,2025 AHA/ACC/AANP/AAPA/ABC/ACCP/ACPM/AGS/AMA/ASPC/NMA/PCNA ...,https://www.ahajournals.org/doi/pdf/10.1161/CIR.0000000000001356,www.ahajournals.org,"PCNA/SGIM Guideline for the prevention, detection, evaluation, and management of high blood pressure in adults: a report of the American College of Cardiology/
**CLINICAL PRACTICE GUIDELINES**
2025 AHA/ACC/AANP/AAPA/ABC/ACCP/
ACPM/AGS/AMA/ASPC/NMA/PCNA/
SGIM Guideline for the Prevention, Detection,
Evaluation and Management of High Blood
Pressure in Adults: A Report of the American
College of Cardiology/American Heart
**STRUCTURE:** The focus of this clinical practice guideline is to create a living, working document updating current knowledge
in the field of high blood pressure aimed at all practicing primary care and specialty clinicians who manage patients with
hypertension.
Hypertension . . . . . . . . . . . . . . . . . e145
5.2.3. Initial Medication Selection
for Treatment of Primary
Hypertension . . . . . . . . . . . . . . . . . e149
5.2.4. Choice of Initial Monotherapy
Versus Initial Combination
Drug Therapy . . . . . . . . . . . . . . . . . e149

...

Recommendations for Plan of Care for Hypertension
Referenced studies that support the recommendations are
summarized in the Evidence Table .
COR
LOE
Recommendations
**Team-Based Care**
**1**
**A**
1. For adults with uncontrolled hypertension, a
  team-based care approach is recommended to
beneficial in improving BP control, access to care,
and adherence to standards of care and should be
incorporated in the management of hypertension,
including the titration of BP medications. 14–17
**1**
**B-NR**
6. In adults with undiagnosed or uncontrolled",,4670.6,results/parallel/q10_run3.json
parallel,q10,3,7,2025 AHA/ACC/AANP/AAPA/ABC/ACCP/ACPM/AGS/AMA/ ...,https://www.ahajournals.org/doi/10.1161/HYP.0000000000000249,www.ahajournals.org,"# 2025 AHA/ACC/AANP/AAPA/ABC/ACCP/ACPM/AGS/AMA/ASPC/NMA/PCNA/SGIM Guideline for the Prevention, Detection, Evaluation and Management of High Blood Pressure in Adults: A Report of the American College of Cardiology/American Heart Association Joint Committee on Clinical Practice Guidelines
## What Is New
| New or Revised | Section Title | 2017 Recommendation | 2025 Recommendation |
| New terminology | N/A | Hypertensive urgency | Severe hypertension |
| New recommendation | 3.2.3.
Secondary Forms of Hypertension | N/A | COR 1: In adults with resistant hypertension, screening for primary aldosteronism is recommended regardless of whether hypokalemia is present to increase rates of detection, diagnosis, and specific targeted therapy. |
| Revised recommendation | 5.3.9.1. Acute Intracerebral Hemorrhage | COR 2a: In adults with ICH who present with SBP >220 mm Hg, it is reasonable to use continuous intravenous drug infusion and close BP monitoring to lower SBP.

...

# 2025 AHA/ACC/AANP/AAPA/ABC/ACCP/ACPM/AGS/AMA/ASPC/NMA/PCNA/SGIM Guideline for the Prevention, Detection, Evaluation and Management of High Blood Pressure in Adults: A Report of the American College of Cardiology/American Heart Association Joint Committee on Clinical Practice Guidelines
## 5. BP Management
### 5.4. Plan of Care for Hypertension
| Individual Hypertension Team Members | Roles (examples) |
| Primary care physician/cardiologist, physician assistant or associate/nurse practitioner/advanced practice nurse | Routine and complex hypertension care, managing primary care issues |
| Cardiologist/physician assistant or associate/nurse practitioner/advanced practice nurse | Routine and complex hypertension care, especially for patients with cardiac disease or high risk for major cardiovascular events |

...

Section: 2025 AHA/ACC/AANP/AAPA/ABC/ACCP/ACPM/AGS/AMA/ASPC/NMA/PCNA/SGIM Guideline for the Prevention, Detection, Evaluation and Management of High Blood Pressure in Adults: A Report of the American College of Cardiology/American Heart Association Joint Committee on Clinical Practice Guidelines > 5. BP Management > 5.4. Plan of Care for Hypertension
The hypertension care team may include primary care clinicians, specialists, nurses, pharmacists, dieticians, community health workers, or social workers ( Table 19 ). RCTs and meta-analyses of RCTs of team-based hypertension care involving nurse or pharmacist intervention demonstrated reductions in SBP and DBP and/or greater achievement of BP goals when compared with usual care.",2025-10-01,4670.6,results/parallel/q10_run3.json
parallel,q10,3,8,Hypertension Guidelines and Interventions - Primary Care: Clinics in Office Practice,https://www.primarycare.theclinics.com/article/S0095-4543(23)00090-8/fulltext,www.primarycare.theclinics.com,"# Hypertension Guidelines and Interventions
## Share
Download Full Issue
Download started
Ok
Previous article Next article
Nearly half of all adults in the United States have hypertension, making high blood pressure one of the leading causes of office visits and prescription medication use in primary care settings.

## Keywords
[Hypertension guidelines](https://www.primarycare.theclinics.com/action/doSearch?AllField=%22Hypertension+guidelines%22&journalCode=pop)
5. [Antihypertensive interventions](https://www.primarycare.theclinics.com/action/doSearch?AllField=%22Antihypertensive+interventions%22&journalCode=pop)
6. [Primary care](https://www.primarycare.theclinics.com/action/doSearch?AllField=%22Primary+care%22&journalCode=pop)

## References
**2017 ACC/AHA/AAPA/ABC/ACPM/AGS/APHA/ASH/ASPC/NMA/PCNA Guideline for the Prevention, Detection, Evaluation, and Management of High Blood Pressure in Adults: A Report of the American College of Cardiology/American Heart Association Task Force on Clinical Practice Guidelines**
[Crossref](https://doi.org/10.15620/cdc:123251)
[Google Scholar](https://scholar.google.com/scholar_lookup?doi=10.15620%2Fcdc%3A123251)
4.
Finley, C.R. ∙ Chan, D.S. ∙ Garrison, S. ...
**What are the most common conditions in primary care? Systematic review**
**2014 evidence-based guideline for the management of high blood pressure in adults: report from the panel members appointed to the Eighth Joint National Committee (JNC 8)**
_JAMA._ 2014; **311** (5):507-520
[Crossref](https://doi.org/10.1001/jama.2013.284427)
**Systematic Review for the 2017 ACC/AHA/AAPA/ABC/ACPM/AGS/APHA/ASH/ASPC/NMA/PCNA Guideline for the Prevention, Detection, Evaluation, and Management of High Blood Pressure in Adults: A Report of the American College of Cardiology/American Heart Association Task Force on Clinical Practice Guidelines**",2024-03-01,4670.6,results/parallel/q10_run3.json
parallel,q10,3,9,Hypertension Management: An Update - PMC - NIH,https://pmc.ncbi.nlm.nih.gov/articles/PMC4106550,pmc.ncbi.nlm.nih.gov,"# Hypertension Management: An Update
## Abstract
The risk of developing these hypertension-related complications is continuous, starting at a blood pressure level as low as 115/75 mm Hg. Despite the inherent health risks associated with uncontrolled hypertension, elevated blood pressure remains inadequately treated in the majority of patients.

...

## Treatment Strategies
### Pharmacotherapy
In newly diagnosed patients with BP >20/10 mm Hg above goal, 2 antihypertensives or a combination hypertensive may be added immediately. 1 To minimize side effects, a second drug with a complementary mechanism of action should be added before the initial drug is used in the maximum recommended dosing.

#### Table 3.
16 Based on the ALLHAT results showing thiazides' superiority to other classes of antihypertensives in terms of secondary end points and costs, the JNC-7 issued its recommendations for thiazides as first-line therapy for hypertension.

...

## Conclusion
Hypertension is a global epidemic, yet many guidelines and pharmacologic options are available to prevent the morbidity and mortality associated with this disease. Although lifestyle modifications are frequently neglected, they should be started early and continued indefinitely. Some patients will require more than 1 antihypertensive agent to control their BP.

...

# Hypertension Management: Implications to Patients, Providers, and Payers
3 In addition, providers may anticipate a shift within the beta-blockers class in favor of novel beta-blockers with vasodilatory properties. The Eighth Joint National Committee guidelines for hypertension are expected to come out soon and may provide new insights into the management of hypertension.",,4670.6,results/parallel/q10_run3.json
parallel,q10,3,10,2025 AHA/ACC/AANP/AAPA/ABC/ACCP/ACPM/AGS/AMA/ASPC/NMA/PCNA ...,https://www.ahajournals.org/doi/pdf/10.1161/HYP.0000000000000249?download=true,www.ahajournals.org,"PCNA/SGIM Guideline for the prevention, detection, evaluation, and management of high blood pressure in adults: a report of the American College of Cardiology/
**STRUCTURE:** The focus of this clinical practice guideline is to create a living, working document updating current knowledge
in the field of high blood pressure aimed at all practicing primary care and specialty clinicians who manage patients with
hypertension.

...

Recommendations for Plan of Care for Hypertension
Referenced studies that support the recommendations are
summarized in the Evidence Table .
COR
LOE
Recommendations
**Team-Based Care**
**1**
**A**
1. For adults with uncontrolled hypertension, a
  team-based care approach is recommended to
achieve and maintain BP control. 1–4
**1**
**C-LD**
2. For adults with uncontrolled hypertension, an
evidence-based care plan utilizing HBPM, and
team-based care that is responsive to addressing
adverse SDOH, is recommended to achieve and
maintain BP control. 5,6
beneficial in improving BP control, access to care,
and adherence to standards of care and should be
incorporated in the management of hypertension,
including the titration of BP medications. 14–17
**1**
**B-NR**
6. In adults with undiagnosed or uncontrolled

...

6.2.1. Medications for Hypertensive Emergencies
1. Whelton PK, Carey RM, Aronow WS, et al. 2017 ACC/AHA/AAPA/ABC/
  ACPM/AGS/APhA/ASH/ASPC/NMA/PCNA guideline for the prevention,
  detection, evaluation, and management of high blood pressure in adults: a",,4670.6,results/parallel/q10_run3.json
parallel,q11,1,1,"In patients on metformin, how frequently should vitamin B12 status be monitored and what supplementation regimen is recommended for deficiency?",https://www.droracle.ai/articles/839243/in-patients-on-metformin-how-frequently-should-vitamin-b12,www.droracle.ai,"# Vitamin B12 Monitoring and Supplementation in Metformin-Treated Patients
**All patients on metformin should have baseline vitamin B12 levels checked, followed by annual monitoring after 4 years of therapy, with immediate supplementation for confirmed deficiency while continuing metformin.** 1 , 2

...

* **Baseline assessment:** Check vitamin B12 levels before starting metformin or at first opportunity 1
* **Routine monitoring:** Begin annual vitamin B12 screening after 4 years of continuous metformin therapy, as hepatic B12 stores become depleted at 4-5 years 1 , 3
* **Hematologic parameters:** Measure hemoglobin, hematocrit, and mean corpuscular volume (MCV) annually 4

# Vitamin B12 Monitoring and Supplementation in Metformin-Treated Patients
## Monitoring Frequency
### High-Risk Patients Requiring Earlier/More Frequent Monitoring
Monitor annually from initiation or more frequently if patients have: 1 , 2 , 3

## Diagnostic Thresholds
**Vitamin B12 deficiency is defined as serum levels <150 pmol/L (approximately <203 pg/mL).** 6 , 1 , 3

...

* **Recheck B12 levels 3 months after starting supplementation** to confirm adequacy of replacement 5
* **Continue annual B12 monitoring** even with supplementation, as metformin's effect is cumulative 3
* **Monitor MMA and homocysteine** if B12 levels remain borderline despite supplementation 6 , 5

# Vitamin B12 Monitoring and Supplementation in Metformin-Treated Patients
## Key Clinical Pitfalls to Avoid
### Common Errors
* **Ignoring the FDA label guidance:** The FDA explicitly recommends measuring hematologic parameters annually and vitamin B12 at 2-3 year intervals 4",2026-02-12,2015.74,results/parallel/q11_run1.json
parallel,q11,1,2,131-LB: Prevalence of Vitamin B12–Monitoring among Patients Receiving Metformin in a Public Hospital | Diabetes | American Diabetes Association,https://diabetesjournals.org/diabetes/article/71/Supplement_1/131-LB/145316/131-LB-Prevalence-of-Vitamin-B12-Monitoring-among,diabetesjournals.org,"# 131-LB: Prevalence of Vitamin B12–Monitoring among Patients Receiving Metformin in a Public Hospital _Free_
Background: Metformin reduces intestinal absorption of Vitamin B12 in up to 30% of patients and lowers serum Vitamin B12 concentrations in 5-10%. In 2017, the American Diabetes Association (ADA) updated its guidelines to recommend patients taking metformin undergo regular monitoring of Vitamin B12 levels.
To better understand acceptance and application of these guidelines, we undertook an assessment of such monitoring within a single hospital center serving the low-income population in Atlanta, GA to assist in guiding optimal monitoring and patient management.

...

The prevalence of Vitamin B12 levels ordered and measured was 7.5% (674 of 8,975) among patients seen in primary care clinics and 2.3% among those followed in endocrinology (25 of 1,081) (chi-square p<0.0001) . 621 (6.9%) of the metformin-treated primary care patients had neuropathy, and of those 63 had Vitamin B12 levels.

...

Conclusion: Among two outpatient cohorts who were prescribed metformin, there was suboptimal adherence to the ADA’s recommendation for regular monitoring of Vitamin B12 levels. Approaches for increasing and optimizing ordering and monitoring Vitamin B12 levels will be developed.
Increased awareness of the relationship between metformin and Vitamin B12 deficiency and standardized approaches to monitoring are needed.",2022-06-01,2015.74,results/parallel/q11_run1.json
parallel,q11,1,3,Vitamin B12 Deficiency in Patients Taking Metformin - PubMed,https://pubmed.ncbi.nlm.nih.gov/39233729,pubmed.ncbi.nlm.nih.gov,"# Vitamin B12 Deficiency in Patients Taking Metformin: Pathogenesis and Recommendations
## Abstract
This review aims to synthesize current knowledge on the pathogenesis, prevalence, clinical implications, and management of metformin-induced vitamin B12 deficiency. Given the significant clinical implications, it is crucial to monitor and manage vitamin B12 levels in patients using metformin.",2024-03-09,2015.74,results/parallel/q11_run1.json
parallel,q11,1,4,"
            Vitamin B12 Deficiency in Patients Taking Metformin: Pathogenesis and Recommendations - PMC
        ",https://pmc.ncbi.nlm.nih.gov/articles/PMC11374140,pmc.ncbi.nlm.nih.gov,"# Vitamin B12 Deficiency in Patients Taking Metformin: Pathogenesis and Recommendations
## Abstract
This review aims to synthesize current knowledge on the pathogenesis, prevalence, clinical implications, and management of metformin-induced vitamin B12 deficiency. Given the significant clinical implications, it is crucial to monitor and manage vitamin B12 levels in patients using metformin.

...

## Introduction and background
Therefore, kidney function should be monitored regularly in people taking metformin  [14 ].

...

## Review
### Table 1. Summary of studies investigating the association between metformin use and vitamin B12 deficiency.
Prophylactic treatment with vitamin B12 is not yet recommended; however, the Medicines and Healthcare Products Regulatory Agency 2022 guidelines suggest periodic monitoring of vitamin B12 in certain individuals prescribed metformin  [49 ].

...

### Table 2. Screening criteria outlined for vitamin B12 deficiency.
However, it is advisable to regularly monitor vitamin B12 levels in patients treated with metformin, as they may continue to be at higher risk for deficiency despite adequate supplementation.

## Conclusions
The clinical implications of this deficiency are significant, as unaddressed, prolonged vitamin B12 deficiency can lead to anemia and irreversible neurological damage, among other adverse effects. Prevention and treatment of vitamin B12 deficiency are simple and effective; therefore, clinicians should periodically monitor vitamin B12 levels in patients prescribed metformin.",,2015.74,results/parallel/q11_run1.json
parallel,q11,1,5,Metformin use and vitamin B12 deficiency: New MHRA guidance,https://diabetesonthenet.com/wp-content/uploads/3.-Davies.pdf,diabetesonthenet.com,"# **Metformin use and vitamin B12 deficiency: New MHRA guidance**
## _Sarah Davies_
2. People taking metformin, especially if high-dose or long-term, and particularly if they have other risk factors for deficiency, should have their B12 levels checked periodically.

...

# A
This has led to an update to the Product Information for all metformin-containing medications. The MHRA states that low vitamin B12 is now considered to be a common side effect, especially when taking high-dose or long-term metformin, affecting up to one in 10 people. It advises checking levels in patients with symptoms of B12 deficiency, as well as monitoring those at risk of B12 deficiency (see _Box 1_ ).
We are therefore advising checking vitamin B12 serum levels in patients being treated with metformin who have symptoms suggestive of vitamin B12 deficiency.
We also advise that periodic monitoring for patients with risk factors for vitamin B12 deficiency should be considered.”
treatment starts as soon as possible, in order to avoid the development of permanent symptoms.
**Consider periodic monitoring of B12 in patients on metformin with risk factors** **for B12 deficiency** Risk factors are quite wide-ranging and include the following (MHRA, 2022):

...

The biggest change to current clinical practice is likely to be the advice to consider periodic monitoring of B12 levels in patients taking metformin who are at risk of deficiency, which includes a wide range of our patients living with type 2 diabetes.",2022-09-19,2015.74,results/parallel/q11_run1.json
parallel,q11,1,6,Clinician awareness and implementation of vitamin B12 ...,https://link.springer.com/article/10.1186/s12875-026-03185-w,link.springer.com,"# Clinician awareness and implementation of vitamin B ₁₂ monitoring guidance in metformin users: a primary care survey
## Abstract
### Background
Vitamin B ₁₂ deficiency is a recognised adverse effect of long-term metformin use. In 2022, the United Kingdom (UK) Medicines and Healthcare products Regulatory Agency (MHRA) issued a Drug Safety Update advising clinicians to consider periodic vitamin B ₁₂ monitoring in at-risk patients.
However, no specific testing interval or operational guidance has been published, and uptake within primary care remains uncertain.

...

Though this study identified high levels of awareness of the association between metformin and vitamin B ₁₂ deficiency (87%), this did not translate into consistent engagement with the MHRA alert [ [15](https://link.springer.com/article/10.1186/s12875-026-03185-w ""Medicines and Healthcare products Regulatory Agency (MHRA). Metformin and vitamin B12 deficiency: Drug safety update. 2022.

...

```
            "") ] is also likely to be influential. Although the MHRA Drug Safety Update [ [15](https://link.springer.com/article/10.1186/s12875-026-03185-w ""Medicines and Healthcare products Regulatory Agency (MHRA). Metformin and vitamin B12 deficiency: Drug safety update. 2022. 
              https://www.gov.uk/drug-safety-update/metformin-and-reduced-vitamin-b12-levels-new-advice-for-monitoring-patients-at-risk
              
            "") ] reclassified vitamin B ₁₂ deficiency as a common adverse effect of metformin, it advises clinicians only to “consider periodic monitoring” without defining frequency, responsibility, or thresholds for action [ [15](https://link.springer.com/article/10.1186/s12875-026-03185-w ""Medicines and Healthcare products Regulatory Agency (MHRA). Metformin and vitamin B12 deficiency: Drug safety update. 2022. 
```",2026-01-27,2015.74,results/parallel/q11_run1.json
parallel,q11,1,7,Metformin-Induced Vitamin B12 Deficiency... : Southern Medical Journal,http://journals.lww.com/smajournalonline/Fulltext/2010/03000/Metformin_Induced_Vitamin_B12_Deficiency.24.aspx,journals.lww.com,"Metformin-Induced Vitamin B12 Deficiency Presenting as a Peripheral Neuropathy DavidS.H.Bell Authors and Affiliations Southern Medical Journal [103(3):p 265-267, March 2010.](https://www.ovid.com/jnls/smajournalonline/toc/2010/03000) | DOI: 10\.1097/SMJ.0b013e3181ce0e4d Abstract In Brief Abstract: Chronic metformin use results in vitamin B12 deficiency in 30% of patients. Exhaustion of vitamin B12 stores usually occurs after twelve to fifteen years of absolute vitamin B12 deficiency. Metformin has been available in the United States for approximately fifteen years. Vitamin B12 deficiency, which may present without anemia and as a peripheral neuropathy, is often misdiagnosed as diabetic neuropathy, although the clinical findings are usually different. Failure to diagnose the cause of the neuropathy will result in progression of central and/or peripheral neuronal damage which can be arrested but not reversed with vitamin B12 replacement. To my knowledge, this is the first report of metformin-induced vitamin B12 deficiency causing neuropathy. Full Text Access for Subscribers Log in for access Individual Subscribers Log in for access Access through Ovid",,2015.74,results/parallel/q11_run1.json
parallel,q11,1,8,Long-term metformin therapy and vitamin B12 deficiency,https://www.wjgnet.com/1948-9358/full/v12/i7/916.htm,www.wjgnet.com,"A nested case-control study conducted in Hong Kong also suggested that an increased risk of vitamin B12 deficiency was associated with the current dose and duration of metformin therapy in patients with diabetes [44 ]. Authors found that each 1 g/d metformin dose increment conferred a more than 2-fold increased risk of developing vitamin B12 deficiency (adjusted odds ratio of 2.88, 95% confidence interval: 2.15-3.87; _P_ < 0.001).
In patients using metformin for 3 years or more, the adjusted odds ratio was 2.39 (95% confidence interval: 1.46-3.91; _P_ = 0.001) compared with those receiving metformin for less than 3 years [44 ].
When the metformin and placebo groups were combined, the odds ratio associated with vitamin B12 deficiency per year of metformin use was 1.13 (95% confidence interval: 1.06-1.20) after adjusting for confounders such as age, sex, baseline body mass index, weight change, diabetes status, and prescription of acid suppression therapy [32 ]. The prevalence of anemia was higher in the metformin group, but did not differ by vitamin B12 status.
| (2) Screening for vitamin B12 deficiency should be performed in the presence of one or more of the following risk factors or conditions: (a) Strong clinical suspicion of deficiency: clinical evidence of vitamin B12 deficiency, including unexplained macrocytic anemia, neurological symptoms and peripheral neuropathy ¹ ; (b) Preexisting diabetic peripheral and/or autonomic neuropathy ² ; (c) Duration of metformin treatment ≥ 5 yr; (d) Older adults: age ≥ 65 yr; (e) High cumulative metformin
exposure defined by a MUI value of > 5 (this criterion applies to patients with type 2 diabetes treated with metformin for at least 6 mo) ³ ; (f) Metformin dose of ≥ 1500 mg/d for a duration of at least 6 mo (the highest risk of vitamin B12 deficiency has been observed with a daily metformin dose of ≥ 2000 mg); (g) Concomitant long-term use (≥ 12 mo) of acid-suppressing medications such as PPIs and H2RAs; and (h) Concomitant presence of risk factors or comorbidities associated with an increased

...

Therefore, we believe that initial screening and subsequent intermittent periodic testing of vitamin B12 status in selected patients treated with metformin may be cost-effective and should be considered in order to promptly identify and correct vitamin B12 deficiency. In this regard, we have proposed a list of criteria for a cost-effective screening and subsequent",2021-07-15,2015.74,results/parallel/q11_run1.json
parallel,q11,1,9,In patients on metformin (especially ≥1500 mg daily or long ...,https://www.droracle.ai/articles/1055794/in-patients-on-metformin-especially-1500-mg-daily-or,www.droracle.ai,"# Metformin and B12 Deficiency
**Patients on metformin, especially those taking ≥1500 mg daily or using it long-term (>5 years), should have vitamin B12 levels measured at baseline, then every 2-3 years, with more frequent monitoring in high-risk patients, and deficiency should be treated with supplementation to prevent irreversible neurologic complications including peripheral neuropathy and autonomic dysfunction.**

## Monitoring Strategy
The 2024 NICE guideline recommends measuring hematologic parameters annually and **vitamin B12 at 2-3 year intervals** in patients on metformin 7 . The FDA label echoes this recommendation 3 .

...

* **Baseline B12 measurement** before starting metformin
* **Annual monitoring** for patients on ≥1500 mg daily, duration >5 years, age ≥65, or with other risk factors
* **Every 2-3 years** for lower-risk patients on standard doses

...

[Should vitamin B12 levels be routinely monitored in patients taking metformin?](https://www.droracle.ai/articles/1107983/should-vitamin-b12-levels-be-routinely-monitored-in-patients) [How does metformin affect vitamin B12 status and what monitoring or supplementation is recommended?](https://www.droracle.ai/articles/1011643/how-does-metformin-affect-vitamin-b12-status-and-what) [Should vitamin B12 supplementation be continued after discontinuing metformin in a",2026-04-13,2015.74,results/parallel/q11_run1.json
parallel,q11,1,10,Metformin in the management of antipsychotic-induced weight ...,https://pmc.ncbi.nlm.nih.gov/articles/PMC8788031,pmc.ncbi.nlm.nih.gov,"# Metformin in the management of antipsychotic-induced weight gain in adults with psychosis: development of the first evidence-based guideline using GRADE methodology
## Findings
### De novo recommendations
#### Box 2. Recommendations developed addressing optimal metformin dosing, proosed treatment goals, ongoing monitoring and management of side effects, alongside deprescribing.
##### Area 5 (KHQ 7): Ongoing monitoring
**Recommendation 1:** Renal function should be monitored annually.

...

Section: Metformin in the management of antipsychotic-induced weight gain in adults with psychosis: development of the first evidence-based guideline using GRADE methodology > Findings > De novo recommendations > Box 2. Recommendations developed addressing optimal metformin dosing, proosed treatment goals, ongoing monitoring and management of side effects, alongside deprescribing. > Area 5 (KHQ 7): Ongoing monitoring
**Recommendation 2:** Intermittent monitoring of vitamin B ₁₂ levels is recommended, especially where evidence of megaloblastic anaemia is present. _(good practice point)_
Section: Metformin in the management of antipsychotic-induced weight gain in adults with psychosis: development of the first evidence-based guideline using GRADE methodology > Findings > De novo recommendations > Box 2. Recommendations developed addressing optimal metformin dosing, proosed treatment goals, ongoing monitoring and management of side effects, alongside deprescribing. > Area 5 (KHQ 7): Ongoing monitoring
**Recommendation 3** : Clinicians should also monitor the patients’ adherence and tolerability to both the antipsychotic and the metformin regularly. _(good practice point)_",,2015.74,results/parallel/q11_run1.json
parallel,q11,2,1,"In patients on metformin, how frequently should vitamin B12 status be monitored and what supplementation regimen is recommended for deficiency?",https://www.droracle.ai/articles/839243/in-patients-on-metformin-how-frequently-should-vitamin-b12,www.droracle.ai,"# Vitamin B12 Monitoring and Supplementation in Metformin-Treated Patients
**All patients on metformin should have baseline vitamin B12 levels checked, followed by annual monitoring after 4 years of therapy, with immediate supplementation for confirmed deficiency while continuing metformin.** 1 , 2
Section: Vitamin B12 Monitoring and Supplementation in Metformin-Treated Patients > Monitoring Frequency > Standard Monitoring Protocol
* **Baseline assessment:** Check vitamin B12 levels before starting metformin or at first opportunity 1
* **Routine monitoring:** Begin annual vitamin B12 screening after 4 years of continuous metformin therapy, as hepatic B12 stores become depleted at 4-5 years 1 , 3
* **Hematologic parameters:** Measure hemoglobin, hematocrit, and mean corpuscular volume (MCV) annually 4

# Vitamin B12 Monitoring and Supplementation in Metformin-Treated Patients
## Monitoring Frequency
### High-Risk Patients Requiring Earlier/More Frequent Monitoring
Monitor annually from initiation or more frequently if patients have: 1 , 2 , 3

## Diagnostic Thresholds
**Vitamin B12 deficiency is defined as serum levels <150 pmol/L (approximately <203 pg/mL).** 6 , 1 , 3
* **Deficient:** <150 pmol/L or <203 pg/mL 6 , 3
* **Borderline-low:** 150-221 pmol/L or 203-298 pg/mL 7
* **Normal:** >221 pmol/L or >298 pg/mL 7

...

# Vitamin B12 Monitoring and Supplementation in Metformin-Treated Patients
## Supplementation Regimen
### Prophylactic Supplementation
**For patients on long-term metformin (>4 years) with normal B12 levels, prophylactic supplementation is recommended rather than waiting for deficiency to develop.** 1

...

* **Recheck B12 levels 3 months after starting supplementation** to confirm adequacy of replacement 5
* **Continue annual B12",2026-02-12,3139.57,results/parallel/q11_run2.json
parallel,q11,2,2,131-LB: Prevalence of Vitamin B12–Monitoring among Patients Receiving Metformin in a Public Hospital | Diabetes | American Diabetes Association,https://diabetesjournals.org/diabetes/article/71/Supplement_1/131-LB/145316/131-LB-Prevalence-of-Vitamin-B12-Monitoring-among,diabetesjournals.org,"# 131-LB: Prevalence of Vitamin B12–Monitoring among Patients Receiving Metformin in a Public Hospital _Free_
Background: Metformin reduces intestinal absorption of Vitamin B12 in up to 30% of patients and lowers serum Vitamin B12 concentrations in 5-10%. In 2017, the American Diabetes Association (ADA) updated its guidelines to recommend patients taking metformin undergo regular monitoring of Vitamin B12 levels.
To better understand acceptance and application of these guidelines, we undertook an assessment of such monitoring within a single hospital center serving the low-income population in Atlanta, GA to assist in guiding optimal monitoring and patient management.

...

The prevalence of Vitamin B12 levels ordered and measured was 7.5% (674 of 8,975) among patients seen in primary care clinics and 2.3% among those followed in endocrinology (25 of 1,081) (chi-square p<0.0001) . 621 (6.9%) of the metformin-treated primary care patients had neuropathy, and of those 63 had Vitamin B12 levels.

...

Conclusion: Among two outpatient cohorts who were prescribed metformin, there was suboptimal adherence to the ADA’s recommendation for regular monitoring of Vitamin B12 levels. Approaches for increasing and optimizing ordering and monitoring Vitamin B12 levels will be developed.
Increased awareness of the relationship between metformin and Vitamin B12 deficiency and standardized approaches to monitoring are needed.",2022-06-01,3139.57,results/parallel/q11_run2.json
parallel,q11,2,3,Metformin use and vitamin B12 deficiency: New MHRA guidance,https://diabetesonthenet.com/wp-content/uploads/3.-Davies.pdf,diabetesonthenet.com,"# **Metformin use and vitamin B12 deficiency: New MHRA guidance**
## _Sarah Davies_
2. People taking metformin, especially if high-dose or long-term, and particularly if they have other risk factors for deficiency, should have their B12 levels checked periodically.

...

**In June 2022, the MHRA published advice stating that vitamin B12 deficiency is now considered to be a common side effect in people on metformin treatment, especially those receiving a higher dose or longer treatment duration and in those with existing risk factors.

...

# A
This has led to an update to the Product Information for all metformin-containing medications. The MHRA states that low vitamin B12 is now considered to be a common side effect, especially when taking high-dose or long-term metformin, affecting up to one in 10 people. It advises checking levels in patients with symptoms of B12 deficiency, as well as monitoring those at risk of B12 deficiency (see _Box 1_ ).
We are therefore advising checking vitamin B12 serum levels in patients being treated with metformin who have symptoms suggestive of vitamin B12 deficiency.
We also advise that periodic monitoring for patients with risk factors for vitamin B12 deficiency should be considered.”
treatment starts as soon as possible, in order to avoid the development of permanent symptoms.
**Consider periodic monitoring of B12 in patients on metformin with risk factors** **for B12 deficiency** Risk factors are quite wide-ranging and include the following (MHRA, 2022):
2. Also consider periodic monitoring of B12 in patients on metformin with other risk factors for B12 deficiency.
Unfortunately, as there is no clear guidance, consideration on a patient-by-patient basis is required. My own clinical practice is usually a trial",2022-09-19,3139.57,results/parallel/q11_run2.json
parallel,q11,2,4,Vitamin B12 Deficiency in Patients Taking Metformin - PubMed,https://pubmed.ncbi.nlm.nih.gov/39233729,pubmed.ncbi.nlm.nih.gov,"# Vitamin B12 Deficiency in Patients Taking Metformin: Pathogenesis and Recommendations
## Abstract
This review aims to synthesize current knowledge on the pathogenesis, prevalence, clinical implications, and management of metformin-induced vitamin B12 deficiency. Given the significant clinical implications, it is crucial to monitor and manage vitamin B12 levels in patients using metformin.",2024-03-09,3139.57,results/parallel/q11_run2.json
parallel,q11,2,5,"
            Vitamin B12 Deficiency in Patients Taking Metformin: Pathogenesis and Recommendations - PMC
        ",https://pmc.ncbi.nlm.nih.gov/articles/PMC11374140,pmc.ncbi.nlm.nih.gov,"# Vitamin B12 Deficiency in Patients Taking Metformin: Pathogenesis and Recommendations
## Abstract
This review aims to synthesize current knowledge on the pathogenesis, prevalence, clinical implications, and management of metformin-induced vitamin B12 deficiency. Given the significant clinical implications, it is crucial to monitor and manage vitamin B12 levels in patients using metformin.

...

## Introduction and background
Therefore, kidney function should be monitored regularly in people taking metformin  [14 ].

...

This article aims to provide a comprehensive overview of the mechanisms by which long-term metformin use may lead to vitamin B12 deficiency, examine the prevalence and clinical consequences, and offer evidence-based guidelines for monitoring and managing affected patients.

...

# Vitamin B12 Deficiency in Patients Taking Metformin: Pathogenesis and Recommendations
## Review
### Table 1. Summary of studies investigating the association between metformin use and vitamin B12 deficiency.
Prophylactic treatment with vitamin B12 is not yet recommended; however, the Medicines and Healthcare Products Regulatory Agency 2022 guidelines suggest periodic monitoring of vitamin B12 in certain individuals prescribed metformin  [49 ].

### Table 2. Screening criteria outlined for vitamin B12 deficiency.
For instance, patients with conditions like Leber's disease or polycythemia vera require careful monitoring, as supplementation could potentially exacerbate their conditions  [54 ]. In some individuals, decreasing the dose to less than 1,500 mg/day is associated with protection from vitamin B12 deficiency  [55 ].
However, it is advisable to regularly monitor vitamin B12 levels in patients treated with metformin, as they may continue to be at",,3139.57,results/parallel/q11_run2.json
parallel,q11,2,6,Clinician awareness and implementation of vitamin B12 ...,https://link.springer.com/article/10.1186/s12875-026-03185-w,link.springer.com,"# Clinician awareness and implementation of vitamin B ₁₂ monitoring guidance in metformin users: a primary care survey
## Abstract
### Background
Vitamin B ₁₂ deficiency is a recognised adverse effect of long-term metformin use. In 2022, the United Kingdom (UK) Medicines and Healthcare products Regulatory Agency (MHRA) issued a Drug Safety Update advising clinicians to consider periodic vitamin B ₁₂ monitoring in at-risk patients.
However, no specific testing interval or operational guidance has been published, and uptake within primary care remains uncertain.

...

Though this study identified high levels of awareness of the association between metformin and vitamin B ₁₂ deficiency (87%), this did not translate into consistent engagement with the MHRA alert [ [15](https://link.springer.com/article/10.1186/s12875-026-03185-w ""Medicines and Healthcare products Regulatory Agency (MHRA). Metformin and vitamin B12 deficiency: Drug safety update. 2022.

...

```
            "") ] is also likely to be influential. Although the MHRA Drug Safety Update [ [15](https://link.springer.com/article/10.1186/s12875-026-03185-w ""Medicines and Healthcare products Regulatory Agency (MHRA). Metformin and vitamin B12 deficiency: Drug safety update. 2022. 
              https://www.gov.uk/drug-safety-update/metformin-and-reduced-vitamin-b12-levels-new-advice-for-monitoring-patients-at-risk
              
            "") ] reclassified vitamin B ₁₂ deficiency as a common adverse effect of metformin, it advises clinicians only to “consider periodic monitoring” without defining frequency, responsibility, or thresholds for action [ [15](https://link.springer.com/article/10.1186/s12875-026-03185-w ""Medicines and Healthcare products Regulatory Agency (MHRA). Metformin and",2026-01-27,3139.57,results/parallel/q11_run2.json
parallel,q11,2,7,Metformin and Vitamin B12 Deficiency - Blog - NIDDK,https://www.niddk.nih.gov/health-information/professionals/diabetes-discoveries-practice/metformin-vitamin-b12-deficiency,www.niddk.nih.gov,"* Entire Site
* Research & Funding
* Health Information
* News
* About NIDDK
  Search
1. Home
2. Health Information
3. For Health Professionals
4. Diabetes Discoveries & Practice Blog
5. Metformin and Vitamin B12 Deficiency
  Diabetes Discoveries & Practice Blog
Metformin and Vitamin B12 Deficiency
April 25, 2018
* Research Advancements
* Medication and Monitoring
Providers need to be aware of the possibility of B12 deficiency and monitor patients.
Jill Crandall, MD, Professor of Medicine at Albert Einstein College of Medicine in New York, shares insights about metformin and vitamin B12.
Thank you, Dr. Crandall, for sharing your expertise.
One thing I will mention about our findings in DPP that’s relevant to the issue about how we deal with this clinically is that, from the beginning of the DPP study, we were aware of the relationship between metformin and low B12, so we were monitoring CBCs during the study.
But we found in our analysis of the B12 levels that the presence of anemia did not discriminate between who did or did not have low B12 levels, so I think we may have a false sense of security by just analyzing hemoglobin and hematocrit, for example, in our metformin-treated patients.
I think that’s one of the reasons why guidelines are now starting to come out recommending actual measurement of vitamin B12.
I think it’s hard at this point to have a precise recommendation for when to begin measuring, but I think within a few years of starting metformin is probably when I would start to consider doing it.
The question clinically is whether we should be treating all patients who are taking metformin with a vitamin B12 supplement, or whether we should be testing them. What’s the most cost-effective approach?
I think that one could make an",,3139.57,results/parallel/q11_run2.json
parallel,q11,2,8,Metformin-Induced Vitamin B12 Deficiency... : Southern Medical Journal,http://journals.lww.com/smajournalonline/Fulltext/2010/03000/Metformin_Induced_Vitamin_B12_Deficiency.24.aspx,journals.lww.com,"Metformin-Induced Vitamin B12 Deficiency Presenting as a Peripheral Neuropathy DavidS.H.Bell Authors and Affiliations Southern Medical Journal [103(3):p 265-267, March 2010.](https://www.ovid.com/jnls/smajournalonline/toc/2010/03000) | DOI: 10\.1097/SMJ.0b013e3181ce0e4d Abstract In Brief Abstract: Chronic metformin use results in vitamin B12 deficiency in 30% of patients. Exhaustion of vitamin B12 stores usually occurs after twelve to fifteen years of absolute vitamin B12 deficiency. Metformin has been available in the United States for approximately fifteen years. Vitamin B12 deficiency, which may present without anemia and as a peripheral neuropathy, is often misdiagnosed as diabetic neuropathy, although the clinical findings are usually different. Failure to diagnose the cause of the neuropathy will result in progression of central and/or peripheral neuronal damage which can be arrested but not reversed with vitamin B12 replacement. To my knowledge, this is the first report of metformin-induced vitamin B12 deficiency causing neuropathy. Full Text Access for Subscribers Log in for access Individual Subscribers Log in for access Access through Ovid",,3139.57,results/parallel/q11_run2.json
parallel,q11,2,9,"
            Metformin-induced vitamin B12 deficiency: An underdiagnosed cause of diabetic neuropathy - PMC
        ",https://pmc.ncbi.nlm.nih.gov/articles/PMC12278092,pmc.ncbi.nlm.nih.gov,"# Metformin-induced vitamin B12 deficiency: An underdiagnosed cause of diabetic neuropathy
## DIAGNOSIS OF VITAMIN B12 DEFICIENCY
The measurement of B12-dependent reaction substrates, such as MMA and homocysteine, serves as a sensitive indicator of deficiency. Elevated levels are detected in over 90% of patients with B12 deficiency, even before serum B12 levels fall below the normal range, making them highly sensitive diagnostic tools.

...

## WHAT DO THE GUIDELINES SAY?
Currently, vitamin B12 levels are routinely monitored to assess deficiency and if necessary initiate supplementation. Among the guidelines addressing vitamin B12 deficiency, the 2024 National Institute for Health and Care Excellence guidelines provide general recommendations on whom to screen.

...

Regarding metformin use, the guideline highlights an increased risk of deficiency in patients taking doses exceeding 1500 mg/day or those who have been on the drug for more than 4-5 years. Periodic monitoring is recommended although no specific interval is established [39 ].
Section: Metformin-induced vitamin B12 deficiency: An underdiagnosed cause of diabetic neuropathy > WHAT DO THE GUIDELINES SAY? > Table 1.
* |**Recommendation**
* |**Monitoring frequency**
* |**Treatment**
* |**Ref.**
* |
  | --- | --- | --- | --- | --- |
  |British Committee for Standards in Haematology |Does not recommend routine screening, but suggests evaluation if clinical suspicion exists; highlights the importance of ruling out pernicious anemia |Not specified |If due to metformin: Oral cobalamin 50 μg/day for 1 month; prophylactic supplementation not recommended | [46 ] |

# Metformin-induced vitamin B12 deficiency: An underdiagnosed cause of diabetic neuropathy
## WHAT DO THE GUIDELINES SAY?
### Table 1.",2015-07-25,3139.57,results/parallel/q11_run2.json
parallel,q11,2,10,In patients on metformin (especially ≥1500 mg daily or long ...,https://www.droracle.ai/articles/1055794/in-patients-on-metformin-especially-1500-mg-daily-or,www.droracle.ai,"# Metformin and B12 Deficiency
**Patients on metformin, especially those taking ≥1500 mg daily or using it long-term (>5 years), should have vitamin B12 levels measured at baseline, then every 2-3 years, with more frequent monitoring in high-risk patients, and deficiency should be treated with supplementation to prevent irreversible neurologic complications including peripheral neuropathy and autonomic dysfunction.**

## Monitoring Strategy
The 2024 NICE guideline recommends measuring hematologic parameters annually and **vitamin B12 at 2-3 year intervals** in patients on metformin 7 . The FDA label echoes this recommendation 3 .

...

* **Baseline B12 measurement** before starting metformin
* **Annual monitoring** for patients on ≥1500 mg daily, duration >5 years, age ≥65, or with other risk factors
* **Every 2-3 years** for lower-risk patients on standard doses

...

[Should vitamin B12 levels be routinely monitored in patients taking metformin?](https://www.droracle.ai/articles/1107983/should-vitamin-b12-levels-be-routinely-monitored-in-patients) [How does metformin affect vitamin B12 status and what monitoring or supplementation is recommended?](https://www.droracle.ai/articles/1011643/how-does-metformin-affect-vitamin-b12-status-and-what) [Should vitamin B12 supplementation be continued after discontinuing metformin in a",2026-04-13,3139.57,results/parallel/q11_run2.json
parallel,q11,3,1,"In patients on metformin, how frequently should vitamin B12 status be monitored and what supplementation regimen is recommended for deficiency?",https://www.droracle.ai/articles/839243/in-patients-on-metformin-how-frequently-should-vitamin-b12,www.droracle.ai,"# Vitamin B12 Monitoring and Supplementation in Metformin-Treated Patients
**All patients on metformin should have baseline vitamin B12 levels checked, followed by annual monitoring after 4 years of therapy, with immediate supplementation for confirmed deficiency while continuing metformin.** 1 , 2

...

* **Baseline assessment:** Check vitamin B12 levels before starting metformin or at first opportunity 1
* **Routine monitoring:** Begin annual vitamin B12 screening after 4 years of continuous metformin therapy, as hepatic B12 stores become depleted at 4-5 years 1 , 3
* **Hematologic parameters:** Measure hemoglobin, hematocrit, and mean corpuscular volume (MCV) annually 4

# Vitamin B12 Monitoring and Supplementation in Metformin-Treated Patients
## Monitoring Frequency
### High-Risk Patients Requiring Earlier/More Frequent Monitoring
Monitor annually from initiation or more frequently if patients have: 1 , 2 , 3

## Diagnostic Thresholds
**Vitamin B12 deficiency is defined as serum levels <150 pmol/L (approximately <203 pg/mL).** 6 , 1 , 3

...

* **Recheck B12 levels 3 months after starting supplementation** to confirm adequacy of replacement 5
* **Continue annual B12 monitoring** even with supplementation, as metformin's effect is cumulative 3
* **Monitor MMA and homocysteine** if B12 levels remain borderline despite supplementation 6 , 5

# Vitamin B12 Monitoring and Supplementation in Metformin-Treated Patients
## Key Clinical Pitfalls to Avoid
### Common Errors
* **Ignoring the FDA label guidance:** The FDA explicitly recommends measuring hematologic parameters annually and vitamin B12 at 2-3 year intervals 4",2026-02-12,4760.21,results/parallel/q11_run3.json
parallel,q11,3,2,131-LB: Prevalence of Vitamin B12–Monitoring among Patients Receiving Metformin in a Public Hospital | Diabetes | American Diabetes Association,https://diabetesjournals.org/diabetes/article/71/Supplement_1/131-LB/145316/131-LB-Prevalence-of-Vitamin-B12-Monitoring-among,diabetesjournals.org,"# 131-LB: Prevalence of Vitamin B12–Monitoring among Patients Receiving Metformin in a Public Hospital _Free_
Background: Metformin reduces intestinal absorption of Vitamin B12 in up to 30% of patients and lowers serum Vitamin B12 concentrations in 5-10%. In 2017, the American Diabetes Association (ADA) updated its guidelines to recommend patients taking metformin undergo regular monitoring of Vitamin B12 levels.
To better understand acceptance and application of these guidelines, we undertook an assessment of such monitoring within a single hospital center serving the low-income population in Atlanta, GA to assist in guiding optimal monitoring and patient management.

...

The prevalence of Vitamin B12 levels ordered and measured was 7.5% (674 of 8,975) among patients seen in primary care clinics and 2.3% among those followed in endocrinology (25 of 1,081) (chi-square p<0.0001) . 621 (6.9%) of the metformin-treated primary care patients had neuropathy, and of those 63 had Vitamin B12 levels.

...

Conclusion: Among two outpatient cohorts who were prescribed metformin, there was suboptimal adherence to the ADA’s recommendation for regular monitoring of Vitamin B12 levels. Approaches for increasing and optimizing ordering and monitoring Vitamin B12 levels will be developed.
Increased awareness of the relationship between metformin and Vitamin B12 deficiency and standardized approaches to monitoring are needed.",2022-06-01,4760.21,results/parallel/q11_run3.json
parallel,q11,3,3,"
            Vitamin B12 Deficiency in Patients Taking Metformin: Pathogenesis and Recommendations - PMC
        ",https://pmc.ncbi.nlm.nih.gov/articles/PMC11374140,pmc.ncbi.nlm.nih.gov,"# Vitamin B12 Deficiency in Patients Taking Metformin: Pathogenesis and Recommendations
## Abstract
This review aims to synthesize current knowledge on the pathogenesis, prevalence, clinical implications, and management of metformin-induced vitamin B12 deficiency. Given the significant clinical implications, it is crucial to monitor and manage vitamin B12 levels in patients using metformin.

...

## Introduction and background
Therefore, kidney function should be monitored regularly in people taking metformin  [14 ].

...

## Review
### Table 1. Summary of studies investigating the association between metformin use and vitamin B12 deficiency.
Prophylactic treatment with vitamin B12 is not yet recommended; however, the Medicines and Healthcare Products Regulatory Agency 2022 guidelines suggest periodic monitoring of vitamin B12 in certain individuals prescribed metformin  [49 ].

...

### Table 2. Screening criteria outlined for vitamin B12 deficiency.
However, it is advisable to regularly monitor vitamin B12 levels in patients treated with metformin, as they may continue to be at higher risk for deficiency despite adequate supplementation.

## Conclusions
The clinical implications of this deficiency are significant, as unaddressed, prolonged vitamin B12 deficiency can lead to anemia and irreversible neurological damage, among other adverse effects. Prevention and treatment of vitamin B12 deficiency are simple and effective; therefore, clinicians should periodically monitor vitamin B12 levels in patients prescribed metformin.",,4760.21,results/parallel/q11_run3.json
parallel,q11,3,4,Vitamin B12 Deficiency in Patients Taking Metformin - PubMed,https://pubmed.ncbi.nlm.nih.gov/39233729,pubmed.ncbi.nlm.nih.gov,"# Vitamin B12 Deficiency in Patients Taking Metformin: Pathogenesis and Recommendations
## Abstract
This review aims to synthesize current knowledge on the pathogenesis, prevalence, clinical implications, and management of metformin-induced vitamin B12 deficiency. Given the significant clinical implications, it is crucial to monitor and manage vitamin B12 levels in patients using metformin.",2024-03-09,4760.21,results/parallel/q11_run3.json
parallel,q11,3,5,Metformin use and vitamin B12 deficiency: New MHRA guidance,https://diabetesonthenet.com/wp-content/uploads/3.-Davies.pdf,diabetesonthenet.com,"# **Metformin use and vitamin B12 deficiency: New MHRA guidance**
## _Sarah Davies_
2. People taking metformin, especially if high-dose or long-term, and particularly if they have other risk factors for deficiency, should have their B12 levels checked periodically.

...

# A
This has led to an update to the Product Information for all metformin-containing medications. The MHRA states that low vitamin B12 is now considered to be a common side effect, especially when taking high-dose or long-term metformin, affecting up to one in 10 people. It advises checking levels in patients with symptoms of B12 deficiency, as well as monitoring those at risk of B12 deficiency (see _Box 1_ ).
We are therefore advising checking vitamin B12 serum levels in patients being treated with metformin who have symptoms suggestive of vitamin B12 deficiency.
We also advise that periodic monitoring for patients with risk factors for vitamin B12 deficiency should be considered.”
treatment starts as soon as possible, in order to avoid the development of permanent symptoms.
**Consider periodic monitoring of B12 in patients on metformin with risk factors** **for B12 deficiency** Risk factors are quite wide-ranging and include the following (MHRA, 2022):

...

The biggest change to current clinical practice is likely to be the advice to consider periodic monitoring of B12 levels in patients taking metformin who are at risk of deficiency, which includes a wide range of our patients living with type 2 diabetes.",2022-09-19,4760.21,results/parallel/q11_run3.json
parallel,q11,3,6,Clinician awareness and implementation of vitamin B12 ...,https://link.springer.com/article/10.1186/s12875-026-03185-w,link.springer.com,"# Clinician awareness and implementation of vitamin B ₁₂ monitoring guidance in metformin users: a primary care survey
## Abstract
### Background
Vitamin B ₁₂ deficiency is a recognised adverse effect of long-term metformin use. In 2022, the United Kingdom (UK) Medicines and Healthcare products Regulatory Agency (MHRA) issued a Drug Safety Update advising clinicians to consider periodic vitamin B ₁₂ monitoring in at-risk patients.
However, no specific testing interval or operational guidance has been published, and uptake within primary care remains uncertain.

...

Though this study identified high levels of awareness of the association between metformin and vitamin B ₁₂ deficiency (87%), this did not translate into consistent engagement with the MHRA alert [ [15](https://link.springer.com/article/10.1186/s12875-026-03185-w ""Medicines and Healthcare products Regulatory Agency (MHRA). Metformin and vitamin B12 deficiency: Drug safety update. 2022.

...

```
            "") ] is also likely to be influential. Although the MHRA Drug Safety Update [ [15](https://link.springer.com/article/10.1186/s12875-026-03185-w ""Medicines and Healthcare products Regulatory Agency (MHRA). Metformin and vitamin B12 deficiency: Drug safety update. 2022. 
              https://www.gov.uk/drug-safety-update/metformin-and-reduced-vitamin-b12-levels-new-advice-for-monitoring-patients-at-risk
              
            "") ] reclassified vitamin B ₁₂ deficiency as a common adverse effect of metformin, it advises clinicians only to “consider periodic monitoring” without defining frequency, responsibility, or thresholds for action [ [15](https://link.springer.com/article/10.1186/s12875-026-03185-w ""Medicines and Healthcare products Regulatory Agency (MHRA). Metformin and vitamin B12 deficiency: Drug safety update. 2022. 
```",2026-01-27,4760.21,results/parallel/q11_run3.json
parallel,q11,3,7,Metformin-Induced Vitamin B12 Deficiency... : Southern Medical Journal,http://journals.lww.com/smajournalonline/Fulltext/2010/03000/Metformin_Induced_Vitamin_B12_Deficiency.24.aspx,journals.lww.com,"Metformin-Induced Vitamin B12 Deficiency Presenting as a Peripheral Neuropathy DavidS.H.Bell Authors and Affiliations Southern Medical Journal [103(3):p 265-267, March 2010.](https://www.ovid.com/jnls/smajournalonline/toc/2010/03000) | DOI: 10\.1097/SMJ.0b013e3181ce0e4d Abstract In Brief Abstract: Chronic metformin use results in vitamin B12 deficiency in 30% of patients. Exhaustion of vitamin B12 stores usually occurs after twelve to fifteen years of absolute vitamin B12 deficiency. Metformin has been available in the United States for approximately fifteen years. Vitamin B12 deficiency, which may present without anemia and as a peripheral neuropathy, is often misdiagnosed as diabetic neuropathy, although the clinical findings are usually different. Failure to diagnose the cause of the neuropathy will result in progression of central and/or peripheral neuronal damage which can be arrested but not reversed with vitamin B12 replacement. To my knowledge, this is the first report of metformin-induced vitamin B12 deficiency causing neuropathy. Full Text Access for Subscribers Log in for access Individual Subscribers Log in for access Access through Ovid",,4760.21,results/parallel/q11_run3.json
parallel,q11,3,8,Long-term metformin therapy and vitamin B12 deficiency,https://www.wjgnet.com/1948-9358/full/v12/i7/916.htm,www.wjgnet.com,"A nested case-control study conducted in Hong Kong also suggested that an increased risk of vitamin B12 deficiency was associated with the current dose and duration of metformin therapy in patients with diabetes [44 ]. Authors found that each 1 g/d metformin dose increment conferred a more than 2-fold increased risk of developing vitamin B12 deficiency (adjusted odds ratio of 2.88, 95% confidence interval: 2.15-3.87; _P_ < 0.001).
In patients using metformin for 3 years or more, the adjusted odds ratio was 2.39 (95% confidence interval: 1.46-3.91; _P_ = 0.001) compared with those receiving metformin for less than 3 years [44 ].
When the metformin and placebo groups were combined, the odds ratio associated with vitamin B12 deficiency per year of metformin use was 1.13 (95% confidence interval: 1.06-1.20) after adjusting for confounders such as age, sex, baseline body mass index, weight change, diabetes status, and prescription of acid suppression therapy [32 ]. The prevalence of anemia was higher in the metformin group, but did not differ by vitamin B12 status.
| (2) Screening for vitamin B12 deficiency should be performed in the presence of one or more of the following risk factors or conditions: (a) Strong clinical suspicion of deficiency: clinical evidence of vitamin B12 deficiency, including unexplained macrocytic anemia, neurological symptoms and peripheral neuropathy ¹ ; (b) Preexisting diabetic peripheral and/or autonomic neuropathy ² ; (c) Duration of metformin treatment ≥ 5 yr; (d) Older adults: age ≥ 65 yr; (e) High cumulative metformin
exposure defined by a MUI value of > 5 (this criterion applies to patients with type 2 diabetes treated with metformin for at least 6 mo) ³ ; (f) Metformin dose of ≥ 1500 mg/d for a duration of at least 6 mo (the highest risk of vitamin B12 deficiency has been observed with a daily metformin dose of ≥ 2000 mg); (g) Concomitant long-term use (≥ 12 mo) of acid-suppressing medications such as PPIs and H2RAs; and (h) Concomitant presence of risk factors or comorbidities associated with an increased

...

Therefore, we believe that initial screening and subsequent intermittent periodic testing of vitamin B12 status in selected patients treated with metformin may be cost-effective and should be considered in order to promptly identify and correct vitamin B12 deficiency. In this regard, we have proposed a list of criteria for a cost-effective screening and subsequent",2021-07-15,4760.21,results/parallel/q11_run3.json
parallel,q11,3,9,In patients on metformin (especially ≥1500 mg daily or long ...,https://www.droracle.ai/articles/1055794/in-patients-on-metformin-especially-1500-mg-daily-or,www.droracle.ai,"# Metformin and B12 Deficiency
**Patients on metformin, especially those taking ≥1500 mg daily or using it long-term (>5 years), should have vitamin B12 levels measured at baseline, then every 2-3 years, with more frequent monitoring in high-risk patients, and deficiency should be treated with supplementation to prevent irreversible neurologic complications including peripheral neuropathy and autonomic dysfunction.**

## Monitoring Strategy
The 2024 NICE guideline recommends measuring hematologic parameters annually and **vitamin B12 at 2-3 year intervals** in patients on metformin 7 . The FDA label echoes this recommendation 3 .

...

* **Baseline B12 measurement** before starting metformin
* **Annual monitoring** for patients on ≥1500 mg daily, duration >5 years, age ≥65, or with other risk factors
* **Every 2-3 years** for lower-risk patients on standard doses

...

[Should vitamin B12 levels be routinely monitored in patients taking metformin?](https://www.droracle.ai/articles/1107983/should-vitamin-b12-levels-be-routinely-monitored-in-patients) [How does metformin affect vitamin B12 status and what monitoring or supplementation is recommended?](https://www.droracle.ai/articles/1011643/how-does-metformin-affect-vitamin-b12-status-and-what) [Should vitamin B12 supplementation be continued after discontinuing metformin in a",2026-04-13,4760.21,results/parallel/q11_run3.json
parallel,q11,3,10,Metformin in the management of antipsychotic-induced weight ...,https://pmc.ncbi.nlm.nih.gov/articles/PMC8788031,pmc.ncbi.nlm.nih.gov,"# Metformin in the management of antipsychotic-induced weight gain in adults with psychosis: development of the first evidence-based guideline using GRADE methodology
## Findings
### De novo recommendations
#### Box 2. Recommendations developed addressing optimal metformin dosing, proosed treatment goals, ongoing monitoring and management of side effects, alongside deprescribing.
##### Area 5 (KHQ 7): Ongoing monitoring
**Recommendation 1:** Renal function should be monitored annually.

...

Section: Metformin in the management of antipsychotic-induced weight gain in adults with psychosis: development of the first evidence-based guideline using GRADE methodology > Findings > De novo recommendations > Box 2. Recommendations developed addressing optimal metformin dosing, proosed treatment goals, ongoing monitoring and management of side effects, alongside deprescribing. > Area 5 (KHQ 7): Ongoing monitoring
**Recommendation 2:** Intermittent monitoring of vitamin B ₁₂ levels is recommended, especially where evidence of megaloblastic anaemia is present. _(good practice point)_
Section: Metformin in the management of antipsychotic-induced weight gain in adults with psychosis: development of the first evidence-based guideline using GRADE methodology > Findings > De novo recommendations > Box 2. Recommendations developed addressing optimal metformin dosing, proosed treatment goals, ongoing monitoring and management of side effects, alongside deprescribing. > Area 5 (KHQ 7): Ongoing monitoring
**Recommendation 3** : Clinicians should also monitor the patients’ adherence and tolerability to both the antipsychotic and the metformin regularly. _(good practice point)_",,4760.21,results/parallel/q11_run3.json
parallel,q12,1,1,Dosing Information for the Indications DUPIXENT® (dupilumab) Treats,https://www.dupixenthcp.com/dam/jcr:362df6ef-1409-4e67-89f4-9f42d5aed059/dermatology-dupixent-dosing-card.pdf,www.dupixenthcp.com,"# DOSAGE & ADMINISTRATION
## APPROVED IN INDICATIONS DRIVEN IN PART BY TYPE 2 INFLAMMATION ¹ 9
ATOPIC DERMATITIS DUPIXENT is indicated for the treatment of adult and pediatric patients aged 6 months and older with moderate- to-severe atopic dermatitis (AD) whose disease is not adequately controlled with topical prescription therapies or when those therapies are not advisable. DUPIXENT can be used with or without topical corticosteroids.
ATOPIC DERMATITIS (AD)
One dosage regimen in adults 18+ YEARS
ADULTS (18+ YEARS) **ONE DOSAGE REGIMEN** **1**
600 mg 2 x 300 mg Initial loading dose:
300 mg Q2W 1 x 300 mg Followed by:
6 YEARS TO 17 YEARS
CHILDREN AND ADOLESCENTS (6 YEARS TO 17 YEARS) **WEIGHT-TIERED DOSAGE REGIMEN** **1,a**
≥60 kg 600 mg 2 x 300 mg
Initial loading dose:
300 mg Q2W 1 x 300 mg Followed by:
15 to <30 kg 600 mg 2 x 300 mg
Initial loading dose:

...

300 mg Q2W 1 x 300 mg One dosage regimen in adults 18+ YEARS No initial loading dose recommended
6 YEARS TO 17 YEARS
PEDIATRIC AND ADOLESCENT PATIENTS (6 YEARS TO 17 YEARS) WEIGHT-TIERED DOSING REGIMEN
No initial loading dose recommended
No initial loading dose recommended
15 to <30 kg
30 to <60 kg
300 mg Q4W 1 x 300 mg
200 mg Q2W 1 x 200 mg
No initial loading dose recommended ≥60 kg 300 mg Q2W 1 x 300 mg

...

ADVERSE REACTIONS: Most common adverse reactions are: • Atopic Dermatitis (incidence ≥1%): injection site reactions, conjunctivitis, blepharitis, oral herpes, keratitis, eye pruritus, other herpes simplex virus infection, dry eye, and eosinophilia. The safety profile in pediatric patients through Week 16 was similar to that of adults with AD.",2026-05-13,3043.08,results/parallel/q12_run1.json
parallel,q12,1,2,DUPIXENT® (dupilumab) Dosage for Uncontrolled Moderate-to-Severe Atopic Dermatitis,https://www.dupixenthcp.com/atopicdermatitis/dosage-administration,www.dupixenthcp.com,"# Dosage and Administration
## **Get the full
dosing regimen**
Email Dosing Regimen [PRINT DOSING REGIMEN](https://www.dupixenthcp.com/dam/jcr:362df6ef-1409-4e67-89f4-9f42d5aed059/dupixent-franchise-dosing-card.90719fa96ddf64b56c94d8b5b1a37fec.pdf)
**For supplemental injection training, visit our [Patient Video Injection Support page](https://www.dupixent.com/support-savings/injection-support-center)**
AD, atopic dermatitis; Q2W, once every 2 weeks; Q4W, once every 4 weeks.
a 5 kg is equal to 11 lb; 15 kg is equal to 33 lb;
30 kg is equal to 66 lb; 60 kg is equal to 132 lb.
Dupixent® (dupilumab) pre-filled pen and syringe 200mg or 300mg for ages 2 years and up

## **Consider before injecting**
+ In children 6 months to less than 12 years of age, DUPIXENT should be given by a caregiver
+ In children 12 years of age and older, it is recommended that DUPIXENT be administered by or under the
  supervision of an adult

...

## _DUPIXENT MyWay®_
In an open-label extension study, the long-term safety profile of DUPIXENT ± TCS in pediatric patients observed through Week 52 was consistent with that seen in adults with AD, with hand-foot-and-mouth disease and skin papilloma (incidence ≥2%) reported in patients 6 months to 5 years of age. These cases did not lead to study drug discontinuation.

...

**Atopic Dermatitis :** DUPIXENT is indicated for the treatment of adult and pediatric patients aged 6 months and older with moderate-to-severe atopic dermatitis (AD) whose disease is not adequately controlled with topical prescription therapies or when those therapies are not advisable. DUPIXENT can be used with or without topical corticosteroids.",,3043.08,results/parallel/q12_run1.json
parallel,q12,1,3,What is the recommended dupilumab dosing schedule for ...,https://www.droracle.ai/articles/912945/what-is-the-recommended-dupilumab-dosing-schedule-for-patients,www.droracle.ai,"Dupilumab Dosing for Atopic Dermatitis For patients ≥12 years or ≥40 kg with atopic dermatitis, administer dupilumab 600 mg loading dose (two 300 mg injections) followed by 300 mg every 2 weeks; for children 6-11 years, use weight-tiered dosing with loading doses followed by either 300 mg every 4 weeks (15 to <30 kg) or 200 mg every 2 weeks (30 to <60 kg). 1",,3043.08,results/parallel/q12_run1.json
parallel,q12,1,4,"Dupilumab Dosage Guide + Max Dose, Adjustments - Drugs.com",https://www.drugs.com/dosage/dupilumab.html,www.drugs.com,"# Dupilumab Dosage
## Usual Adult Dose for:
### Usual Pediatric Dose for:
* Atopic Dermatitis
* Asthma
* Eosinophilic Esophagitis

## Usual Adult Dose for Atopic Dermatitis
Initial dose: 600 mg subcutaneously once
Subsequent doses: 300 mg subcutaneously every other week
**Comments:**

...

**Use:** For the treatment of patients with moderate to severe atopic dermatitis whose disease is not adequately controlled with topical prescription therapies or when those therapies are not advisable

...

## Usual Pediatric Dose for Atopic Dermatitis
**6 months to 5 years:**
* Weight 5 to less than 15 kg: 200 mg subcutaneously every 4 weeks
* Weight 15 to less than 30 kg: 300 mg subcutaneously every 4 weeks
  **6 to 17 years:**
**Comments:**
Section: Dupilumab Dosage > Usual Pediatric Dose for Atopic Dermatitis
* For patients 6 months to 5 years of age: No initial loading dose is recommended.
* For patients 6 to 17 years of age: The 400 or 600 mg initial loading dose should be administered as 2 injections (200 or 300 mg per injection, respectively) at different injection sites.
* This drug can be used with or without topical corticosteroids.",,3043.08,results/parallel/q12_run1.json
parallel,q12,1,5,How DUPIXENT® (dupilumab) is Taken: Eczema Dosing,https://www.dupixent.com/atopicdermatitis/why-dupixent/dosing,www.dupixent.com,"DUPIXENT is a prescription medicine used to treat adults and children 6 months of age and older with moderate-to-severe eczema (atopic dermatitis or AD) that is not well controlled with prescription therapies used on the skin (topical), or who cannot use topical therapies.

# What You Should Know
**It is not taken every day. DUPIXENT is taken only once or twice a month (based on age and weight).**
See dosing charts below

...

## DUPIXENT Dosing 101
| |Initial
Dose |Subsequent
Dosage |
| --- | --- | --- |
|Any
weight |**600 mg** (two 300-mg
injections)* |**300 mg** every 2 weeks |
*Administered into different injection sites.
Children and teens
(6-17 years)
| |Initial
Dose |Subsequent
Dosage |
| --- | --- | --- |
|132 lb
or more |**600 mg** (two 300-mg
injections)* |**300 mg** every 2 weeks |
|66 lb to
under
132 lb |**400 mg** (two 200-mg
injections)* |**200 mg** every 2 weeks |
|33 lb to
under
66 lb |**600 mg** (two 300-mg
injections)* |**300 mg** every 4 weeks |

...

| |Initial
Dose |Subsequent
Dosage |
| --- | --- | --- |
|33 lb to
under
66 lb |**300 mg** (one 300-mg
injection) |**300 mg** every 4 weeks |
|11 lb to
under
33 lb |**200 mg** (one 200-mg
injection) |**200 mg** every 4 weeks |

...

## **Indication**
DUPIXENT is a prescription medicine used to treat adults and children 6 months of age and older with moderate-to-severe eczema (atopic dermatitis or AD) that is not well controlled with prescription therapies used on the skin (topical), or who cannot use topical therapies. DUPIXENT can be used with or without topical corticosteroids. It is not known if DUPIXENT is safe and effective in children with AD under 6 months of age.",,3043.08,results/parallel/q12_run1.json
parallel,q12,1,6,Dupilumab (Dupixent) – Guidelines+ Monograph - Guideline Central,https://www.guidelinecentral.com/insights/aug-2026-dupixent-dupilumab-monograph/,www.guidelinecentral.com,"# Dupilumab (Dupixent) for Atopic Dermatitis, Asthma, & More – Guidelines+ Monograph
## **Medication Overview:**
| Indicated Condition | Indication | Age | Initial Approval Date |
| Eczema (atopic dermatitis) | For the treatment of adult and pediatric patients aged 6 months and older with moderate-to-severe AD whose disease is not adequately controlled with topical prescription therapies or when those therapies are not advisable.

...

* **Dosage in Adults:** Recommended dosage is an initial dose of 600 mg (two 300 mg injections), followed by 300 mg given every 2 weeks (Q2W).
* **Dosage in Pediatric Patients 6 Months to 5 Years of Age:** 5 to less than 15 kg: 200 mg (one 200 mg injection) every four weeks (Q4W); 15 to less than 30 kg: 300 mg (one 300 mg injection) every four weeks (Q4W). For pediatric patients 6 months to 5 years of age, no initial loading dose is recommended.

# Dupilumab (Dupixent) for Atopic Dermatitis, Asthma, & More – Guidelines+ Monograph
## **Medication Overview:**
### **Warnings and Precautions:**
#### **Dosage and Administration:**
For pediatric patients 6 years to 11 years old with asthma and co-morbid moderate-to-severe atopic dermatitis, follow the recommended dosage as per Table 2 which include initial loading dose.

...

* **Dosage in Adults:** Recommended dosage is an initial dose of 600 mg (two 300 mg injections), followed by 300 mg given every 2 weeks (Q2W).
* **Dosage in Pediatric Patients 2 Years to 5 Years of Age:** 5 to less than 15 kg: 200 mg (one 200 mg injection) every 4 weeks (Q4W); 15 to less than 30 kg: 300 mg (one 300 mg injection) every 4 weeks (Q4W). For pediatric patients 2 years to 5 years of age with CSU, no initial loading dose is recommended.
Section: Dupilumab (Dupixent) for Atopic Dermatitis, Asthma, & More – Guidelines+ Monograph > **Medication Overview:** > **Warnings and Precautions:**",,3043.08,results/parallel/q12_run1.json
parallel,q12,1,7,Guidelines of care for the management of atopic dermatitis ...,https://www.jaad.org/article/S0190-9622(23)02878-5/fulltext,www.jaad.org,"Wherever possible, use a light source that minimizes the potential for harm under the supervision of a qualified clinician. | Conditional | Low | 12-16 |  |  |  |
| Monoclonal antibodies (biologics) |  |  |  |  |  |  |
| 2.1 | Dupilumab | On-label | For adults with moderate to severe AD, we recommend dupilumab. | Strong | Moderate | ⁹ , 17-22 |
| 2.2 | Tralokinumab | On-label | For adults with moderate to severe AD, we recommend tralokinumab. | Strong | Moderate | ⁹ , 23-25 |

...

# Guidelines of care for the management of atopic dermatitis in adults with phototherapy and systemic therapies
## Methods
### Monoclonal antibodies (biologics)
Dupilumab at standard dosing (600 mg subcutaneously at initiation, then 300 mg every 2 weeks) is somewhat less efficacious than higher doses of those JAK inhibitors, with somewhat better efficacy than abrocitinib 100 mg daily and comparable efficacy to upadacitinib 15 mg daily.

...

Tralokinumab, a monoclonal antibody targeting interleukin-13, is the second biologic approved for AD. In multiple clinical trials, tralokinumab at standard dosing (600 mg at initiation followed by 300 mg every 2 weeks) significantly improved the signs and symptoms of AD as well as QOL.

...

### Janus kinase (JAK) inhibitors
| Medication | Dose | Notes |
| Dupilumab | 600 mg then 300 mg SC every 2 wk | Pediatric and adolescent dosing will differ. Please see the product package insert for details. |
| Tralokinumab | 600 mg then 300 mg SC every 2 wk | Dose reduction to 300 mg every 4 weeks may be considered after 16 weeks if an adequate response is achieved. |",2024-02-01,3043.08,results/parallel/q12_run1.json
parallel,q12,1,8,Full article: Successful dose reduction of dupilumab in pediatric patients with atopic dermatitis in daily practice: results from the BioDay registry,https://www.tandfonline.com/doi/full/10.1080/14712598.2026.2703825,www.tandfonline.com,"# Successful dose reduction of dupilumab in pediatric patients with atopic dermatitis in daily practice: results from the BioDay registry
## ABSTRACT
### Research design and methods
Pediatric patients (aged ≤16 years) treated with dupilumab were included. Patients with controlled AD were considered eligible for dose reduction.

...

## 3. Results
### 3.2. Outcomes after initiating (in)direct dose reduction
The longest dosing interval achieved in the direct dose reduction group was dupilumab 300 mg every 8 weeks (Q8W). Eighteen (27.7%) patients initiated dose reduction before 52 weeks of dupilumab treatment.

...

The mean dupilumab treatment duration at dose reduction baseline for the controlled disease, AEs and controlled disease, and administration problems and controlled disease group was 62.6 (SD 21.0) weeks, 35.3 (SD 18.3) weeks, and 54.3 (SD 27.8) weeks, respectively.

...

* van der Rijst LP, van Luijk CM, van der Kamp S, et al. Dupilumab-associated ocular surface disease in paediatric atopic dermatitis patients: results from the BioDay registry. Clin Exp Allergy . 2025;55(5):391–402.

...

* Spekhorst LS, Bakker D, Drylewicz J, et al. Patient-centered dupilumab dosing regimen leads to successful dose reduction in persistently controlled atopic dermatitis. Allergy . 2022;77(11):3398–3407.",2026-07-03,3043.08,results/parallel/q12_run1.json
parallel,q12,1,9,A real-world disproportionality analysis of dupilumab safety in children aged 0-5 years with atopic dermatitis,https://pubmed.ncbi.nlm.nih.gov/42257983,pubmed.ncbi.nlm.nih.gov,"A real-world disproportionality analysis of dupilumab safety in children aged 0-5 years with atopic dermatitis
Naunyn Schmiedebergs Arch Pharmacol . 2026 Aug;399(11):18227-18237. doi: 10.1007/s00210-026-05546-9. Epub 2026 Jun 8.
Authors
Liang Yan 1 , Huishan Cen 2 , Biqing Yi 1 , Yi Fang 3
Affiliations
Dupilumab is approved for the treatment of moderate-to-severe atopic dermatitis (AD) in children as young as 6 months, but real-world safety reporting in children aged 0-5 years remains limited.
We conducted a retrospective pharmacovigilance study using the US FDA Adverse Event Reporting System (FAERS) from Q1 2022 to Q3 2025 to characterize dupilumab-associated adverse events (AEs) in children aged 0-5 years with AD in which dupilumab was the primary suspect drug.
Disproportionality analysis at the System Organ Class (SOC) and Preferred Term (PT) levels were performed using reporting odds ratio (ROR), proportional reporting ratio (PRR), Bayesian confidence propagation neural network (BCPNN) and empirical Bayesian geometric mean (EBGM), following READUS-PV.
Time-to-onset (TTO) was described when valid dates were available. A total of 2,798 reports were identified (median age 3 years; 57.6% male), of which 187 (6.7%) were serious. At SOC level, skin and subcutaneous tissue disorders (n = 2,609; ROR 12.92) and eye disorders (n = 463; ROR 5.63) met predefined signal criteria across all four algorithms.
At PT level, high-frequency events included pruritus, dry skin, rash and eczema and medication-use issues such as incorrect dose and inappropriate schedule. High-disproportionality PTs included eyelid exfoliation, eyelid skin dryness, dry eye, ocular hyperaemia and skin-barrier-related PTs such as skin fissures and skin exfoliation.
For TTO, most skin and ocular PTs occurred < 30d after initiation. In children aged 0-5 years with AD, FAERS reports",,3043.08,results/parallel/q12_run1.json
parallel,q12,1,10,"Dupixent, INN-dupilumab",https://ec.europa.eu/health/documents/community-register/2019/20190801145601/anx_145601_en.pdf,ec.europa.eu,"_Adolescents_ The recommended dose of dupilumab for adolescent patients 12 to 17 years of age is specified in Table 1. **Table 1: Dose of dupilumab for subcutaneous administration in adolescent patients 12 years to 17 years of age with atopic dermatitis**
**Body Weight of**
**Patient**

...

_Body weight_ No dose adjustment for body weight is recommended for patients with asthma 12 years of age and older or in adults with atopic dermatitis (see section 5.2). For patients 12 to 17 years of age with atopic dermatitis, the recommended every other week dose is 200 mg (< 60 kg) or 300 mg (≥ 60 kg). _Paediatric patients_ The safety and efficacy of dupilumab in children with atopic dermatitis below the age of 12 years have not been established (see section 5.2). No data are available.

...

_Paediatric population_ The pharmacokinetics of dupilumab in paediatric patients (< 12 years of age) with atopic dermatitis has not been studied. For adolescents 12 to 17 years of age with atopic dermatitis receiving every other week dosing (Q2W) with either 200 mg (<60 kg) or 300 mg (≥60 kg), the mean ±SD steady state trough concentration of dupilumab was 54.5±27.0 mcg/ml. A total of 107 adolescents aged 12 to 17 years with asthma were enrolled in QUEST study.
Recommended dose in adults with atopic dermatitis In atopic dermatitis, the recommended first dose is 600 mg (two 300 mg injections), followed by 300 mg given every two weeks by subcutaneous injection. Recommended dose in adolescents with atopic dermatitis The recommended dose of Dupixent for adolescents (12 to 17 years of age) with atopic dermatitis is based on body weight:
Always use this medicine exactly as your doctor or pharmacist has told you. Check with your doctor or pharmacist if you are not sure. **How much Dupixent is given and for how long** Your doctor will decide how much Dupixent you need",2019-07-22,3043.08,results/parallel/q12_run1.json
parallel,q12,2,1,Dosing Information for the Indications DUPIXENT® (dupilumab) Treats,https://www.dupixenthcp.com/dam/jcr:362df6ef-1409-4e67-89f4-9f42d5aed059/dermatology-dupixent-dosing-card.pdf,www.dupixenthcp.com,"# DOSAGE & ADMINISTRATION
## APPROVED IN INDICATIONS DRIVEN IN PART BY TYPE 2 INFLAMMATION ¹ 9
ATOPIC DERMATITIS DUPIXENT is indicated for the treatment of adult and pediatric patients aged 6 months and older with moderate- to-severe atopic dermatitis (AD) whose disease is not adequately controlled with topical prescription therapies or when those therapies are not advisable. DUPIXENT can be used with or without topical corticosteroids.
ATOPIC DERMATITIS (AD)
One dosage regimen in adults 18+ YEARS
ADULTS (18+ YEARS) **ONE DOSAGE REGIMEN** **1**
600 mg 2 x 300 mg Initial loading dose:
300 mg Q2W 1 x 300 mg Followed by:
6 YEARS TO 17 YEARS
CHILDREN AND ADOLESCENTS (6 YEARS TO 17 YEARS) **WEIGHT-TIERED DOSAGE REGIMEN** **1,a**
≥60 kg 600 mg 2 x 300 mg
Initial loading dose:
300 mg Q2W 1 x 300 mg Followed by:
15 to <30 kg 600 mg 2 x 300 mg
Initial loading dose:

...

300 mg Q2W 1 x 300 mg One dosage regimen in adults 18+ YEARS No initial loading dose recommended
6 YEARS TO 17 YEARS
PEDIATRIC AND ADOLESCENT PATIENTS (6 YEARS TO 17 YEARS) WEIGHT-TIERED DOSING REGIMEN
No initial loading dose recommended
No initial loading dose recommended
15 to <30 kg
30 to <60 kg
300 mg Q4W 1 x 300 mg
200 mg Q2W 1 x 200 mg
No initial loading dose recommended ≥60 kg 300 mg Q2W 1 x 300 mg

...

ADVERSE REACTIONS: Most common adverse reactions are: • Atopic Dermatitis (incidence ≥1%): injection site reactions, conjunctivitis, blepharitis, oral herpes, keratitis, eye pruritus, other herpes simplex virus infection, dry eye, and eosinophilia. The safety profile in pediatric patients through Week 16 was similar to that of adults with AD.",2026-05-13,4107.74,results/parallel/q12_run2.json
parallel,q12,2,2,DUPIXENT® (dupilumab) Dosage for Uncontrolled Moderate-to-Severe Atopic Dermatitis,https://www.dupixenthcp.com/atopicdermatitis/dosage-administration,www.dupixenthcp.com,"# Dosage and Administration
## **Get the full
dosing regimen**
Email Dosing Regimen [PRINT DOSING REGIMEN](https://www.dupixenthcp.com/dam/jcr:362df6ef-1409-4e67-89f4-9f42d5aed059/dupixent-franchise-dosing-card.90719fa96ddf64b56c94d8b5b1a37fec.pdf)
**For supplemental injection training, visit our [Patient Video Injection Support page](https://www.dupixent.com/support-savings/injection-support-center)**
AD, atopic dermatitis; Q2W, once every 2 weeks; Q4W, once every 4 weeks.
a 5 kg is equal to 11 lb; 15 kg is equal to 33 lb;
30 kg is equal to 66 lb; 60 kg is equal to 132 lb.
Dupixent® (dupilumab) pre-filled pen and syringe 200mg or 300mg for ages 2 years and up

## **Consider before injecting**
+ In children 6 months to less than 12 years of age, DUPIXENT should be given by a caregiver
+ In children 12 years of age and older, it is recommended that DUPIXENT be administered by or under the
  supervision of an adult

...

## _DUPIXENT MyWay®_
In an open-label extension study, the long-term safety profile of DUPIXENT ± TCS in pediatric patients observed through Week 52 was consistent with that seen in adults with AD, with hand-foot-and-mouth disease and skin papilloma (incidence ≥2%) reported in patients 6 months to 5 years of age. These cases did not lead to study drug discontinuation.

...

**Atopic Dermatitis :** DUPIXENT is indicated for the treatment of adult and pediatric patients aged 6 months and older with moderate-to-severe atopic dermatitis (AD) whose disease is not adequately controlled with topical prescription therapies or when those therapies are not advisable. DUPIXENT can be used with or without topical corticosteroids.",,4107.74,results/parallel/q12_run2.json
parallel,q12,2,3,What is the recommended dupilumab dosing schedule for ...,https://www.droracle.ai/articles/912945/what-is-the-recommended-dupilumab-dosing-schedule-for-patients,www.droracle.ai,"Dupilumab Dosing for Atopic Dermatitis For patients ≥12 years or ≥40 kg with atopic dermatitis, administer dupilumab 600 mg loading dose (two 300 mg injections) followed by 300 mg every 2 weeks; for children 6-11 years, use weight-tiered dosing with loading doses followed by either 300 mg every 4 weeks (15 to <30 kg) or 200 mg every 2 weeks (30 to <60 kg). 1",,4107.74,results/parallel/q12_run2.json
parallel,q12,2,4,"Dupilumab Dosage Guide + Max Dose, Adjustments - Drugs.com",https://www.drugs.com/dosage/dupilumab.html,www.drugs.com,"# Dupilumab Dosage
## Usual Adult Dose for:
### Usual Pediatric Dose for:
* Atopic Dermatitis
* Asthma
* Eosinophilic Esophagitis

## Usual Adult Dose for Atopic Dermatitis
Initial dose: 600 mg subcutaneously once
Subsequent doses: 300 mg subcutaneously every other week
**Comments:**

...

**Use:** For the treatment of patients with moderate to severe atopic dermatitis whose disease is not adequately controlled with topical prescription therapies or when those therapies are not advisable

...

## Usual Pediatric Dose for Atopic Dermatitis
**6 months to 5 years:**
* Weight 5 to less than 15 kg: 200 mg subcutaneously every 4 weeks
* Weight 15 to less than 30 kg: 300 mg subcutaneously every 4 weeks
  **6 to 17 years:**
**Comments:**

...

* For patients 6 months to 5 years of age: No initial loading dose is recommended.
* For patients 6 to 17 years of age: The 400 or 600 mg initial loading dose should be administered as 2 injections (200 or 300 mg per injection, respectively) at different injection sites.
* This drug can be used with or without topical corticosteroids.",,4107.74,results/parallel/q12_run2.json
parallel,q12,2,5,How DUPIXENT® (dupilumab) is Taken: Eczema Dosing,https://www.dupixent.com/atopicdermatitis/why-dupixent/dosing,www.dupixent.com,"[Dupixent® (dupilumab) Injection (200 mg or 300 mg) logo](https://www.dupixent.com/atopicdermatitis/)
DUPIXENT is a prescription medicine used to treat adults and children 6 months of age and older with moderate-to-severe eczema (atopic dermatitis or AD) that is not well controlled with prescription therapies used on the skin (topical), or who cannot use topical therapies.

# What You Should Know
**It is not taken every day. DUPIXENT is taken only once or twice a month (based on age and weight).**
See dosing charts below

...

## DUPIXENT Dosing 101
| |Initial
Dose |Subsequent
Dosage |
| --- | --- | --- |
|Any
weight |**600 mg** (two 300-mg
injections)* |**300 mg** every 2 weeks |
*Administered into different injection sites.
Children and teens
(6-17 years)
| |Initial
Dose |Subsequent
Dosage |
| --- | --- | --- |
|132 lb
or more |**600 mg** (two 300-mg
injections)* |**300 mg** every 2 weeks |
|66 lb to
under
132 lb |**400 mg** (two 200-mg
injections)* |**200 mg** every 2 weeks |
|33 lb to
under
66 lb |**600 mg** (two 300-mg
injections)* |**300 mg** every 4 weeks |

...

| |Initial
Dose |Subsequent
Dosage |
| --- | --- | --- |
|33 lb to
under
66 lb |**300 mg** (one 300-mg
injection) |**300 mg** every 4 weeks |
|11 lb to
under
33 lb |**200 mg** (one 200-mg
injection) |**200 mg** every 4 weeks |

...

## **Indication**
DUPIXENT is a prescription medicine used to treat adults and children 6 months of age and older with moderate-to-severe eczema (atopic dermatitis or AD) that is not well controlled with prescription therapies used on the skin (topical), or who cannot use topical therapies. DUPIXENT can be used with or without topical corticosteroids. It is not known if DUPIXENT is safe and effective in children with AD under 6 months of age.",,4107.74,results/parallel/q12_run2.json
parallel,q12,2,6,Dupilumab (Dupixent) – Guidelines+ Monograph - Guideline Central,https://www.guidelinecentral.com/insights/aug-2026-dupixent-dupilumab-monograph/,www.guidelinecentral.com,"# Dupilumab (Dupixent) for Atopic Dermatitis, Asthma, & More – Guidelines+ Monograph
## **Medication Overview:**
| Indicated Condition | Indication | Age | Initial Approval Date |
| Eczema (atopic dermatitis) | For the treatment of adult and pediatric patients aged 6 months and older with moderate-to-severe AD whose disease is not adequately controlled with topical prescription therapies or when those therapies are not advisable.

...

* **Dosage in Adults:** Recommended dosage is an initial dose of 600 mg (two 300 mg injections), followed by 300 mg given every 2 weeks (Q2W).
* **Dosage in Pediatric Patients 6 Months to 5 Years of Age:** 5 to less than 15 kg: 200 mg (one 200 mg injection) every four weeks (Q4W); 15 to less than 30 kg: 300 mg (one 300 mg injection) every four weeks (Q4W). For pediatric patients 6 months to 5 years of age, no initial loading dose is recommended.

# Dupilumab (Dupixent) for Atopic Dermatitis, Asthma, & More – Guidelines+ Monograph
## **Medication Overview:**
### **Warnings and Precautions:**
#### **Dosage and Administration:**
For pediatric patients 6 years to 11 years old with asthma and co-morbid moderate-to-severe atopic dermatitis, follow the recommended dosage as per Table 2 which include initial loading dose.

...

* **Dosage in Adults:** Recommended dosage is an initial dose of 600 mg (two 300 mg injections), followed by 300 mg given every 2 weeks (Q2W).
* **Dosage in Pediatric Patients 2 Years to 5 Years of Age:** 5 to less than 15 kg: 200 mg (one 200 mg injection) every 4 weeks (Q4W); 15 to less than 30 kg: 300 mg (one 300 mg injection) every 4 weeks (Q4W). For pediatric patients 2 years to 5 years of age with CSU, no initial loading dose is recommended.
Section: Dupilumab (Dupixent) for Atopic Dermatitis, Asthma, & More – Guidelines+ Monograph > **Medication",,4107.74,results/parallel/q12_run2.json
parallel,q12,2,7,Guidelines of care for the management of atopic dermatitis ...,https://www.jaad.org/article/S0190-9622(23)02878-5/fulltext,www.jaad.org,"Wherever possible, use a light source that minimizes the potential for harm under the supervision of a qualified clinician. | Conditional | Low | 12-16 |  |  |  |
| Monoclonal antibodies (biologics) |  |  |  |  |  |  |
| 2.1 | Dupilumab | On-label | For adults with moderate to severe AD, we recommend dupilumab. | Strong | Moderate | ⁹ , 17-22 |
| 2.2 | Tralokinumab | On-label | For adults with moderate to severe AD, we recommend tralokinumab. | Strong | Moderate | ⁹ , 23-25 |

...

# Guidelines of care for the management of atopic dermatitis in adults with phototherapy and systemic therapies
## Methods
### Monoclonal antibodies (biologics)
Dupilumab at standard dosing (600 mg subcutaneously at initiation, then 300 mg every 2 weeks) is somewhat less efficacious than higher doses of those JAK inhibitors, with somewhat better efficacy than abrocitinib 100 mg daily and comparable efficacy to upadacitinib 15 mg daily.

...

Tralokinumab, a monoclonal antibody targeting interleukin-13, is the second biologic approved for AD. In multiple clinical trials, tralokinumab at standard dosing (600 mg at initiation followed by 300 mg every 2 weeks) significantly improved the signs and symptoms of AD as well as QOL.

...

### Janus kinase (JAK) inhibitors
| Medication | Dose | Notes |
| Dupilumab | 600 mg then 300 mg SC every 2 wk | Pediatric and adolescent dosing will differ. Please see the product package insert for details. |
| Tralokinumab | 600 mg then 300 mg SC every 2 wk | Dose reduction to 300 mg every 4 weeks may be considered after 16 weeks if an adequate response is achieved. |",2024-02-01,4107.74,results/parallel/q12_run2.json
parallel,q12,2,8,Full article: Successful dose reduction of dupilumab in pediatric patients with atopic dermatitis in daily practice: results from the BioDay registry,https://www.tandfonline.com/doi/full/10.1080/14712598.2026.2703825,www.tandfonline.com,"# Successful dose reduction of dupilumab in pediatric patients with atopic dermatitis in daily practice: results from the BioDay registry
## ABSTRACT
### Research design and methods
Pediatric patients (aged ≤16 years) treated with dupilumab were included. Patients with controlled AD were considered eligible for dose reduction.

...

### Results
Dose reduction was successful in 58 of 65 (89.2%) pediatric patients, with low and stable EASI and NRS pruritus scores.

...

## 3. Results
### 3.2. Outcomes after initiating (in)direct dose reduction
The longest dosing interval achieved in the direct dose reduction group was dupilumab 300 mg every 8 weeks (Q8W). Eighteen (27.7%) patients initiated dose reduction before 52 weeks of dupilumab treatment.

...

The mean dupilumab treatment duration at dose reduction baseline for the controlled disease, AEs and controlled disease, and administration problems and controlled disease group was 62.6 (SD 21.0) weeks, 35.3 (SD 18.3) weeks, and 54.3 (SD 27.8) weeks, respectively.

...

* van der Rijst LP, van Luijk CM, van der Kamp S, et al. Dupilumab-associated ocular surface disease in paediatric atopic dermatitis patients: results from the BioDay registry. Clin Exp Allergy . 2025;55(5):391–402.

...

* Spekhorst LS, Bakker D, Drylewicz J, et al. Patient-centered dupilumab dosing regimen leads to successful dose reduction in persistently controlled atopic dermatitis. Allergy . 2022;77(11):3398–3407.",2026-07-03,4107.74,results/parallel/q12_run2.json
parallel,q12,2,9,A real-world disproportionality analysis of dupilumab safety in children aged 0-5 years with atopic dermatitis,https://pubmed.ncbi.nlm.nih.gov/42257983,pubmed.ncbi.nlm.nih.gov,"A real-world disproportionality analysis of dupilumab safety in children aged 0-5 years with atopic dermatitis
Naunyn Schmiedebergs Arch Pharmacol . 2026 Aug;399(11):18227-18237. doi: 10.1007/s00210-026-05546-9. Epub 2026 Jun 8.
Authors
Liang Yan 1 , Huishan Cen 2 , Biqing Yi 1 , Yi Fang 3
Affiliations
Dupilumab is approved for the treatment of moderate-to-severe atopic dermatitis (AD) in children as young as 6 months, but real-world safety reporting in children aged 0-5 years remains limited.
We conducted a retrospective pharmacovigilance study using the US FDA Adverse Event Reporting System (FAERS) from Q1 2022 to Q3 2025 to characterize dupilumab-associated adverse events (AEs) in children aged 0-5 years with AD in which dupilumab was the primary suspect drug.
Disproportionality analysis at the System Organ Class (SOC) and Preferred Term (PT) levels were performed using reporting odds ratio (ROR), proportional reporting ratio (PRR), Bayesian confidence propagation neural network (BCPNN) and empirical Bayesian geometric mean (EBGM), following READUS-PV.
Time-to-onset (TTO) was described when valid dates were available. A total of 2,798 reports were identified (median age 3 years; 57.6% male), of which 187 (6.7%) were serious. At SOC level, skin and subcutaneous tissue disorders (n = 2,609; ROR 12.92) and eye disorders (n = 463; ROR 5.63) met predefined signal criteria across all four algorithms.
At PT level, high-frequency events included pruritus, dry skin, rash and eczema and medication-use issues such as incorrect dose and inappropriate schedule. High-disproportionality PTs included eyelid exfoliation, eyelid skin dryness, dry eye, ocular hyperaemia and skin-barrier-related PTs such as skin fissures and skin exfoliation.
For TTO, most skin and ocular PTs occurred < 30d after initiation. In",,4107.74,results/parallel/q12_run2.json
parallel,q12,2,10,"Dupixent, INN-dupilumab",https://ec.europa.eu/health/documents/community-register/2021/20210111150156/anx_150156_en.pdf,ec.europa.eu,"_Adolescents_ The recommended dose of dupilumab for adolescent patients 12 to 17 years of age is specified in Table 1. **Table 1: Dose of dupilumab for subcutaneous administration in adolescent patients 12 years to 17 years of age with atopic dermatitis**

...

_Clinical Response_ The efficacy results at week 16 for adolescent atopic dermatitis study are presented in Table 4.
51
**Table 4: Efficacy results of dupilumab in the adolescent atopic dermatitis study at Week 16 (FAS** )
**AD-1526(FAS)** **a**
**Placebo**
**Dupilumab**
**200 mg (<60 kg) and**

...

For both the 200 mg and 300 mg every other week doses, significant improvements in FEV1 (LS mean change from baseline at eek 12) were observed (0.36 L and 0.27 L, respectively). For the 200 mg every other week dose, patients had a reduction in the rate of severe exacerbations that was consistent with adults. Safety and efficacy in paediatric patients (< 12 years of age) with severe asthma have not been established. The adverse event profile in adolescents was generally similar to the adults.
The European Medicines Agency has deferred the obligation to submit the results of studies with dupilumab in one or more subset of the paediatric population in atopic dermatitis and asthma (see section 4.2 for information on paediatric use). **5.2 Pharmacokinetic properties**

...

The pharmacokinetics of dupilumab in paediatric patients (< 12 years of age) with atopic dermatitis has not been studied. For adolescents 12 to 17 years of age with atopic dermatitis receiving every other week dosing (Q2W) with either 200 mg (<60 kg) or 300 mg (≥60 kg), the mean ±SD steady state trough concentration of dupilumab was 54.5±27.0 mcg/ml. A total of 107 adolescents aged 12 to 17 years with asthma were enrolled in QUEST study.",2020-12-07,4107.74,results/parallel/q12_run2.json
parallel,q12,3,1,Dosing Information for the Indications DUPIXENT® (dupilumab) Treats,https://www.dupixenthcp.com/dam/jcr:362df6ef-1409-4e67-89f4-9f42d5aed059/dermatology-dupixent-dosing-card.pdf,www.dupixenthcp.com,"# DOSAGE & ADMINISTRATION
## APPROVED IN INDICATIONS DRIVEN IN PART BY TYPE 2 INFLAMMATION ¹ 9
ATOPIC DERMATITIS DUPIXENT is indicated for the treatment of adult and pediatric patients aged 6 months and older with moderate- to-severe atopic dermatitis (AD) whose disease is not adequately controlled with topical prescription therapies or when those therapies are not advisable. DUPIXENT can be used with or without topical corticosteroids.
ATOPIC DERMATITIS (AD)
One dosage regimen in adults 18+ YEARS
ADULTS (18+ YEARS) **ONE DOSAGE REGIMEN** **1**
600 mg 2 x 300 mg Initial loading dose:
300 mg Q2W 1 x 300 mg Followed by:
6 YEARS TO 17 YEARS
CHILDREN AND ADOLESCENTS (6 YEARS TO 17 YEARS) **WEIGHT-TIERED DOSAGE REGIMEN** **1,a**
≥60 kg 600 mg 2 x 300 mg
Initial loading dose:
300 mg Q2W 1 x 300 mg Followed by:
15 to <30 kg 600 mg 2 x 300 mg
Initial loading dose:

...

Q2W, once every 2 weeks; Q4W, once every 4 weeks.
ADULTS (18+ YEARS) **ONE DOSAGE REGIMEN**
HOW DUPIXENT IS SUPPLIED

...

300 mg Q2W 1 x 300 mg One dosage regimen in adults 18+ YEARS No initial loading dose recommended
6 YEARS TO 17 YEARS
PEDIATRIC AND ADOLESCENT PATIENTS (6 YEARS TO 17 YEARS) WEIGHT-TIERED DOSING REGIMEN
No initial loading dose recommended
No initial loading dose recommended
15 to <30 kg
30 to <60 kg
300 mg Q4W 1 x 300 mg
200 mg Q2W 1 x 200 mg
No initial loading dose recommended ≥60 kg 300 mg Q2W 1 x 300 mg

...

ADVERSE REACTIONS: Most common adverse reactions are: • Atopic Dermatitis (incidence ≥1%): injection site reactions, conjunctivitis, blepharitis, oral herpes, keratitis, eye pruritus, other herpes simplex virus infection, dry eye, and eosinophilia. The safety profile in pediatric patients through Week 16 was similar to that of adults with AD.",2026-05-13,7152.09,results/parallel/q12_run3.json
parallel,q12,3,2,DUPIXENT® (dupilumab) Dosage for Uncontrolled Moderate-to-Severe Atopic Dermatitis,https://www.dupixenthcp.com/atopicdermatitis/dosage-administration,www.dupixenthcp.com,"# Dosage and Administration
## **Get the full
dosing regimen**
Email Dosing Regimen [PRINT DOSING REGIMEN](https://www.dupixenthcp.com/dam/jcr:362df6ef-1409-4e67-89f4-9f42d5aed059/dupixent-franchise-dosing-card.90719fa96ddf64b56c94d8b5b1a37fec.pdf)
**For supplemental injection training, visit our [Patient Video Injection Support page](https://www.dupixent.com/support-savings/injection-support-center)**
AD, atopic dermatitis; Q2W, once every 2 weeks; Q4W, once every 4 weeks.
a 5 kg is equal to 11 lb; 15 kg is equal to 33 lb;
30 kg is equal to 66 lb; 60 kg is equal to 132 lb.
Dupixent® (dupilumab) pre-filled pen and syringe 200mg or 300mg for ages 2 years and up

## **Consider before injecting**
+ In children 6 months to less than 12 years of age, DUPIXENT should be given by a caregiver
+ In children 12 years of age and older, it is recommended that DUPIXENT be administered by or under the
  supervision of an adult

...

* **Atopic Dermatitis** (incidence ≥1%): injection site reactions, conjunctivitis, blepharitis, oral herpes, keratitis, eye pruritus, other herpes simplex virus infection, dry eye, and eosinophilia. The safety profile in pediatric patients through Week 16 was similar to that of adults with AD.

# Dosage and Administration
## _DUPIXENT MyWay®_
In an open-label extension study, the long-term safety profile of DUPIXENT ± TCS in pediatric patients observed through Week 52 was consistent with that seen in adults with AD, with hand-foot-and-mouth disease and skin papilloma (incidence ≥2%) reported in patients 6 months to 5 years of age. These cases did not lead to study drug discontinuation.

...

**Atopic Dermatitis :** DUPIXENT is indicated for the treatment of adult and pediatric patients aged 6 months and older with moderate-to-severe atopic dermatitis (AD) whose disease is not adequately controlled with topical prescription therapies or when those therapies are not advisable. DUPIXENT can be used with or without topical corticosteroids.",,7152.09,results/parallel/q12_run3.json
parallel,q12,3,3,What is the recommended dupilumab dosing schedule for ...,https://www.droracle.ai/articles/912945/what-is-the-recommended-dupilumab-dosing-schedule-for-patients,www.droracle.ai,"Dupilumab Dosing for Atopic Dermatitis For patients ≥12 years or ≥40 kg with atopic dermatitis, administer dupilumab 600 mg loading dose (two 300 mg injections) followed by 300 mg every 2 weeks; for children 6-11 years, use weight-tiered dosing with loading doses followed by either 300 mg every 4 weeks (15 to <30 kg) or 200 mg every 2 weeks (30 to <60 kg). 1",,7152.09,results/parallel/q12_run3.json
parallel,q12,3,4,"Dupilumab Dosage Guide + Max Dose, Adjustments - Drugs.com",https://www.drugs.com/dosage/dupilumab.html,www.drugs.com,"# Dupilumab Dosage
## Usual Adult Dose for:
### Usual Pediatric Dose for:
* Atopic Dermatitis
* Asthma
* Eosinophilic Esophagitis

## Usual Adult Dose for Atopic Dermatitis
Initial dose: 600 mg subcutaneously once
Subsequent doses: 300 mg subcutaneously every other week
**Comments:**

...

**Use:** For the treatment of patients with moderate to severe atopic dermatitis whose disease is not adequately controlled with topical prescription therapies or when those therapies are not advisable

...

## Usual Pediatric Dose for Atopic Dermatitis
**6 months to 5 years:**
* Weight 5 to less than 15 kg: 200 mg subcutaneously every 4 weeks
* Weight 15 to less than 30 kg: 300 mg subcutaneously every 4 weeks
  **6 to 17 years:**
**Comments:**
Section: Dupilumab Dosage > Usual Pediatric Dose for Atopic Dermatitis
* For patients 6 months to 5 years of age: No initial loading dose is recommended.
* For patients 6 to 17 years of age: The 400 or 600 mg initial loading dose should be administered as 2 injections (200 or 300 mg per injection, respectively) at different injection sites.
* This drug can be used with or without topical corticosteroids.

# Dupilumab Dosage
## Usual Pediatric Dose for Atopic Dermatitis
**Use:** For the treatment of patients with moderate to severe atopic dermatitis whose disease is not adequately controlled with topical prescription therapies or when those therapies are not advisable",,7152.09,results/parallel/q12_run3.json
parallel,q12,3,5,How DUPIXENT® (dupilumab) is Taken: Eczema Dosing,https://www.dupixent.com/atopicdermatitis/why-dupixent/dosing,www.dupixent.com,"[Dupixent® (dupilumab) Injection (200 mg or 300 mg) logo](https://www.dupixent.com/atopicdermatitis/)
DUPIXENT is a prescription medicine used to treat adults and children 6 months of age and older with moderate-to-severe eczema (atopic dermatitis or AD) that is not well controlled with prescription therapies used on the skin (topical), or who cannot use topical therapies.

# What You Should Know
**It is not taken every day. DUPIXENT is taken only once or twice a month (based on age and weight).**
See dosing charts below

...

## DUPIXENT Dosing 101
| |Initial
Dose |Subsequent
Dosage |
| --- | --- | --- |
|Any
weight |**600 mg** (two 300-mg
injections)* |**300 mg** every 2 weeks |
*Administered into different injection sites.
Children and teens
(6-17 years)
| |Initial
Dose |Subsequent
Dosage |
| --- | --- | --- |
|132 lb
or more |**600 mg** (two 300-mg
injections)* |**300 mg** every 2 weeks |
|66 lb to
under
132 lb |**400 mg** (two 200-mg
injections)* |**200 mg** every 2 weeks |
|33 lb to
under
66 lb |**600 mg** (two 300-mg
injections)* |**300 mg** every 4 weeks |

...

| |Initial
Dose |Subsequent
Dosage |
| --- | --- | --- |
|33 lb to
under
66 lb |**300 mg** (one 300-mg
injection) |**300 mg** every 4 weeks |
|11 lb to
under
33 lb |**200 mg** (one 200-mg
injection) |**200 mg** every 4 weeks |

...

## **Indication**
DUPIXENT is a prescription medicine used to treat adults and children 6 months of age and older with moderate-to-severe eczema (atopic dermatitis or AD) that is not well controlled with prescription therapies used on the skin (topical), or who cannot use topical therapies. DUPIXENT can be used with or without topical corticosteroids. It is not known if DUPIXENT is safe and effective in children with AD under 6 months of age.",,7152.09,results/parallel/q12_run3.json
parallel,q12,3,6,Dupilumab (Dupixent) – Guidelines+ Monograph - Guideline Central,https://www.guidelinecentral.com/insights/aug-2026-dupixent-dupilumab-monograph/,www.guidelinecentral.com,"# Dupilumab (Dupixent) for Atopic Dermatitis, Asthma, & More – Guidelines+ Monograph
## **Medication Overview:**
| Indicated Condition | Indication | Age | Initial Approval Date |
| Eczema (atopic dermatitis) | For the treatment of adult and pediatric patients aged 6 months and older with moderate-to-severe AD whose disease is not adequately controlled with topical prescription therapies or when those therapies are not advisable.

...

* **Dosage in Adults:** Recommended dosage is an initial dose of 600 mg (two 300 mg injections), followed by 300 mg given every 2 weeks (Q2W).
* **Dosage in Pediatric Patients 6 Months to 5 Years of Age:** 5 to less than 15 kg: 200 mg (one 200 mg injection) every four weeks (Q4W); 15 to less than 30 kg: 300 mg (one 300 mg injection) every four weeks (Q4W). For pediatric patients 6 months to 5 years of age, no initial loading dose is recommended.

# Dupilumab (Dupixent) for Atopic Dermatitis, Asthma, & More – Guidelines+ Monograph
## **Medication Overview:**
### **Warnings and Precautions:**
#### **Dosage and Administration:**
For pediatric patients 6 years to 11 years old with asthma and co-morbid moderate-to-severe atopic dermatitis, follow the recommended dosage as per Table 2 which include initial loading dose.

...

* **Dosage in Adults:** Recommended dosage is an initial dose of 600 mg (two 300 mg injections), followed by 300 mg given every 2 weeks (Q2W).
* **Dosage in Pediatric Patients 2 Years to 5 Years of Age:** 5 to less than 15 kg: 200 mg (one 200 mg injection) every 4 weeks (Q4W); 15 to less than 30 kg: 300 mg (one 300 mg injection) every 4 weeks (Q4W). For pediatric patients 2 years to 5 years of age with CSU, no initial loading dose is recommended.
Section: Dupilumab (Dupixent) for Atopic Dermatitis, Asthma, & More – Guidelines+ Monograph > **Medication Overview:** > **Warnings and Precautions:** > **Dosage and Administration:**
* **Dosage in Pediatric Patients 6 Years to 17 Years of Age:** 15 to less than 30 kg: 600 mg (two 300 mg injections),",,7152.09,results/parallel/q12_run3.json
parallel,q12,3,7,Full article: Successful dose reduction of dupilumab in pediatric patients with atopic dermatitis in daily practice: results from the BioDay registry,https://www.tandfonline.com/doi/full/10.1080/14712598.2026.2703825,www.tandfonline.com,"# Successful dose reduction of dupilumab in pediatric patients with atopic dermatitis in daily practice: results from the BioDay registry
## ABSTRACT
### Research design and methods
Pediatric patients (aged ≤16 years) treated with dupilumab were included. Patients with controlled AD were considered eligible for dose reduction.

...

### Results
Dose reduction was successful in 58 of 65 (89.2%) pediatric patients, with low and stable EASI and NRS pruritus scores.

...

## 3. Results
### 3.2. Outcomes after initiating (in)direct dose reduction
The longest dosing interval achieved in the direct dose reduction group was dupilumab 300 mg every 8 weeks (Q8W). Eighteen (27.7%) patients initiated dose reduction before 52 weeks of dupilumab treatment.

...

The mean dupilumab treatment duration at dose reduction baseline for the controlled disease, AEs and controlled disease, and administration problems and controlled disease group was 62.6 (SD 21.0) weeks, 35.3 (SD 18.3) weeks, and 54.3 (SD 27.8) weeks, respectively.

...

* van der Rijst LP, van Luijk CM, van der Kamp S, et al. Dupilumab-associated ocular surface disease in paediatric atopic dermatitis patients: results from the BioDay registry. Clin Exp Allergy . 2025;55(5):391–402.

...

* Spekhorst LS, Bakker D, Drylewicz J, et al. Patient-centered dupilumab dosing regimen leads to successful dose reduction in persistently controlled atopic dermatitis. Allergy . 2022;77(11):3398–3407.",2026-07-03,7152.09,results/parallel/q12_run3.json
parallel,q12,3,8,Guidelines of care for the management of atopic dermatitis ...,https://www.jaad.org/article/S0190-9622(23)02878-5/fulltext,www.jaad.org,"Wherever possible, use a light source that minimizes the potential for harm under the supervision of a qualified clinician. | Conditional | Low | 12-16 |  |  |  |
| Monoclonal antibodies (biologics) |  |  |  |  |  |  |
| 2.1 | Dupilumab | On-label | For adults with moderate to severe AD, we recommend dupilumab. | Strong | Moderate | ⁹ , 17-22 |
| 2.2 | Tralokinumab | On-label | For adults with moderate to severe AD, we recommend tralokinumab. | Strong | Moderate | ⁹ , 23-25 |

...

# Guidelines of care for the management of atopic dermatitis in adults with phototherapy and systemic therapies
## Methods
### Monoclonal antibodies (biologics)
Dupilumab at standard dosing (600 mg subcutaneously at initiation, then 300 mg every 2 weeks) is somewhat less efficacious than higher doses of those JAK inhibitors, with somewhat better efficacy than abrocitinib 100 mg daily and comparable efficacy to upadacitinib 15 mg daily.

...

Tralokinumab, a monoclonal antibody targeting interleukin-13, is the second biologic approved for AD. In multiple clinical trials, tralokinumab at standard dosing (600 mg at initiation followed by 300 mg every 2 weeks) significantly improved the signs and symptoms of AD as well as QOL.

...

### Janus kinase (JAK) inhibitors
| Medication | Dose | Notes |
| Dupilumab | 600 mg then 300 mg SC every 2 wk | Pediatric and adolescent dosing will differ. Please see the product package insert for details. |
| Tralokinumab | 600 mg then 300 mg SC every 2 wk | Dose reduction to 300 mg every 4 weeks may be considered after 16 weeks if an adequate response is achieved. |",2024-02-01,7152.09,results/parallel/q12_run3.json
parallel,q12,3,9,A real-world disproportionality analysis of dupilumab safety in children aged 0-5 years with atopic dermatitis,https://pubmed.ncbi.nlm.nih.gov/42257983,pubmed.ncbi.nlm.nih.gov,"A real-world disproportionality analysis of dupilumab safety in children aged 0-5 years with atopic dermatitis
Naunyn Schmiedebergs Arch Pharmacol . 2026 Aug;399(11):18227-18237. doi: 10.1007/s00210-026-05546-9. Epub 2026 Jun 8.
Authors
Liang Yan 1 , Huishan Cen 2 , Biqing Yi 1 , Yi Fang 3
Affiliations
Dupilumab is approved for the treatment of moderate-to-severe atopic dermatitis (AD) in children as young as 6 months, but real-world safety reporting in children aged 0-5 years remains limited.
We conducted a retrospective pharmacovigilance study using the US FDA Adverse Event Reporting System (FAERS) from Q1 2022 to Q3 2025 to characterize dupilumab-associated adverse events (AEs) in children aged 0-5 years with AD in which dupilumab was the primary suspect drug.
Disproportionality analysis at the System Organ Class (SOC) and Preferred Term (PT) levels were performed using reporting odds ratio (ROR), proportional reporting ratio (PRR), Bayesian confidence propagation neural network (BCPNN) and empirical Bayesian geometric mean (EBGM), following READUS-PV.
Time-to-onset (TTO) was described when valid dates were available. A total of 2,798 reports were identified (median age 3 years; 57.6% male), of which 187 (6.7%) were serious. At SOC level, skin and subcutaneous tissue disorders (n = 2,609; ROR 12.92) and eye disorders (n = 463; ROR 5.63) met predefined signal criteria across all four algorithms.
At PT level, high-frequency events included pruritus, dry skin, rash and eczema and medication-use issues such as incorrect dose and inappropriate schedule. High-disproportionality PTs included eyelid exfoliation, eyelid skin dryness, dry eye, ocular hyperaemia and skin-barrier-related PTs such as skin fissures and skin exfoliation.
For TTO, most skin and ocular PTs occurred < 30d after initiation. In children aged 0-5 years with AD, FAERS reports suggest early-onset cutaneous and ocular adverse events after dupilumab. No SOC-level disproportionality signal was detected for infections and",,7152.09,results/parallel/q12_run3.json
parallel,q12,3,10,"Long-Term Effectiveness, Safety, and Survival of Dupilumab in Pediatric Atopic Dermatitis - PubMed",https://pubmed.ncbi.nlm.nih.gov/42747813,pubmed.ncbi.nlm.nih.gov,"# Long-Term Effectiveness, Safety, and Survival of Dupilumab in Pediatric Atopic Dermatitis
## Abstract
**Design, setting, and participants:** This multicenter, prospective cohort study (BioDay Registry) was conducted across 4 academic and 3 nonacademic hospitals in the Netherlands from November 2019 to October 2025 and included pediatric patients (≤16 years) with moderate to severe AD who initiated treatment with dupilumab. Data were analyzed from September 2025 to January 2026.
**Exposure(s):** Dupilumab was administered at the label-recommended dose. Dose reduction was initiated if clinically indicated.",2026-09-16,7152.09,results/parallel/q12_run3.json
